0	file:/data/Documents/UNAM/titulacion/codigo/analisis3/tema3/textos_a_id/2019_0789216.txt	0.10666272422629608	1.9712201852946975E-5	1.9712201852946975E-5	1.9712201852946975E-5	1.9712201852946975E-5	0.00534200670214863	6.110782574413562E-4	1.9712201852946975E-5	1.9712201852946975E-5	0.130120244431303	0.04890597279716144	1.9712201852946975E-5	1.9712201852946975E-5	0.003173664498324463	0.13425980682042185	1.9712201852946975E-5	0.35030553912872064	1.9712201852946975E-5	1.9712201852946975E-5	1.9712201852946975E-5	0.024857086536566132	0.09779223339246994	1.9712201852946975E-5	1.9712201852946975E-5	0.002188054405677114	0.03412182140745121	1.9712201852946975E-5	4.1395623891188647E-4	1.9712201852946975E-5	2.1683422038241672E-4	1.9712201852946975E-5	1.9712201852946975E-5	1.9712201852946975E-5	0.001990932387147644	1.9712201852946975E-5	1.9712201852946975E-5	1.9712201852946975E-5	1.9712201852946975E-5	1.9712201852946975E-5	1.9712201852946975E-5	1.9712201852946975E-5	1.9712201852946975E-5	1.9712201852946975E-5	0.05186280307510349	1.9712201852946975E-5	2.1683422038241672E-4	0.006327616794795979	1.9712201852946975E-5	1.9712201852946975E-5	1.9712201852946975E-5
1	file:/data/Documents/UNAM/titulacion/codigo/analisis3/tema3/textos_a_id/2006_0611233.txt	0.03036311514572384	2.3889154323936935E-5	2.3889154323936935E-5	2.3889154323936935E-5	2.3889154323936935E-5	2.3889154323936935E-5	0.029407548972766363	0.05162446249402771	2.3889154323936935E-5	0.13475871954132823	0.14646440516005735	2.3889154323936935E-5	2.3889154323936935E-5	0.12735308170090778	2.3889154323936935E-5	2.3889154323936935E-5	0.01292403248924988	2.3889154323936935E-5	0.06548017200191114	2.3889154323936935E-5	0.12376970855231725	0.06643573817486861	2.3889154323936935E-5	2.3889154323936935E-5	2.3889154323936935E-5	0.015074056378404204	2.3889154323936935E-5	2.3889154323936935E-5	2.3889154323936935E-5	2.3889154323936935E-5	2.3889154323936935E-5	2.3889154323936935E-5	2.3889154323936935E-5	2.3889154323936935E-5	2.3889154323936935E-5	2.3889154323936935E-5	0.027496416626851407	2.3889154323936935E-5	2.3889154323936935E-5	0.0016961299569995222	2.3889154323936935E-5	0.003129479216435738	2.3889154323936935E-5	2.3889154323936935E-5	2.3889154323936935E-5	0.16294792164357383	2.3889154323936935E-5	2.3889154323936935E-5	2.6278069756330627E-4	2.3889154323936935E-5
2	file:/data/Documents/UNAM/titulacion/codigo/analisis3/tema3/textos_a_id/2016_0744640.txt	0.14565441783649874	1.032204789430223E-5	9.393063583815029E-4	0.0034165978530140383	1.032204789430223E-5	1.032204789430223E-5	0.06782617671345996	1.032204789430223E-5	1.032204789430223E-5	0.07030346820809248	0.22017960363336084	1.032204789430223E-5	1.032204789430223E-5	0.012706440957886044	0.0031069364161849713	1.032204789430223E-5	1.032204789430223E-5	1.032204789430223E-5	0.015286952931461602	0.008887283236994219	0.05409785301403799	0.08754128819157721	1.032204789430223E-5	1.032204789430223E-5	3.199834847233691E-4	0.011261354252683731	1.032204789430223E-5	1.1354252683732453E-4	1.032204789430223E-5	0.0027972749793559043	0.00259083402146986	0.005377786952931462	1.032204789430223E-5	1.032204789430223E-5	6.29644921552436E-4	5.264244426094137E-4	1.032204789430223E-5	1.032204789430223E-5	1.1354252683732453E-4	0.002694054500412882	1.032204789430223E-5	0.027363748967795212	1.032204789430223E-5	1.032204789430223E-5	1.032204789430223E-5	0.25589388934764656	1.032204789430223E-5	1.1354252683732453E-4	1.032204789430223E-5	1.032204789430223E-5
3	file:/data/Documents/UNAM/titulacion/codigo/analisis3/tema3/textos_a_id/2016_0743832.txt	1.4345144168698896E-5	0.002883373977908478	0.005178597044900301	1.4345144168698896E-5	0.0041744369530913785	1.4345144168698896E-5	7.316023526036436E-4	0.23039736049347295	1.4345144168698896E-5	0.1248170994118491	8.750537942906326E-4	1.4345144168698896E-5	1.4345144168698896E-5	1.4345144168698896E-5	1.4345144168698896E-5	1.4345144168698896E-5	1.4345144168698896E-5	1.4345144168698896E-5	1.4345144168698896E-5	1.4345144168698896E-5	0.029421890690001434	0.08092095825563048	1.4345144168698896E-5	1.4345144168698896E-5	1.4345144168698896E-5	0.06557165399512266	1.4345144168698896E-5	1.4345144168698896E-5	1.4345144168698896E-5	1.4345144168698896E-5	1.4345144168698896E-5	4.4469946922966576E-4	1.4345144168698896E-5	1.4345144168698896E-5	1.5779658585568786E-4	0.0017357624444125663	1.4345144168698896E-5	1.4345144168698896E-5	1.4345144168698896E-5	1.4345144168698896E-5	1.4345144168698896E-5	1.4345144168698896E-5	1.4345144168698896E-5	1.4345144168698896E-5	5.881509109166547E-4	3.012480275426768E-4	0.4493042605078181	1.4345144168698896E-5	0.0020226653277865443	1.4345144168698896E-5
4	file:/data/Documents/UNAM/titulacion/codigo/analisis3/tema3/textos_a_id/2022_0831982.txt	0.06442332173470254	0.008070949673258084	8.486803021301875E-6	0.005100568615802427	8.486803021301875E-6	8.486803021301875E-6	0.018764321480098448	8.486803021301875E-6	8.486803021301875E-6	0.029118221166086738	0.07927522702198082	0.023347195111601462	8.486803021301875E-6	0.07257065263515235	0.026147840108631082	8.486803021301875E-6	9.335483323432064E-5	0.3134261223796996	0.0022150555885597895	0.017745905117542222	0.14861240770601714	0.057039803106169906	8.486803021301875E-6	0.003233471951116015	6.025630145124331E-4	0.029966901468216924	8.486803021301875E-6	0.0033183399813290337	5.176949842994144E-4	1.782228634473394E-4	5.176949842994144E-4	0.05780361537808708	0.005779512857506577	6.874310447254519E-4	8.486803021301875E-6	2.630908936603582E-4	8.486803021301875E-6	1.782228634473394E-4	6.025630145124331E-4	9.335483323432064E-5	8.486803021301875E-6	0.01800050920818128	8.486803021301875E-6	8.486803021301875E-6	0.0011117711957905456	0.0036578121021811085	8.486803021301875E-6	0.0035729440719680897	8.486803021301875E-6	0.003827548162607146
5	file:/data/Documents/UNAM/titulacion/codigo/analisis3/tema3/textos_a_id/2019_0795030.txt	0.050689297952028055	7.96876245119133E-6	4.064068850107578E-4	7.96876245119133E-6	8.765638696310464E-5	7.96876245119133E-6	0.06901745158976812	7.96876245119133E-6	7.96876245119133E-6	0.03714240178500279	0.11364252131643955	7.96876245119133E-6	0.006064228225356602	0.03610646266634792	0.009968921826440354	0.009251733205833133	7.96876245119133E-6	7.96876245119133E-6	0.20217547214917522	0.0018407841262251974	0.009809546577416527	0.11890190453422583	7.96876245119133E-6	0.2710255797274683	7.96876245119133E-6	0.009012670332297393	7.96876245119133E-6	7.96876245119133E-6	7.96876245119133E-6	7.96876245119133E-6	0.012678301059845406	7.96876245119133E-6	7.96876245119133E-6	7.96876245119133E-6	8.845326320822376E-4	7.96876245119133E-6	0.0012829707546418042	8.765638696310464E-5	7.96876245119133E-6	7.96876245119133E-6	8.845326320822376E-4	0.036345525539883655	7.96876245119133E-6	7.96876245119133E-6	7.96876245119133E-6	7.96876245119133E-6	4.860945095226711E-4	0.0012032831301298909	8.048450075703242E-4	7.96876245119133E-6
6	file:/data/Documents/UNAM/titulacion/codigo/analisis3/tema3/textos_a_id/2017_0766420.txt	0.016122169882996504	1.6714784987084032E-4	9.269108038292052E-4	1.51952590791673E-5	1.51952590791673E-5	0.016578027655371523	0.04803221394924784	0.0018386263485792433	1.51952590791673E-5	0.06687433520741529	0.1101808235830421	1.51952590791673E-5	0.0027503418933292815	0.03405257559641392	0.11443549612520894	0.005333535936787722	0.005789393709162742	0.24830572861267283	0.007308919617079471	1.51952590791673E-5	1.51952590791673E-5	0.24222762498100592	1.51952590791673E-5	1.51952590791673E-5	1.51952590791673E-5	0.015210454338246466	1.51952590791673E-5	1.51952590791673E-5	0.0015347211669958973	0.0010788633946208783	0.027214709010788634	1.6714784987084032E-4	1.51952590791673E-5	1.51952590791673E-5	1.51952590791673E-5	1.51952590791673E-5	4.710530314541863E-4	1.51952590791673E-5	0.004877678164412704	1.51952590791673E-5	0.016274122473788177	0.004421820392037684	1.51952590791673E-5	1.51952590791673E-5	0.0019905789393709163	1.51952590791673E-5	1.51952590791673E-5	1.51952590791673E-5	1.51952590791673E-5	0.005485488527579395
7	file:/data/Documents/UNAM/titulacion/codigo/analisis3/tema3/textos_a_id/2006_0612262.txt	0.009892850544984297	9.237021984112323E-6	0.0038887862553112877	9.237021984112323E-6	9.237021984112323E-6	9.237021984112323E-6	0.06291335673378903	9.237021984112323E-6	9.237021984112323E-6	0.14170515425826713	0.05145944947348975	4.710881211897284E-4	9.237021984112323E-6	0.013864769998152594	0.049242564197302795	9.237021984112323E-6	9.237021984112323E-6	9.237021984112323E-6	9.237021984112323E-6	9.237021984112323E-6	9.237021984112323E-6	0.16923147977092184	9.237021984112323E-6	9.237021984112323E-6	9.237021984112323E-6	9.237021984112323E-6	9.237021984112323E-6	9.237021984112323E-6	9.237021984112323E-6	9.237021984112323E-6	9.237021984112323E-6	0.45142250138555334	1.9397746166635878E-4	9.237021984112323E-6	9.237021984112323E-6	9.237021984112323E-6	9.237021984112323E-6	2.86347681507482E-4	9.237021984112323E-6	9.237021984112323E-6	9.237021984112323E-6	0.04222242748937743	1.9397746166635878E-4	0.002318492518012193	1.9397746166635878E-4	9.237021984112323E-6	9.237021984112323E-6	9.237021984112323E-6	1.9397746166635878E-4	9.237021984112323E-6
8	file:/data/Documents/UNAM/titulacion/codigo/analisis3/tema3/textos_a_id/2018_0782945.txt	0.0678134110787172	2.5822573927530195E-4	8.329862557267805E-6	8.329862557267805E-6	8.329862557267805E-6	0.01575177009579342	0.11121199500208245	0.0010079133694294044	8.329862557267805E-6	0.09163681799250312	0.1588588088296543	8.329862557267805E-6	8.329862557267805E-6	0.00758850478967097	0.021832569762598918	0.009920866305705956	0.060316534777176176	8.329862557267805E-6	0.08005830903790087	0.0012578092461474385	0.011087047063723448	0.10529779258642231	8.329862557267805E-6	8.329862557267805E-6	8.329862557267805E-6	0.008504789670970429	8.329862557267805E-6	9.162848812994586E-5	8.329862557267805E-6	0.0013411078717201167	8.329862557267805E-6	0.0025072886297376096	8.329862557267805E-6	1.749271137026239E-4	0.23574344023323615	8.329862557267805E-6	0.003923365264473136	8.329862557267805E-6	8.329862557267805E-6	8.329862557267805E-6	0.0030070803831736778	2.5822573927530195E-4	8.329862557267805E-6	8.329862557267805E-6	8.329862557267805E-6	9.162848812994586E-5	2.5822573927530195E-4	8.329862557267805E-6	8.329862557267805E-6	8.329862557267805E-6
9	file:/data/Documents/UNAM/titulacion/codigo/analisis3/tema3/textos_a_id/2014_0720791.txt	0.013577366195129064	1.4583637159107482E-5	1.4583637159107482E-5	1.4583637159107482E-5	0.0032229838121627537	0.0022021292110252296	0.03997374945311361	1.4583637159107482E-5	1.4583637159107482E-5	0.071911914831559	0.11960040834184046	1.4583637159107482E-5	0.014598220796266588	0.01766078459967916	1.4583637159107482E-5	0.004681347528073501	0.021160857517864954	3.062563803412571E-4	1.4583637159107482E-5	0.0035146565553449034	0.02582762140877935	0.09028729765203442	0.47733702785474696	1.4583637159107482E-5	0.0022021292110252296	0.014452384424675514	3.062563803412571E-4	1.4583637159107482E-5	0.006577220358757474	1.4583637159107482E-5	1.4583637159107482E-5	1.604200087501823E-4	0.0032229838121627537	0.00191045646784308	0.004827183899664577	1.4583637159107482E-5	0.0030771474405716787	0.0038063292985270527	0.0058480385008021	0.0032229838121627537	1.604200087501823E-4	0.007889747703077148	1.4583637159107482E-5	0.01926498468718098	1.4583637159107482E-5	1.604200087501823E-4	1.4583637159107482E-5	0.01678576637013271	1.4583637159107482E-5	1.4583637159107482E-5
10	file:/data/Documents/UNAM/titulacion/codigo/analisis3/tema3/textos_a_id/2021_0810622.txt	0.019391590321822878	7.16466995536763E-4	0.01434108527131783	0.008938219403335682	3.6410617805966646E-4	3.6410617805966646E-4	0.053688043222926946	1.1745360582569886E-5	1.1745360582569886E-5	0.16421188630490954	0.02150575522668546	0.16280244303500116	4.8155978388536526E-4	0.03642236316654922	0.024794456189805025	3.6410617805966646E-4	1.1745360582569886E-5	1.1745360582569886E-5	1.1745360582569886E-5	0.0025957246887479447	0.010582569884895466	0.159748649283533	1.1745360582569886E-5	1.1745360582569886E-5	0.08751468170072821	0.0171599718111346	1.1745360582569886E-5	1.1745360582569886E-5	1.1745360582569886E-5	1.1745360582569886E-5	1.1745360582569886E-5	0.15739957716701902	0.002360817477096547	1.1745360582569886E-5	2.466525722339676E-4	1.1745360582569886E-5	1.1745360582569886E-5	3.6410617805966646E-4	1.2919896640826875E-4	0.01422363166549213	1.1745360582569886E-5	0.035130373502466526	2.466525722339676E-4	1.1745360582569886E-5	1.1745360582569886E-5	1.1745360582569886E-5	1.1745360582569886E-5	1.1745360582569886E-5	1.1745360582569886E-5	0.003652807141179234
11	file:/data/Documents/UNAM/titulacion/codigo/analisis3/tema3/textos_a_id/2021_0810916.txt	0.03006331785563529	8.442380751371888E-6	8.442380751371888E-6	8.442380751371888E-6	8.442380751371888E-6	8.442380751371888E-6	0.08181511186154496	8.442380751371888E-6	8.442380751371888E-6	0.10536935415787252	0.1165132967496834	6.838328408611228E-4	8.442380751371888E-6	0.00313212325875897	0.03276487969607429	8.442380751371888E-6	8.442380751371888E-6	0.40811312790206844	0.0028788518362178137	7.682566483748417E-4	0.012503165892781764	0.13761924862811312	8.442380751371888E-6	8.442380751371888E-6	8.442380751371888E-6	8.442380751371888E-6	8.442380751371888E-6	6.838328408611228E-4	4.305614183199662E-4	8.442380751371888E-6	8.442380751371888E-6	0.04762346981848881	0.0038075137188687213	8.442380751371888E-6	8.442380751371888E-6	8.442380751371888E-6	8.442380751371888E-6	1.7728999577880963E-4	8.442380751371888E-6	8.442380751371888E-6	8.442380751371888E-6	0.011152384972562263	8.442380751371888E-6	8.442380751371888E-6	8.442380751371888E-6	8.442380751371888E-6	8.442380751371888E-6	0.0036386661038412833	8.442380751371888E-6	8.442380751371888E-6
12	file:/data/Documents/UNAM/titulacion/codigo/analisis3/tema3/textos_a_id/2011_0673859.txt	0.003094275097826444	3.2882838446614715E-6	3.2882838446614715E-6	3.2882838446614715E-6	3.2882838446614715E-6	3.2882838446614715E-6	0.06185590740192693	3.2882838446614715E-6	3.2882838446614715E-6	0.12449771464272796	0.03624017625201407	5.622965374371116E-4	3.2882838446614715E-6	0.023152806550261418	0.09875045213902864	3.2882838446614715E-6	0.012301469862878564	9.568905987964882E-4	3.2882838446614715E-6	3.2882838446614715E-6	0.003916346058991812	0.12956167176350664	3.2882838446614715E-6	1.0193679918450561E-4	3.2882838446614715E-6	8.58242083456644E-4	3.2882838446614715E-6	3.2882838446614715E-6	3.617112229127619E-5	3.2882838446614715E-6	3.2882838446614715E-6	0.06343428364736443	7.924764065634146E-4	3.2882838446614715E-6	3.2882838446614715E-6	6.90539607378909E-5	3.2882838446614715E-6	1.6770247607773503E-4	0.001976258590641544	1.6770247607773503E-4	1.3481963763112032E-4	0.008651474795304332	3.2882838446614715E-6	3.617112229127619E-5	3.2882838446614715E-6	3.2882838446614715E-6	3.2882838446614715E-6	0.0035217519976324355	3.2882838446614715E-6	0.425079740883233
13	file:/data/Documents/UNAM/titulacion/codigo/analisis3/tema3/textos_a_id/2013_0694570.txt	0.040794078061911175	1.3458950201884254E-5	1.3458950201884254E-5	1.3458950201884254E-5	1.3458950201884254E-5	1.3458950201884254E-5	0.11104979811574697	2.8263795423956933E-4	1.3458950201884254E-5	0.16057873485868102	0.0421399730820996	0.0023014804845222074	4.1722745625841185E-4	0.001224764468371467	0.11481830417227457	1.3458950201884254E-5	0.009703903095558545	0.30351278600269177	0.017644683714670255	1.4804845222072678E-4	0.00405114401076716	0.08574697173620457	1.3458950201884254E-5	1.3458950201884254E-5	1.3458950201884254E-5	0.0036473755047106327	6.864064602960969E-4	0.0025706594885598925	1.3458950201884254E-5	0.0014939434724091521	4.1722745625841185E-4	0.08278600269179004	1.3458950201884254E-5	1.3458950201884254E-5	1.3458950201884254E-5	1.3458950201884254E-5	1.3458950201884254E-5	1.3458950201884254E-5	1.3458950201884254E-5	1.3458950201884254E-5	0.0018977119784656796	0.011588156123822342	1.3458950201884254E-5	1.3458950201884254E-5	1.3458950201884254E-5	1.3458950201884254E-5	1.4804845222072678E-4	1.3458950201884254E-5	1.3458950201884254E-5	1.3458950201884254E-5
14	file:/data/Documents/UNAM/titulacion/codigo/analisis3/tema3/textos_a_id/2008_0719552.txt	0.06128298453139218	1.5165301789505612E-5	0.2570670306339096	1.5165301789505612E-5	1.5165301789505612E-5	1.6681831968456173E-4	0.04626933575978162	0.11284501061571126	1.5165301789505612E-5	0.11360327570518654	4.7012435547467393E-4	6.2177737336973E-4	6.2177737336973E-4	1.5165301789505612E-5	0.0035031847133757963	1.5165301789505612E-5	1.5165301789505612E-5	1.5165301789505612E-5	1.5165301789505612E-5	7.734303912647862E-4	0.013512283894449499	0.061737943585077344	1.5165301789505612E-5	1.5165301789505612E-5	3.1847133757961787E-4	0.007901122232332424	9.250834091598422E-4	1.5165301789505612E-5	1.5165301789505612E-5	1.5165301789505612E-5	1.5165301789505612E-5	1.5165301789505612E-5	1.5165301789505612E-5	1.5165301789505612E-5	1.5165301789505612E-5	1.5165301789505612E-5	1.5165301789505612E-5	1.5165301789505612E-5	1.5165301789505612E-5	1.5165301789505612E-5	1.5165301789505612E-5	1.5165301789505612E-5	1.5165301789505612E-5	1.5165301789505612E-5	3.1847133757961787E-4	1.5165301789505612E-5	0.3171216257203518	1.6681831968456173E-4	3.1847133757961787E-4	1.5165301789505612E-5
15	file:/data/Documents/UNAM/titulacion/codigo/analisis3/tema3/textos_a_id/2014_0723631.txt	0.03224262551279547	9.767532721234616E-6	0.0035260793123656963	9.767532721234616E-6	9.767532721234616E-6	0.004795858566126196	0.00469818323891385	9.767532721234616E-6	9.767532721234616E-6	0.15042977143973432	0.10315491306895877	0.3113010353584684	9.767532721234616E-6	9.767532721234616E-6	0.018861105684704043	9.767532721234616E-6	9.767532721234616E-6	9.767532721234616E-6	0.0037214299667903887	3.027935143582731E-4	0.09954092596210197	0.07990818519242039	9.767532721234616E-6	0.0021586247313928504	9.767532721234616E-6	0.008605196327407695	9.767532721234616E-6	9.767532721234616E-6	9.767532721234616E-6	6.934948232076578E-4	9.767532721234616E-6	0.12024809533111935	8.8884547763235E-4	9.767532721234616E-6	9.767532721234616E-6	7.911701504200038E-4	1.0744285993358078E-4	9.767532721234616E-6	9.767532721234616E-6	9.767532721234616E-6	4.981441687829654E-4	0.004014455948427427	9.767532721234616E-6	9.767532721234616E-6	9.767532721234616E-6	0.04708927524907209	9.767532721234616E-6	9.767532721234616E-6	9.767532721234616E-6	0.0021586247313928504
16	file:/data/Documents/UNAM/titulacion/codigo/analisis3/tema3/textos_a_id/2010_0654778.txt	0.07522051996285979	1.1606313834726092E-5	1.1606313834726092E-5	1.1606313834726092E-5	1.1606313834726092E-5	0.01858170844939647	0.022876044568245126	1.1606313834726092E-5	1.1606313834726092E-5	0.03854456824512535	0.22668291550603528	1.1606313834726092E-5	1.1606313834726092E-5	0.004886258124419685	0.021483286908077995	1.2766945218198702E-4	1.1606313834726092E-5	1.1606313834726092E-5	0.026706128133704734	0.012778551532033425	0.055141597028783663	0.10226323119777159	1.1606313834726092E-5	0.006511142061281337	1.1606313834726092E-5	1.1606313834726092E-5	1.2766945218198702E-4	1.1606313834726092E-5	2.4373259052924793E-4	1.1606313834726092E-5	1.1606313834726092E-5	1.1606313834726092E-5	1.1606313834726092E-5	8.240482822655524E-4	0.3700208913649025	2.4373259052924793E-4	0.0047701949860724235	1.1606313834726092E-5	1.1606313834726092E-5	1.1606313834726092E-5	1.1606313834726092E-5	0.007091457753017642	1.1606313834726092E-5	1.1606313834726092E-5	1.1606313834726092E-5	1.1606313834726092E-5	1.1606313834726092E-5	1.1606313834726092E-5	1.1606313834726092E-5	0.004538068709377902
17	file:/data/Documents/UNAM/titulacion/codigo/analisis3/tema3/textos_a_id/2019_0789215.txt	0.16794786651170512	8.301510874979247E-6	0.0032458907521168852	0.07098621949194754	8.301510874979247E-6	0.0059023742321102435	0.037780175992030554	8.301510874979247E-6	8.301510874979247E-6	0.15092976921799767	0.04583264154076042	0.16994022912170015	0.0012535281421218662	8.301510874979247E-6	0.03338037522829155	0.003494936078366263	0.016362277934584092	8.301510874979247E-6	0.047991034368255026	0.010053129669599866	0.09605678233438485	0.09506060102938733	8.301510874979247E-6	8.301510874979247E-6	3.4036194587414904E-4	0.017690519674580775	8.301510874979247E-6	8.301510874979247E-6	8.301510874979247E-6	8.301510874979247E-6	5.06392163373734E-4	5.06392163373734E-4	8.301510874979247E-6	6.724223808733189E-4	8.301510874979247E-6	0.004906192927112735	0.010966295865847584	8.301510874979247E-6	9.131661962477172E-5	8.301510874979247E-6	0.0012535281421218662	8.301510874979247E-6	8.301510874979247E-6	8.301510874979247E-6	9.131661962477172E-5	8.301510874979247E-6	0.006566495102108583	8.301510874979247E-6	8.301510874979247E-6	8.301510874979247E-6
18	file:/data/Documents/UNAM/titulacion/codigo/analisis3/tema3/textos_a_id/2017_0756438.txt	0.06751584879079596	1.1739845034045551E-5	1.1739845034045551E-5	1.1739845034045551E-5	1.1739845034045551E-5	0.32450105658605305	0.034761681145808875	1.1739845034045551E-5	1.1739845034045551E-5	0.10050481333646397	0.17176567269312043	0.003768490255928622	1.1739845034045551E-5	0.008347029819206386	0.021143460906316035	1.1739845034045551E-5	0.040514205212491196	9.509274477576896E-4	1.1739845034045551E-5	1.1739845034045551E-5	0.023491429913125146	0.14722939657196524	1.1739845034045551E-5	1.1739845034045551E-5	1.1739845034045551E-5	1.1739845034045551E-5	1.1739845034045551E-5	1.1739845034045551E-5	1.1739845034045551E-5	1.1739845034045551E-5	0.003064099553885889	0.01163418642873914	1.1739845034045551E-5	1.1739845034045551E-5	1.1739845034045551E-5	1.1739845034045551E-5	1.1739845034045551E-5	1.1739845034045551E-5	0.0016553181498004225	8.33528997417234E-4	0.005412068560694999	0.01269077248180324	0.008934022070908664	1.1739845034045551E-5	1.2913829537450106E-4	0.010812397276355952	1.1739845034045551E-5	1.1739845034045551E-5	1.1739845034045551E-5	1.1739845034045551E-5
19	file:/data/Documents/UNAM/titulacion/codigo/analisis3/tema3/textos_a_id/2010_0656172.txt	0.029773601025202902	1.4238929232521716E-5	1.4238929232521716E-5	1.4238929232521716E-5	1.4238929232521716E-5	1.4238929232521716E-5	0.19608429446105652	1.4238929232521716E-5	1.4238929232521716E-5	0.11378328349708103	0.11563434429730884	1.4238929232521716E-5	2.99017513882956E-4	0.03247899757938203	0.00855759646874555	1.4238929232521716E-5	0.058678627367221986	0.0018652997294603445	0.022654136408942045	1.4238929232521716E-5	0.009269542930371636	0.0969813470027054	1.5662822155773886E-4	1.4238929232521716E-5	1.4238929232521716E-5	0.009127153638046418	1.4238929232521716E-5	1.4238929232521716E-5	1.4238929232521716E-5	1.4238929232521716E-5	1.4238929232521716E-5	1.4238929232521716E-5	0.0064217570838672935	1.4238929232521716E-5	0.281660259148512	1.4238929232521716E-5	1.4238929232521716E-5	1.5662822155773886E-4	1.4238929232521716E-5	1.4238929232521716E-5	2.99017513882956E-4	1.4238929232521716E-5	1.4238929232521716E-5	1.4238929232521716E-5	1.4238929232521716E-5	1.4238929232521716E-5	1.4238929232521716E-5	0.015677061085006407	1.4238929232521716E-5	1.4238929232521716E-5
20	file:/data/Documents/UNAM/titulacion/codigo/analisis3/tema3/textos_a_id/2006_0608369.txt	0.10730680429172892	1.3581420616596497E-5	1.4939562678256146E-4	1.3581420616596497E-5	1.3581420616596497E-5	0.00476707863642537	0.10486214858074155	0.004631264430259406	1.3581420616596497E-5	0.11002308841504822	0.10024446557109874	1.3581420616596497E-5	1.4939562678256146E-4	0.020521526551677306	0.027040608447643624	5.568382452804562E-4	0.0016433518946081759	1.3581420616596497E-5	1.3581420616596497E-5	0.013459187831047126	0.02894200733396713	0.11301100095069945	1.3581420616596497E-5	1.4939562678256146E-4	0.0019149803069401059	0.012644302594051337	1.3581420616596497E-5	1.3581420616596497E-5	4.2102403911449136E-4	6.926524514464212E-4	0.002594051337769931	0.051079722939019426	1.3581420616596497E-5	1.3581420616596497E-5	1.3581420616596497E-5	1.3581420616596497E-5	0.028398750509303274	1.3581420616596497E-5	0.0016433518946081759	0.19667255194893385	1.3581420616596497E-5	0.06371044411245416	1.3581420616596497E-5	1.3581420616596497E-5	1.3581420616596497E-5	6.926524514464212E-4	0.001507537688442211	2.852098329485264E-4	1.3581420616596497E-5	1.3581420616596497E-5
21	file:/data/Documents/UNAM/titulacion/codigo/analisis3/tema3/textos_a_id/2018_0783905.txt	0.0033052409797208323	1.316829075585989E-5	0.005675533315775612	1.316829075585989E-5	1.316829075585989E-5	4.0821701343165656E-4	0.013444824861732946	0.08191993679220437	1.316829075585989E-5	0.14065051356333946	0.003700289702396629	0.23967606004740583	1.316829075585989E-5	0.003041875164603635	0.003963655517513827	1.316829075585989E-5	1.316829075585989E-5	1.316829075585989E-5	1.316829075585989E-5	1.316829075585989E-5	0.005412167500658415	0.15197524361337897	1.316829075585989E-5	0.0014616802739004476	1.316829075585989E-5	0.1154990782196471	1.316829075585989E-5	1.316829075585989E-5	1.316829075585989E-5	1.316829075585989E-5	0.001988411904134843	1.316829075585989E-5	1.316829075585989E-5	1.316829075585989E-5	1.448511983144588E-4	1.316829075585989E-5	1.448511983144588E-4	1.448511983144588E-4	2.765341058730577E-4	1.316829075585989E-5	1.316829075585989E-5	1.316829075585989E-5	5.398999209902555E-4	1.316829075585989E-5	1.448511983144588E-4	1.316829075585989E-5	0.22611272056887016	1.316829075585989E-5	1.316829075585989E-5	1.316829075585989E-5
22	file:/data/Documents/UNAM/titulacion/codigo/analisis3/tema3/textos_a_id/2019_0798648.txt	0.06677194271024606	8.079324274697025E-5	8.079324274697025E-5	7.344840249724569E-6	7.344840249724569E-6	7.344840249724569E-6	0.08043334557473374	0.011024605214836577	7.344840249724569E-6	0.06544987146529563	0.16343004039662137	3.7458685273595297E-4	0.007572530297466029	0.01697392581711348	0.05715020198310687	7.418288652221814E-4	0.020793242746970256	8.079324274697025E-5	0.0954902680866691	7.344840249724569E-6	0.025347043701799486	0.15564450973191332	0.2052956298200514	0.00551597502754315	7.344840249724569E-6	0.005589423430040396	7.344840249724569E-6	7.344840249724569E-6	7.344840249724569E-6	7.344840249724569E-6	7.344840249724569E-6	7.344840249724569E-6	7.344840249724569E-6	7.344840249724569E-6	8.079324274697025E-5	7.344840249724569E-6	6.683804627249357E-4	7.344840249724569E-6	4.480352552331987E-4	7.344840249724569E-6	0.007572530297466029	7.344840249724569E-6	0.0020639001101726037	7.344840249724569E-6	7.344840249724569E-6	7.344840249724569E-6	8.15277267719427E-4	8.079324274697025E-5	7.344840249724569E-6	0.004267352185089974
23	file:/data/Documents/UNAM/titulacion/codigo/analisis3/tema3/textos_a_id/2020_0800281.txt	0.024030429594272075	1.4916467780429595E-5	1.6408114558472554E-4	1.4916467780429595E-5	1.4916467780429595E-5	1.4916467780429595E-5	0.06684069212410501	0.021792959427207638	1.4916467780429595E-5	0.05490751789976134	0.18602326968973745	1.4916467780429595E-5	1.6408114558472554E-4	0.02940035799522673	0.008368138424821002	1.4916467780429595E-5	1.4916467780429595E-5	1.6408114558472554E-4	0.129340692124105	1.4916467780429595E-5	0.007920644391408115	0.21973448687350833	1.4916467780429595E-5	1.4916467780429595E-5	1.4916467780429595E-5	0.007771479713603819	1.4916467780429595E-5	1.4916467780429595E-5	1.4916467780429595E-5	6.115751789976133E-4	1.4916467780429595E-5	0.002699880668257757	0.005086515513126492	1.4916467780429595E-5	1.4916467780429595E-5	6.115751789976133E-4	1.4916467780429595E-5	1.4916467780429595E-5	1.4916467780429595E-5	1.4916467780429595E-5	1.4916467780429595E-5	1.4916467780429595E-5	1.4916467780429595E-5	1.4916467780429595E-5	1.4916467780429595E-5	1.4916467780429595E-5	1.4916467780429595E-5	0.2324134844868735	0.001506563245823389	1.4916467780429595E-5
24	file:/data/Documents/UNAM/titulacion/codigo/analisis3/tema3/textos_a_id/2017_0766477.txt	0.07654882744137208	1.1667250029168126E-5	1.1667250029168126E-5	1.1667250029168126E-5	1.1667250029168126E-5	1.1667250029168126E-5	0.08238245245595613	1.1667250029168126E-5	1.1667250029168126E-5	0.10140007000350018	0.11388402753471007	1.1667250029168126E-5	1.1667250029168126E-5	0.0015284097538210244	0.05613113989032785	1.1667250029168126E-5	0.022996149807490374	1.283397503208494E-4	0.01704585229261463	0.04096371485240929	0.005261929763154824	0.19042118772605296	1.1667250029168126E-5	1.1667250029168126E-5	1.1667250029168126E-5	1.1667250029168126E-5	1.1667250029168126E-5	2.4501225061253064E-4	1.1667250029168126E-5	1.1667250029168126E-5	0.2860926379652316	0.0011783922529459807	1.1667250029168126E-5	0.0010617197526542994	1.1667250029168126E-5	1.1667250029168126E-5	1.1667250029168126E-5	1.1667250029168126E-5	1.1667250029168126E-5	5.950297514875744E-4	1.1667250029168126E-5	7.117022517792556E-4	1.1667250029168126E-5	0.0010617197526542994	1.1667250029168126E-5	1.1667250029168126E-5	1.1667250029168126E-5	1.1667250029168126E-5	1.1667250029168126E-5	1.1667250029168126E-5
25	file:/data/Documents/UNAM/titulacion/codigo/analisis3/tema3/textos_a_id/2018_0774382.txt	0.03179562826874078	0.015971570336596484	0.005109293281480488	1.3410218586562962E-5	0.015703365964865226	1.3410218586562962E-5	0.009400563229180635	0.024151803674399893	1.3410218586562962E-5	0.11614590317822181	0.10166286710473381	0.22155022126860666	1.3410218586562962E-5	1.3410218586562962E-5	0.031661526082875154	0.0024272495641678962	0.008998256671583747	1.3410218586562962E-5	0.022944884001609225	0.010473380716105672	0.10421080863618078	0.1460506906262572	0.006450315140136784	1.3410218586562962E-5	1.3410218586562962E-5	0.04694917527155693	1.3410218586562962E-5	0.008461847928121229	1.3410218586562962E-5	1.3410218586562962E-5	1.3410218586562962E-5	1.4751240445219258E-4	1.3410218586562962E-5	2.816145903178222E-4	4.157167761834518E-4	0.0016226364489741183	0.045205846855303745	1.3410218586562962E-5	4.157167761834518E-4	1.3410218586562962E-5	0.0029636583076304147	0.015032855035537078	0.003500067051092933	1.3410218586562962E-5	1.3410218586562962E-5	1.3410218586562962E-5	1.3410218586562962E-5	1.3410218586562962E-5	1.3410218586562962E-5	1.3410218586562962E-5
26	file:/data/Documents/UNAM/titulacion/codigo/analisis3/tema3/textos_a_id/2019_0788816.txt	0.011263329383886255	4.5171800947867293E-4	0.00445053317535545	3.776658767772512E-4	3.776658767772512E-4	0.006301836492890994	0.04310574644549763	7.40521327014218E-6	7.40521327014218E-6	0.11952754739336492	0.024296504739336495	7.40521327014218E-6	7.40521327014218E-6	0.007856931279620852	0.2513403436018957	7.40521327014218E-6	0.014151362559241706	0.0011922393364928912	0.0956827606635071	7.40521327014218E-6	0.002080864928909953	0.13855894549763031	7.40521327014218E-6	7.40521327014218E-6	7.40521327014218E-6	0.006598045023696682	7.40521327014218E-6	7.40521327014218E-6	7.40521327014218E-6	5.257701421800948E-4	1.555094786729858E-4	0.26333678909952607	0.0017106042654028437	7.40521327014218E-6	7.40521327014218E-6	7.40521327014218E-6	7.40521327014218E-6	2.295616113744076E-4	3.776658767772512E-4	7.40521327014218E-6	0.004968898104265402	7.40521327014218E-6	8.145734597156398E-5	7.40521327014218E-6	1.555094786729858E-4	5.257701421800948E-4	1.555094786729858E-4	7.40521327014218E-6	7.40521327014218E-6	7.40521327014218E-6
27	file:/data/Documents/UNAM/titulacion/codigo/analisis3/tema3/textos_a_id/2010_0658130.txt	0.021230787997072457	6.099048548426445E-6	6.099048548426445E-6	6.70895340326909E-5	1.2808001951695536E-4	6.099048548426445E-6	0.05245791656501586	4.330324469382776E-4	6.099048548426445E-6	0.041174676750426936	0.10802024884118078	6.099048548426445E-6	6.099048548426445E-6	0.19493169065625762	0.056544279092461576	0.0031166138082459136	6.099048548426445E-6	0.005861185655037814	6.099048548426445E-6	0.003421566235667236	0.01250914857282264	0.18194071724810928	6.099048548426445E-6	2.5006099048548424E-4	0.0013478897292022445	0.016534520614784096	6.099048548426445E-6	7.379848743595999E-4	8.599658453281288E-4	6.099048548426445E-6	0.0024457184679190047	0.21524152232251767	4.330324469382776E-4	6.099048548426445E-6	6.099048548426445E-6	6.099048548426445E-6	7.379848743595999E-4	1.2808001951695536E-4	9.209563308123932E-4	6.099048548426445E-6	6.099048548426445E-6	0.03263600878262991	6.099048548426445E-6	6.099048548426445E-6	6.099048548426445E-6	0.035441571114906076	0.002628689924371798	3.110514759697487E-4	6.099048548426445E-6	0.007385947792144425
28	file:/data/Documents/UNAM/titulacion/codigo/analisis3/tema3/textos_a_id/2014_0713809.txt	0.021929082378278595	8.460887624028922E-5	8.460887624028922E-5	7.691716021844473E-6	7.691716021844473E-6	0.0020844550419198524	0.04654257364818091	0.0032382124451965236	7.691716021844473E-6	0.17107145604184293	0.06477194061995231	7.691716021844473E-6	0.0036997154065071917	0.028159372355972618	0.06615644950388432	3.153603568956234E-4	0.3755172679024691	2.384431966771787E-4	7.691716021844473E-6	7.691716021844473E-6	0.015775709560803014	0.15645719560033844	7.691716021844473E-6	6.230289977694023E-4	7.691716021844473E-6	0.020313822013691255	7.691716021844473E-6	7.691716021844473E-6	1.6152603645873395E-4	7.691716021844473E-6	0.006391816014152757	3.153603568956234E-4	7.691716021844473E-6	7.691716021844473E-6	7.691716021844473E-6	7.691716021844473E-6	5.461118375509576E-4	7.691716021844473E-6	0.0016998692408276288	8.460887624028922E-5	7.691716021844473E-6	0.012314437350973002	7.691716021844473E-6	3.153603568956234E-4	7.691716021844473E-6	7.691716021844473E-6	7.691716021844473E-6	8.460887624028922E-5	7.691716021844473E-6	8.537804784247365E-4
29	file:/data/Documents/UNAM/titulacion/codigo/analisis3/tema3/textos_a_id/2017_0760943.txt	0.13758677268711345	0.007333080903698094	0.00342042155749085	1.2621481761958854E-5	1.2621481761958854E-5	0.32261769531743023	0.1283730910008835	1.2621481761958854E-5	1.2621481761958854E-5	0.085586267827843	0.06425596365013253	0.0015271992931970213	1.2621481761958854E-5	0.012381673608481634	0.029799318439984852	1.2621481761958854E-5	1.2621481761958854E-5	1.2621481761958854E-5	0.03611005932096428	1.2621481761958854E-5	0.013138962514199166	0.08962514199166982	1.2621481761958854E-5	0.003041777104632084	1.2621481761958854E-5	0.016041903319449703	1.2621481761958854E-5	2.650511170011359E-4	0.0029155622870124954	1.2621481761958854E-5	1.2621481761958854E-5	0.001022340022718667	1.2621481761958854E-5	0.004934999368925912	1.2621481761958854E-5	1.2621481761958854E-5	0.0031679919222516724	1.2621481761958854E-5	1.2621481761958854E-5	3.9126593462072447E-4	1.388362993815474E-4	0.012255458790862046	0.015158399596112582	0.007206866086078506	0.001022340022718667	1.2621481761958854E-5	2.650511170011359E-4	1.2621481761958854E-5	1.388362993815474E-4	1.2621481761958854E-5
30	file:/data/Documents/UNAM/titulacion/codigo/analisis3/tema3/textos_a_id/2012_0723276.txt	0.020845236094773987	8.401949252226517E-6	0.01874474878171736	8.401949252226517E-6	8.401949252226517E-6	8.401949252226517E-6	0.018072592841539236	0.3292807931440094	8.401949252226517E-6	0.04823559065703243	0.0239539573180978	0.002360947739875651	8.401949252226517E-6	8.401949252226517E-6	0.022273567467652498	9.242144177449169E-5	8.401949252226517E-6	8.401949252226517E-6	8.401949252226517E-6	8.401949252226517E-6	0.015299949588304487	0.13830448664090067	8.401949252226517E-6	8.401949252226517E-6	8.401949252226517E-6	0.03899344647958326	8.401949252226517E-6	8.401949252226517E-6	8.401949252226517E-6	8.401949252226517E-6	6.805578894303478E-4	8.401949252226517E-6	8.401949252226517E-6	9.242144177449169E-5	8.401949252226517E-6	9.326163669971433E-4	9.242144177449169E-5	8.401949252226517E-6	8.401949252226517E-6	8.401949252226517E-6	8.401949252226517E-6	8.401949252226517E-6	8.401949252226517E-6	8.401949252226517E-6	8.401949252226517E-6	8.401949252226517E-6	0.32146698033943877	8.401949252226517E-6	8.401949252226517E-6	8.401949252226517E-6
31	file:/data/Documents/UNAM/titulacion/codigo/analisis3/tema3/textos_a_id/2013_0693229.txt	0.0434684982168802	1.3208294809140141E-5	1.3208294809140141E-5	1.4529124290054156E-4	1.3208294809140141E-5	0.06869634130233787	0.1273411702549201	1.3208294809140141E-5	1.3208294809140141E-5	0.1677585523708889	0.1554748381983886	1.3208294809140141E-5	1.3208294809140141E-5	1.3208294809140141E-5	0.03910976092986396	1.3208294809140141E-5	0.06275260863822481	0.13988905032360321	1.3208294809140141E-5	1.3208294809140141E-5	1.3208294809140141E-5	0.14609694888389907	1.3208294809140141E-5	1.3208294809140141E-5	1.3208294809140141E-5	0.0037115308413683797	1.3208294809140141E-5	1.3208294809140141E-5	1.3208294809140141E-5	1.3208294809140141E-5	0.027486461497820632	0.0021265354642715627	1.3208294809140141E-5	1.3208294809140141E-5	1.3208294809140141E-5	1.3208294809140141E-5	0.013353586052040681	1.3208294809140141E-5	1.4529124290054156E-4	2.7737419099194295E-4	1.3208294809140141E-5	6.736230352661471E-4	5.415400871747457E-4	1.3208294809140141E-5	1.3208294809140141E-5	1.4529124290054156E-4	1.3208294809140141E-5	4.0945713908334435E-4	1.3208294809140141E-5	1.3208294809140141E-5
32	file:/data/Documents/UNAM/titulacion/codigo/analisis3/tema3/textos_a_id/2019_0791109.txt	0.0666101997146933	8.91583452211127E-6	8.91583452211127E-6	9.807417974322398E-5	8.91583452211127E-6	0.011064550641940086	0.027380527817403712	0.003664407988587732	8.91583452211127E-6	0.0975481455064194	0.10922788873038515	9.807417974322398E-5	0.004288516405135521	8.91583452211127E-6	0.05296897289586305	0.0010788159771754635	0.053682239657631955	8.91583452211127E-6	0.45970934379457923	8.91583452211127E-6	0.01587910128388017	0.08328281027104137	8.91583452211127E-6	8.91583452211127E-6	8.91583452211127E-6	0.008835592011412268	8.91583452211127E-6	9.807417974322398E-5	8.91583452211127E-6	8.91583452211127E-6	0.0011679743223965762	0.0010788159771754635	8.91583452211127E-6	8.91583452211127E-6	7.221825962910128E-4	8.91583452211127E-6	2.7639087018544936E-4	8.91583452211127E-6	8.91583452211127E-6	8.91583452211127E-6	4.547075606276747E-4	8.91583452211127E-6	4.547075606276747E-4	8.91583452211127E-6	8.91583452211127E-6	9.807417974322398E-5	8.91583452211127E-6	8.91583452211127E-6	8.91583452211127E-6	8.91583452211127E-6
33	file:/data/Documents/UNAM/titulacion/codigo/analisis3/tema3/textos_a_id/2020_0805981.txt	0.05796895213454075	0.007128072445019405	0.0051875808538163004	1.29366106080207E-5	1.29366106080207E-5	1.29366106080207E-5	0.10893919793014231	1.29366106080207E-5	1.29366106080207E-5	0.18694695989650711	0.058098318240620964	1.29366106080207E-5	1.29366106080207E-5	1.29366106080207E-5	0.12976714100905562	1.29366106080207E-5	1.29366106080207E-5	0.1644372574385511	1.29366106080207E-5	1.29366106080207E-5	0.011138421733505821	0.10855109961190168	1.29366106080207E-5	1.29366106080207E-5	1.29366106080207E-5	0.0033764553686934026	1.29366106080207E-5	7.891332470892626E-4	1.423027166882277E-4	1.423027166882277E-4	1.29366106080207E-5	0.13532988357050452	1.29366106080207E-5	1.29366106080207E-5	4.0103492884864165E-4	1.29366106080207E-5	1.29366106080207E-5	1.29366106080207E-5	1.29366106080207E-5	1.29366106080207E-5	0.0013065976714100906	1.29366106080207E-5	1.29366106080207E-5	0.0013065976714100906	0.0015653298835705044	1.29366106080207E-5	0.009327296248382922	1.29366106080207E-5	1.29366106080207E-5	0.00777490297542044
34	file:/data/Documents/UNAM/titulacion/codigo/analisis3/tema3/textos_a_id/2010_0661224.txt	0.06682964991198904	0.0026794445530999413	6.519329812895235E-6	0.0013755785905208945	0.00235347806245518	6.519329812895235E-6	0.05737662168329096	6.519329812895235E-6	6.519329812895235E-6	0.12061412086837472	0.05946280722341744	6.519329812895235E-6	9.19225503618228E-4	0.019173348979724884	0.08404068061803247	2.0209922419975226E-4	0.13339200730164938	6.519329812895235E-6	0.002157898168068323	5.932590129734663E-4	0.004896016689484321	0.15418866940478518	7.888389073603233E-4	6.519329812895235E-6	6.519329812895235E-6	0.03664515287828411	6.519329812895235E-6	0.21807810157115848	6.519329812895235E-6	0.002223091466197275	5.932590129734663E-4	6.519329812895235E-6	6.519329812895235E-6	6.519329812895235E-6	6.519329812895235E-6	6.519329812895235E-6	6.519329812895235E-6	6.519329812895235E-6	0.01265401916682965	7.171262794184759E-5	6.519329812895235E-6	2.6729252232870457E-4	2.0209922419975226E-4	6.519329812895235E-6	6.519329812895235E-6	6.519329812895235E-6	0.012849599061216507	0.0020927048699393705	6.519329812895235E-6	0.003135797640002608
35	file:/data/Documents/UNAM/titulacion/codigo/analisis3/tema3/textos_a_id/2021_0809815.txt	0.0029826209488022547	7.828401440425866E-6	0.011593862533270705	7.828401440425866E-6	7.828401440425866E-6	7.828401440425866E-6	0.008775638014717395	0.5471348050728042	7.828401440425866E-6	0.0984891185219978	0.016917175512760296	0.007757945827462032	7.828401440425866E-6	6.34100516674495E-4	0.0028260529199937373	7.828401440425866E-6	7.828401440425866E-6	7.828401440425866E-6	2.4268044465320182E-4	7.828401440425866E-6	0.012298418662909033	0.12416627524659464	7.828401440425866E-6	7.828401440425866E-6	7.828401440425866E-6	0.06153906372318773	3.992484734617191E-4	7.828401440425866E-6	7.828401440425866E-6	7.828401440425866E-6	0.0030609049632065134	7.828401440425866E-6	7.828401440425866E-6	7.828401440425866E-6	7.828401440425866E-6	7.828401440425866E-6	7.828401440425866E-6	7.828401440425866E-6	7.828401440425866E-6	7.828401440425866E-6	7.123845310787537E-4	7.828401440425866E-6	7.828401440425866E-6	7.828401440425866E-6	4.775324878659777E-4	7.828401440425866E-6	0.09974166275246595	7.828401440425866E-6	7.828401440425866E-6	7.828401440425866E-6
36	file:/data/Documents/UNAM/titulacion/codigo/analisis3/tema3/textos_a_id/2012_0725346.txt	0.15127629402032616	2.4816828173008745E-4	4.845190262349326E-4	0.0066296383833609075	1.181753722524226E-5	0.010529425667690853	0.0625265894587568	1.181753722524226E-5	1.181753722524226E-5	0.030146537461593004	0.07280784684471757	0.02778303001654455	1.181753722524226E-5	0.03711888442448594	1.181753722524226E-5	1.181753722524226E-5	0.006984164500118175	0.0032025525880406526	0.012774757740486881	0.018447175608603168	0.20622784211770265	0.04078232096431104	1.181753722524226E-5	0.0042661309383124554	0.004147955566060033	0.012420231623729613	0.011238477901205388	0.005802410777593949	0.0028480264712833847	1.181753722524226E-5	2.4816828173008745E-4	0.021047033798156464	1.2999290947766486E-4	0.1812928385724415	0.007456865989127866	1.2999290947766486E-4	0.01088395178444812	1.181753722524226E-5	1.181753722524226E-5	1.181753722524226E-5	0.0042661309383124554	0.01951075395887497	1.181753722524226E-5	1.181753722524226E-5	0.007338690616875443	0.005802410777593949	0.0022571496100212717	0.005684235405341527	0.003675254077050343	0.0014299220042543134
37	file:/data/Documents/UNAM/titulacion/codigo/analisis3/tema3/textos_a_id/2015_0738360.txt	0.02642850873343281	4.476432897393136E-4	8.777319406653208E-6	8.777319406653208E-6	8.777319406653208E-6	8.777319406653208E-6	0.04249100324760818	0.007820591591328007	8.777319406653208E-6	0.11253401211270077	0.09471605371719476	8.777319406653208E-6	8.777319406653208E-6	0.019406653208110244	0.1533485473536382	8.777319406653208E-6	0.16853330992714824	8.777319406653208E-6	8.777319406653208E-6	8.777319406653208E-6	0.016422364609848153	0.15738611428069868	1.8432370753971737E-4	8.777319406653208E-6	8.777319406653208E-6	0.008610550337926797	8.777319406653208E-6	0.17072763977881153	8.777319406653208E-6	8.777319406653208E-6	8.777319406653208E-6	0.0020275607829368914	8.777319406653208E-6	8.777319406653208E-6	1.8432370753971737E-4	8.777319406653208E-6	8.777319406653208E-6	8.777319406653208E-6	8.777319406653208E-6	8.777319406653208E-6	8.777319406653208E-6	8.777319406653208E-6	8.777319406653208E-6	1.8432370753971737E-4	0.009663828666725181	8.777319406653208E-6	8.777319406653208E-6	0.002729746335469148	8.777319406653208E-6	0.005889581321864302
38	file:/data/Documents/UNAM/titulacion/codigo/analisis3/tema3/textos_a_id/2017_0755721.txt	0.017610914392834826	1.0414496979795876E-5	1.1455946677775464E-4	0.0017808789835450948	1.0414496979795876E-5	0.23496146636117474	0.04437617163091023	0.0011560091647573423	1.0414496979795876E-5	0.0737450531139346	0.07999375130181212	0.0024057488023328474	1.0414496979795876E-5	0.005009373047281817	0.22340137471360133	0.001676734013747136	0.07218287856696522	9.477192251614246E-4	0.012611955842532805	1.0414496979795876E-5	0.007300562382836908	0.15133305561341387	9.477192251614246E-4	4.269943761716309E-4	1.0414496979795876E-5	0.01979795875859196	1.0414496979795876E-5	5.311393459695896E-4	1.0414496979795876E-5	0.001260154134555301	0.00553009789627161	1.0414496979795876E-5	1.0414496979795876E-5	1.0414496979795876E-5	1.1455946677775464E-4	1.0414496979795876E-5	1.0414496979795876E-5	1.1455946677775464E-4	0.0017808789835450948	1.0414496979795876E-5	0.03666944386586128	1.0414496979795876E-5	9.477192251614246E-4	1.0414496979795876E-5	2.187044365757134E-4	1.0414496979795876E-5	1.1455946677775464E-4	1.0414496979795876E-5	6.352843157675484E-4	1.1455946677775464E-4
39	file:/data/Documents/UNAM/titulacion/codigo/analisis3/tema3/textos_a_id/2007_0621272.txt	0.01572769953051643	1.0206164523372118E-5	0.08298632373953868	1.0206164523372118E-5	1.0206164523372118E-5	1.0206164523372118E-5	0.014196774852010614	0.11513574198816084	1.0206164523372118E-5	0.05981833027148398	0.001643192488262911	1.0206164523372118E-5	1.0206164523372118E-5	1.0206164523372118E-5	0.0023576240048989593	1.0206164523372118E-5	1.0206164523372118E-5	2.1432945499081445E-4	1.0206164523372118E-5	1.0206164523372118E-5	0.0031741171667687283	0.1265666462543376	1.0206164523372118E-5	1.0206164523372118E-5	1.0206164523372118E-5	0.030016329863237396	1.0206164523372118E-5	1.0206164523372118E-5	1.0206164523372118E-5	1.0206164523372118E-5	1.0206164523372118E-5	1.0206164523372118E-5	0.0021535007144315166	1.0206164523372118E-5	1.0206164523372118E-5	1.0206164523372118E-5	1.0206164523372118E-5	1.0206164523372118E-5	1.0206164523372118E-5	1.0206164523372118E-5	1.0206164523372118E-5	1.1226780975709329E-4	1.0206164523372118E-5	0.0045009185548071035	1.0206164523372118E-5	1.0206164523372118E-5	0.5390998162890386	2.1432945499081445E-4	0.001745254133496632	1.0206164523372118E-5
40	file:/data/Documents/UNAM/titulacion/codigo/analisis3/tema3/textos_a_id/2006_0610632.txt	0.0036310566258026854	0.0038645650904845304	0.01285464098073555	1.1675423234092237E-5	1.1675423234092237E-5	0.0011792177466433157	1.1675423234092237E-5	1.1675423234092237E-5	1.1675423234092237E-5	0.1503911266783421	0.04916520723876241	0.15541155866900175	1.1675423234092237E-5	0.03060128429655575	0.04040863981319323	0.0017629889083479275	1.284296555750146E-4	3.6193812025685934E-4	0.005732632807939288	0.18261529480443664	0.05605370694687683	0.09785172212492703	1.1675423234092237E-5	1.1675423234092237E-5	4.786923525977816E-4	0.05044950379451255	1.1675423234092237E-5	1.1675423234092237E-5	1.284296555750146E-4	1.1675423234092237E-5	1.1675423234092237E-5	0.14969060128429654	1.1675423234092237E-5	1.1675423234092237E-5	1.1675423234092237E-5	1.1675423234092237E-5	1.1675423234092237E-5	1.1675423234092237E-5	1.1675423234092237E-5	4.786923525977816E-4	0.0036310566258026854	0.0010624635143023935	1.1675423234092237E-5	1.1675423234092237E-5	1.1675423234092237E-5	1.1675423234092237E-5	0.0017629889083479275	1.1675423234092237E-5	1.1675423234092237E-5	1.1675423234092237E-5
41	file:/data/Documents/UNAM/titulacion/codigo/analisis3/tema3/textos_a_id/2022_0824003.txt	0.03962988348183688	1.3708019191226868E-5	4.249485949280329E-4	1.3708019191226868E-5	1.5078821110349556E-4	1.3708019191226868E-5	0.02852638793694311	0.01084304318026045	1.3708019191226868E-5	0.09651816312542838	0.1262645647703907	1.3708019191226868E-5	0.005771076079506512	1.3708019191226868E-5	0.06827964359150103	0.00590815627141878	0.0033036326250856754	1.5078821110349556E-4	0.13832762165867032	1.3708019191226868E-5	0.013995887594242631	0.19192597669636735	1.3708019191226868E-5	0.0346949965729952	1.3708019191226868E-5	0.006045236463331049	1.5078821110349556E-4	1.3708019191226868E-5	1.3708019191226868E-5	1.3708019191226868E-5	1.3708019191226868E-5	0.00782727895819054	1.3708019191226868E-5	1.3708019191226868E-5	1.3708019191226868E-5	1.3708019191226868E-5	0.18904729266620973	1.3708019191226868E-5	1.3708019191226868E-5	1.3708019191226868E-5	0.01605209047292666	0.010705962988348182	1.3708019191226868E-5	1.3708019191226868E-5	0.003029472241261138	1.3708019191226868E-5	8.361891706648389E-4	1.3708019191226868E-5	1.3708019191226868E-5	0.001247429746401645
42	file:/data/Documents/UNAM/titulacion/codigo/analisis3/tema3/textos_a_id/2022_0825396.txt	0.05059191859896292	9.783778495254868E-6	9.783778495254868E-6	6.946482731630955E-4	9.783778495254868E-6	9.783778495254868E-6	0.10088054006457293	1.0762156344780356E-4	9.783778495254868E-6	0.07094217786909304	0.07456217591233735	0.0028470795421191666	9.783778495254868E-6	9.783778495254868E-6	0.05000489188924763	4.011349183054495E-4	0.007249779864983856	9.783778495254868E-6	0.12719890421680852	9.783778495254868E-6	0.0017708639076411312	0.15058213482046764	9.783778495254868E-6	0.0013795127678309363	9.783778495254868E-6	9.783778495254868E-6	9.783778495254868E-6	9.783778495254868E-6	9.783778495254868E-6	9.783778495254868E-6	3.032971333529009E-4	9.783778495254868E-6	9.783778495254868E-6	2.0545934840035223E-4	0.0018687016925936798	9.783778495254868E-6	0.35418256530672143	4.011349183054495E-4	9.783778495254868E-6	9.783778495254868E-6	9.881616280207415E-4	2.0545934840035223E-4	0.0016730261226885824	9.783778495254868E-6	9.783778495254868E-6	2.0545934840035223E-4	2.0545934840035223E-4	3.032971333529009E-4	9.783778495254868E-6	9.783778495254868E-6
43	file:/data/Documents/UNAM/titulacion/codigo/analisis3/tema3/textos_a_id/2022_0823755.txt	0.08850074128984434	3.7991104521868045E-4	9.266123054114159E-6	9.266123054114159E-6	9.266123054114159E-6	0.07376760563380282	0.03892698295033358	9.266123054114159E-6	9.266123054114159E-6	0.05458673091178651	0.1713398813936249	9.266123054114159E-6	9.266123054114159E-6	9.266123054114159E-6	0.012333209785025945	9.266123054114159E-6	9.266123054114159E-6	9.266123054114159E-6	0.09063194959229058	9.266123054114159E-6	0.03939028910303929	0.06190696812453669	9.266123054114159E-6	9.266123054114159E-6	9.266123054114159E-6	0.010016679021497405	9.266123054114159E-6	9.266123054114159E-6	9.266123054114159E-6	9.266123054114159E-6	0.022711267605633804	9.266123054114159E-6	9.266123054114159E-6	0.0024184581171237955	0.3321997776130467	9.266123054114159E-6	9.266123054114159E-6	9.266123054114159E-6	9.266123054114159E-6	9.266123054114159E-6	9.266123054114159E-6	9.266123054114159E-6	9.266123054114159E-6	1.9458858413639733E-4	9.266123054114159E-6	2.872498146775389E-4	1.0192735359525575E-4	9.266123054114159E-6	9.266123054114159E-6	9.266123054114159E-6
44	file:/data/Documents/UNAM/titulacion/codigo/analisis3/tema3/textos_a_id/2013_0700961.txt	0.012668282175551965	1.3462574044157243E-5	1.480883144857297E-4	1.3462574044157243E-5	1.3462574044157243E-5	0.008091007000538502	0.04067043618739903	0.006475498115239634	1.3462574044157243E-5	0.04861335487345181	0.24691707054388798	1.3462574044157243E-5	0.057498653742595586	0.10825255788906839	0.010379644588045233	0.005398492191707054	0.004859989229940765	1.3462574044157243E-5	2.827140549273021E-4	1.3462574044157243E-5	0.01805331179321486	0.20302907915993537	1.3462574044157243E-5	0.010918147549811524	1.3462574044157243E-5	0.027611739364566505	1.3462574044157243E-5	1.3462574044157243E-5	1.3462574044157243E-5	1.3462574044157243E-5	0.03070813139472267	1.3462574044157243E-5	1.3462574044157243E-5	1.480883144857297E-4	1.3462574044157243E-5	1.3462574044157243E-5	1.480883144857297E-4	1.3462574044157243E-5	1.3462574044157243E-5	1.3462574044157243E-5	1.3462574044157243E-5	0.15348680667743672	1.3462574044157243E-5	1.3462574044157243E-5	1.3462574044157243E-5	1.3462574044157243E-5	1.3462574044157243E-5	0.005263866451265482	1.3462574044157243E-5	1.3462574044157243E-5
45	file:/data/Documents/UNAM/titulacion/codigo/analisis3/tema3/textos_a_id/2008_0638784.txt	0.008050547896783316	7.158006362672322E-4	8.837044892188052E-6	8.837044892188052E-6	9.720749381406858E-5	0.0010692824319547543	0.0038971367974549313	5.390597384234712E-4	8.837044892188052E-6	0.09438847649346058	0.020422410745846588	0.07344468009897491	8.837044892188052E-6	0.019980558501237186	0.005045952633439378	8.837044892188052E-6	8.837044892188052E-6	8.837044892188052E-6	8.837044892188052E-6	2.7394839165782964E-4	0.077067868504772	0.0661983032873807	1.855779427359491E-4	8.837044892188052E-6	8.837044892188052E-6	0.018655001767408978	8.837044892188052E-6	8.837044892188052E-6	1.855779427359491E-4	8.837044892188052E-6	8.837044892188052E-6	0.026166489925768824	0.10764404383174266	8.837044892188052E-6	8.837044892188052E-6	8.837044892188052E-6	0.0024832096147048427	0.45670731707317075	9.720749381406858E-5	0.008404029692470838	9.720749381406858E-5	0.0034552845528455288	8.837044892188052E-6	1.855779427359491E-4	8.925415341109932E-4	8.925415341109932E-4	8.837044892188052E-6	8.837044892188052E-6	8.837044892188052E-6	0.002571580063626723
46	file:/data/Documents/UNAM/titulacion/codigo/analisis3/tema3/textos_a_id/2014_0723628.txt	0.07372399742654942	1.6620201586961184E-4	9.704053184645079E-4	5.3613553506326405E-6	5.3613553506326405E-6	0.0025788119236543	0.04857924083208235	0.011693116019729787	5.3613553506326405E-6	0.12390628350847094	0.09012974479948531	0.12406712416898992	2.198155693759382E-4	0.04155586532275359	0.0013993137465151192	0.004240832082350418	0.001667381514046751	5.3613553506326405E-6	0.014909929230109373	5.3613553506326405E-6	0.146745657302166	0.07345592965901779	3.27042676388591E-4	1.6620201586961184E-4	5.3613553506326405E-6	0.030189791979412395	0.18261312459789836	5.3613553506326405E-6	5.3613553506326405E-6	5.3613553506326405E-6	0.006760669097147759	5.3613553506326405E-6	5.3613553506326405E-6	5.3613553506326405E-6	0.004830581170920009	0.0025251983701479737	0.003972764314818786	5.3613553506326405E-6	5.414968904138966E-4	5.3613553506326405E-6	5.897490885695905E-5	5.3613553506326405E-6	5.3613553506326405E-6	5.3613553506326405E-6	5.3613553506326405E-6	0.004401672742869397	5.3613553506326405E-6	5.3613553506326405E-6	0.003275788119236543	2.198155693759382E-4
47	file:/data/Documents/UNAM/titulacion/codigo/analisis3/tema3/textos_a_id/2011_0345656.txt	0.11819890452153367	0.002636666308667168	2.7386961658253675E-4	4.349693910428525E-4	5.906991730211578E-5	0.004945763075931694	0.0571957899258941	7.034690151433788E-4	5.369992482010525E-6	0.04049511330684137	0.18274621415530018	5.369992482010525E-6	0.06858017398775641	0.0010256685640640103	0.002636666308667168	0.06052518526474063	0.027875630974116637	0.001562667812265063	0.02739233165073569	5.369992482010525E-6	0.03233272473418537	0.09156374181076146	8.645687896036946E-4	0.006234561271614219	5.42369240683063E-4	0.008704757813339061	5.369992482010525E-6	0.2369294382987864	5.369992482010525E-6	5.369992482010525E-6	0.022935237890666954	5.369992482010525E-6	5.369992482010525E-6	5.369992482010525E-6	2.7386961658253675E-4	5.369992482010525E-6	3.8126946622274726E-4	5.369992482010525E-6	5.369992482010525E-6	5.369992482010525E-6	5.369992482010525E-6	0.0010256685640640103	5.369992482010525E-6	1.1276984212222103E-4	5.369992482010525E-6	5.42369240683063E-4	5.369992482010525E-6	5.369992482010525E-6	5.369992482010525E-6	1.6646976694232628E-4
48	file:/data/Documents/UNAM/titulacion/codigo/analisis3/tema3/textos_a_id/2015_0729113.txt	0.023161321437183507	1.2056908608632748E-5	1.2056908608632748E-5	1.3262599469496023E-4	1.2056908608632748E-5	0.07392090667952737	0.01870026525198939	1.2056908608632748E-5	1.2056908608632748E-5	0.15735471425126596	0.1061128526645768	1.2056908608632748E-5	1.2056908608632748E-5	1.3262599469496023E-4	0.08199903544731131	1.3262599469496023E-4	0.09441765131420304	1.2056908608632748E-5	0.0020617313720762	0.15711357607909332	0.012792380033759343	0.2339160839160839	1.2056908608632748E-5	1.2056908608632748E-5	1.2056908608632748E-5	0.012310103689414034	1.2056908608632748E-5	1.3262599469496023E-4	1.3262599469496023E-4	1.2056908608632748E-5	1.3262599469496023E-4	1.2056908608632748E-5	1.2056908608632748E-5	1.2056908608632748E-5	1.2056908608632748E-5	1.2056908608632748E-5	0.014480347238967928	1.2056908608632748E-5	1.2056908608632748E-5	1.2056908608632748E-5	4.943332529539425E-4	3.7376416686761517E-4	0.009657583795514828	1.2056908608632748E-5	1.2056908608632748E-5	1.2056908608632748E-5	1.2056908608632748E-5	1.2056908608632748E-5	1.2056908608632748E-5	1.2056908608632748E-5
49	file:/data/Documents/UNAM/titulacion/codigo/analisis3/tema3/textos_a_id/2012_0723724.txt	0.007861206827470149	0.22198092795897106	0.013871303790367818	8.013462617196891E-6	8.013462617196891E-6	8.013462617196891E-6	0.05393861687635227	0.033904960333360046	8.013462617196891E-6	0.16075807356358682	0.04159788444586906	0.06299382963378476	8.013462617196891E-6	0.04424232710954404	0.031821460052888856	8.013462617196891E-6	8.013462617196891E-6	8.013462617196891E-6	4.888212196490103E-4	8.013462617196891E-6	0.05482009776424393	0.1999439057616796	8.013462617196891E-6	6.490904719929482E-4	8.013462617196891E-6	0.027253786361086628	8.814808878916581E-5	8.013462617196891E-6	8.013462617196891E-6	8.013462617196891E-6	8.013462617196891E-6	8.013462617196891E-6	8.814808878916581E-5	8.013462617196891E-6	8.013462617196891E-6	1.6828271496113471E-4	8.013462617196891E-6	8.013462617196891E-6	8.013462617196891E-6	8.013462617196891E-6	8.013462617196891E-6	8.013462617196891E-6	8.013462617196891E-6	8.894943505088548E-4	8.013462617196891E-6	8.013462617196891E-6	0.04239923070758875	8.013462617196891E-6	8.013462617196891E-6	8.013462617196891E-6
50	file:/data/Documents/UNAM/titulacion/codigo/analisis3/tema3/textos_a_id/2012_0679636.txt	0.07153688524590164	0.002069672131147541	2.0491803278688525E-5	2.0491803278688525E-5	0.0016598360655737704	2.0491803278688525E-5	0.06948770491803279	0.013135245901639343	2.0491803278688525E-5	0.030758196721311474	0.26825819672131146	2.254098360655738E-4	0.0037090163934426234	0.014774590163934426	0.03137295081967213	2.0491803278688525E-5	0.01497950819672131	2.0491803278688525E-5	0.002069672131147541	0.0014549180327868851	0.024815573770491803	0.19530737704918033	8.401639344262294E-4	0.005348360655737705	0.00125	0.034036885245901635	2.0491803278688525E-5	2.0491803278688525E-5	2.0491803278688525E-5	2.0491803278688525E-5	0.03915983606557377	2.0491803278688525E-5	2.0491803278688525E-5	0.14879098360655738	2.0491803278688525E-5	2.0491803278688525E-5	2.0491803278688525E-5	2.0491803278688525E-5	2.0491803278688525E-5	2.0491803278688525E-5	2.0491803278688525E-5	0.008422131147540984	2.0491803278688525E-5	2.0491803278688525E-5	2.0491803278688525E-5	2.0491803278688525E-5	0.016004098360655736	2.0491803278688525E-5	2.0491803278688525E-5	2.0491803278688525E-5
51	file:/data/Documents/UNAM/titulacion/codigo/analisis3/tema3/textos_a_id/2020_0802764.txt	0.016861644049290282	1.5598190609889253E-5	1.5598190609889253E-5	1.715800967087818E-4	1.5598190609889253E-5	1.5598190609889253E-5	0.015301824988301356	1.5598190609889253E-5	1.5598190609889253E-5	0.05741693963500234	0.22572141631570736	4.8354390890656683E-4	1.715800967087818E-4	1.5598190609889253E-5	0.026688504133520512	0.0017313991576977071	0.007502729683356731	1.5598190609889253E-5	0.2144907190765871	1.5598190609889253E-5	0.010310403993136796	0.17409140539697393	1.5598190609889253E-5	1.5598190609889253E-5	1.5598190609889253E-5	6.395258150054593E-4	1.5598190609889253E-5	3.2756200280767433E-4	1.5598190609889253E-5	1.5598190609889253E-5	1.5598190609889253E-5	1.5598190609889253E-5	1.5598190609889253E-5	1.5598190609889253E-5	1.5598190609889253E-5	1.715800967087818E-4	1.715800967087818E-4	1.5598190609889253E-5	1.5598190609889253E-5	1.5598190609889253E-5	0.004851037279675558	0.002043362969895492	1.5598190609889253E-5	0.23632818593043206	1.5598190609889253E-5	1.5598190609889253E-5	0.003915145843082203	1.715800967087818E-4	1.5598190609889253E-5	1.5598190609889253E-5
52	file:/data/Documents/UNAM/titulacion/codigo/analisis3/tema3/textos_a_id/2017_0766160.txt	0.010431429762400999	0.0015735723218007502	2.1884118382659444E-4	1.0421008753647354E-5	1.0421008753647354E-5	1.0421008753647354E-5	0.01845560650270946	1.0421008753647354E-5	1.0421008753647354E-5	0.11703834931221341	0.07681325552313464	1.0421008753647354E-5	1.0421008753647354E-5	0.023874531054606084	0.0742080033347228	4.2726135889954145E-4	1.0421008753647354E-5	0.26981033764068363	1.0421008753647354E-5	1.0421008753647354E-5	0.019393497290537725	0.144237182159233	1.0421008753647354E-5	0.0017819924968736976	1.0421008753647354E-5	0.027626094205919136	1.0421008753647354E-5	1.0421008753647354E-5	1.0421008753647354E-5	1.0421008753647354E-5	1.0421008753647354E-5	0.12297832430179241	1.0421008753647354E-5	1.1463109629012089E-4	1.0421008753647354E-5	1.0421008753647354E-5	0.009493538974572738	1.0421008753647354E-5	1.0421008753647354E-5	0.005741975823259692	1.0421008753647354E-5	0.07222801167152981	1.1463109629012089E-4	1.0421008753647354E-5	3.2305127136306796E-4	0.002824093372238433	1.0421008753647354E-5	1.0421008753647354E-5	1.0421008753647354E-5	1.0421008753647354E-5
53	file:/data/Documents/UNAM/titulacion/codigo/analisis3/tema3/textos_a_id/2021_0812662.txt	0.02773548460402227	0.003647312805363027	1.1362345188046814E-5	1.1362345188046814E-5	1.2498579706851496E-4	0.04000681740711283	0.08488808089989774	1.2498579706851496E-4	1.1362345188046814E-5	0.07136689012612203	0.09159186456084537	0.0011475968639927281	1.1362345188046814E-5	0.02830360186342461	0.037393478013862065	1.1362345188046814E-5	0.008987615043745028	1.1362345188046814E-5	4.6585615270991926E-4	1.1362345188046814E-5	0.012055448244517668	0.17578684240427223	1.1362345188046814E-5	0.27418475173275764	1.1362345188046814E-5	0.0066015225542551985	1.1362345188046814E-5	1.1362345188046814E-5	1.1362345188046814E-5	6.931030564708556E-4	0.010805590273832518	1.1362345188046814E-5	1.1362345188046814E-5	1.1362345188046814E-5	1.1362345188046814E-5	1.1362345188046814E-5	1.2498579706851496E-4	2.3860924894898307E-4	4.6585615270991926E-4	1.1362345188046814E-5	1.1362345188046814E-5	0.012396318600159072	0.009669355755027836	1.1362345188046814E-5	3.5223270082945123E-4	1.1362345188046814E-5	1.1362345188046814E-5	1.1362345188046814E-5	0.10056811725940235	1.1362345188046814E-5
54	file:/data/Documents/UNAM/titulacion/codigo/analisis3/tema3/textos_a_id/2018_0772467.txt	0.027090687766281193	6.0864272671941575E-6	0.0026232501521606818	6.0864272671941575E-6	6.0864272671941575E-6	6.695069993913573E-5	0.06068776628119294	6.0864272671941575E-6	6.0864272671941575E-6	0.11692635423006695	0.09367620206938526	0.007005477784540475	6.0864272671941575E-6	0.029951308581862447	0.04443700547778454	6.0864272671941575E-6	6.0864272671941575E-6	2.495435179549604E-4	0.0118746195982958	6.0864272671941575E-6	0.01382227632379793	0.12173463177115033	6.0864272671941575E-6	0.0012233718807060257	6.0864272671941575E-6	0.0013451004260499088	6.755934266585514E-4	0.007127206329884357	0.001466828971393792	6.695069993913573E-5	6.0864272671941575E-6	0.004023128423615337	2.495435179549604E-4	6.0864272671941575E-6	6.0864272671941575E-6	6.0864272671941575E-6	8.581862446743761E-4	6.0864272671941575E-6	6.0864272671941575E-6	0.0017711503347534999	6.0864272671941575E-6	0.051436396835057824	6.0864272671941575E-6	0.004083992696287279	1.278149726110773E-4	6.0864272671941575E-6	6.0864272671941575E-6	0.39349360925136945	6.0864272671941575E-6	0.0017711503347534999
55	file:/data/Documents/UNAM/titulacion/codigo/analisis3/tema3/textos_a_id/2023_0840513.txt	0.053995501361430095	0.30272286018704864	1.1838522552385463E-5	1.1838522552385463E-5	1.1838522552385463E-5	0.03611933230732805	0.045708535574760276	1.302237480762401E-4	1.1838522552385463E-5	0.050443944595714454	0.19049366639043447	1.1838522552385463E-5	1.302237480762401E-4	0.007470107730555227	0.024635965431514147	1.1838522552385463E-5	0.04026281520066296	1.1838522552385463E-5	0.0208476382147508	1.1838522552385463E-5	0.0093642713389369	0.1470462886231798	1.1838522552385463E-5	1.1838522552385463E-5	0.007233337279507517	0.010074582692080027	1.1838522552385463E-5	1.1838522552385463E-5	1.1838522552385463E-5	1.1838522552385463E-5	0.041091511779329945	1.1838522552385463E-5	1.1838522552385463E-5	1.1838522552385463E-5	1.1838522552385463E-5	2.4860897360009474E-4	1.1838522552385463E-5	1.1838522552385463E-5	1.1838522552385463E-5	0.007351722505031372	1.1838522552385463E-5	0.004273706641411152	1.1838522552385463E-5	1.1838522552385463E-5	1.1838522552385463E-5	1.1838522552385463E-5	1.1838522552385463E-5	1.1838522552385463E-5	1.1838522552385463E-5	1.1838522552385463E-5
56	file:/data/Documents/UNAM/titulacion/codigo/analisis3/tema3/textos_a_id/2023_0848268.txt	0.009946263814255297	0.001936530467403427	1.0138902970698571E-5	1.0138902970698571E-5	1.0138902970698571E-5	1.1152793267768429E-4	0.06327689344012978	0.001226807259454527	1.0138902970698571E-5	0.1403325560174389	0.10971306904592922	0.001226807259454527	0.006499036804217783	0.008830984487478453	0.08842137280746223	1.0138902970698571E-5	0.22965629118929332	0.004065700091250127	0.00893237351718544	1.0138902970698571E-5	0.009540707695427354	0.168011761127446	1.0138902970698571E-5	1.0138902970698571E-5	1.0138902970698571E-5	0.008830984487478453	1.0138902970698571E-5	1.0138902970698571E-5	1.0138902970698571E-5	1.0138902970698571E-5	1.0138902970698571E-5	0.001226807259454527	9.226401703335699E-4	1.0138902970698571E-5	0.0013281962891615127	1.0138902970698571E-5	0.0013281962891615127	1.0138902970698571E-5	1.0138902970698571E-5	1.0138902970698571E-5	1.0138902970698571E-5	0.006194869715096827	1.0138902970698571E-5	1.0138902970698571E-5	1.1152793267768429E-4	1.0138902970698571E-5	4.1569502179864134E-4	1.0138902970698571E-5	0.1248200344722701	0.0028490317347662983
57	file:/data/Documents/UNAM/titulacion/codigo/analisis3/tema3/textos_a_id/2015_0729496.txt	0.051538176426982954	1.8532246108228318E-5	1.8532246108228318E-5	0.005207561156412158	2.038547071905115E-4	0.00539288361749444	0.11640103780578206	0.00187175685693106	1.8532246108228318E-5	0.057468495181616015	0.10491104521868051	1.8532246108228318E-5	5.744996293550778E-4	0.01187916975537435	0.0863787991104522	1.8532246108228318E-5	1.8532246108228318E-5	7.598220904373609E-4	0.0011304670126019273	0.007987398072646404	0.0059488510007412905	0.15476278724981468	1.8532246108228318E-5	1.8532246108228318E-5	1.8532246108228318E-5	9.451445515196442E-4	1.8532246108228318E-5	1.8532246108228318E-5	1.8532246108228318E-5	7.598220904373609E-4	0.008543365455893254	0.1708858413639733	1.8532246108228318E-5	9.451445515196442E-4	1.8532246108228318E-5	1.8532246108228318E-5	1.8532246108228318E-5	1.8532246108228318E-5	1.8532246108228318E-5	1.8532246108228318E-5	1.8532246108228318E-5	0.007431430689399556	1.8532246108228318E-5	1.8532246108228318E-5	2.038547071905115E-4	0.19442179392142325	1.8532246108228318E-5	1.8532246108228318E-5	1.8532246108228318E-5	0.0029836916234247594
58	file:/data/Documents/UNAM/titulacion/codigo/analisis3/tema3/textos_a_id/2017_0760159.txt	0.06521383500817948	1.1684973124561814E-5	1.1684973124561814E-5	1.2853470437017997E-4	0.006438420191633559	0.001063332554335125	0.08566253797616266	1.2853470437017997E-4	1.1684973124561814E-5	0.15028043935498947	0.06673288151437252	0.002465529329282543	7.127833605982706E-4	1.1684973124561814E-5	0.04067539144659967	0.008074316429072213	0.3958985744332788	2.453844356157981E-4	0.021745734984809535	1.1684973124561814E-5	0.011813507828931993	0.11370647347511101	8.296330918438887E-4	1.1684973124561814E-5	1.1684973124561814E-5	0.008424865622809067	1.1684973124561814E-5	1.1684973124561814E-5	2.453844356157981E-4	0.0014138817480719794	0.0012970320168263613	1.1684973124561814E-5	1.2853470437017997E-4	0.002348679598036925	1.1684973124561814E-5	1.1684973124561814E-5	0.009009114279037158	1.1684973124561814E-5	1.1684973124561814E-5	1.1684973124561814E-5	1.1684973124561814E-5	9.464828230895068E-4	1.1684973124561814E-5	4.790838981070343E-4	1.1684973124561814E-5	1.1684973124561814E-5	0.003634026641738724	1.1684973124561814E-5	1.1684973124561814E-5	1.1684973124561814E-5
59	file:/data/Documents/UNAM/titulacion/codigo/analisis3/tema3/textos_a_id/2007_0618425.txt	0.04862781819491464	0.0011596917092847369	7.203054094936254E-6	6.55477922639199E-4	7.203054094936254E-6	7.203054094936254E-6	0.07866455377079881	0.0010876611683353743	7.203054094936254E-6	0.022984945616941584	0.195137938485918	7.203054094936254E-6	0.009083051213714615	0.030187999711877838	0.014701433407764891	0.15307210257149031	0.009659295541309515	2.9532521789238635E-4	0.16891882158035007	0.0011596917092847369	0.03364546567744724	0.14392422387092127	7.203054094936254E-6	0.0041129438882086	7.203054094936254E-6	0.020103723978967085	7.203054094936254E-6	7.203054094936254E-6	7.923359504429879E-5	7.923359504429879E-5	0.019599510192321545	1.512641359936613E-4	7.923359504429879E-5	1.512641359936613E-4	0.007642440394727364	1.512641359936613E-4	0.005985737952892026	7.203054094936254E-6	7.203054094936254E-6	7.203054094936254E-6	0.001591874954980912	0.023561189944536483	7.203054094936254E-6	7.203054094936254E-6	7.203054094936254E-6	7.203054094936254E-6	7.203054094936254E-6	7.203054094936254E-6	7.203054094936254E-6	0.0036087301015630627
60	file:/data/Documents/UNAM/titulacion/codigo/analisis3/tema3/textos_a_id/2023_0839234.txt	1.4158289678606825E-5	1.4158289678606825E-5	0.008225966303270564	1.4158289678606825E-5	1.4158289678606825E-5	1.4158289678606825E-5	0.0025626504318278353	0.5051819340223701	1.4158289678606825E-5	0.026914908679031572	0.013181367690782953	1.4158289678606825E-5	1.557411864646751E-4	1.4158289678606825E-5	2.9732408325074334E-4	4.3890698003681155E-4	1.4158289678606825E-5	1.4158289678606825E-5	1.4158289678606825E-5	1.4158289678606825E-5	0.017004105904006795	0.07292935013450376	1.557411864646751E-4	1.4158289678606825E-5	1.4158289678606825E-5	0.08637972532918024	1.4158289678606825E-5	1.4158289678606825E-5	1.4158289678606825E-5	1.4158289678606825E-5	0.0010052385671810845	1.4158289678606825E-5	1.4158289678606825E-5	1.4158289678606825E-5	1.4158289678606825E-5	1.4158289678606825E-5	1.4158289678606825E-5	1.4158289678606825E-5	1.4158289678606825E-5	1.4158289678606825E-5	1.4158289678606825E-5	1.4158289678606825E-5	1.4158289678606825E-5	0.001996318844683562	2.9732408325074334E-4	1.4158289678606825E-5	0.26279201472462127	1.4158289678606825E-5	1.4158289678606825E-5	1.4158289678606825E-5
61	file:/data/Documents/UNAM/titulacion/codigo/analisis3/tema3/textos_a_id/2011_0678343.txt	0.05784381478921907	2.3036166781847502E-5	2.3036166781847502E-5	2.3036166781847502E-5	2.3036166781847502E-5	0.017991246256622895	0.005090992858788298	0.016148352914075098	2.3036166781847502E-5	0.053006219765031094	0.2582584657912923	2.3036166781847502E-5	2.3036166781847502E-5	0.017991246256622895	2.3036166781847502E-5	2.3036166781847502E-5	0.0391845196959226	0.029970052983183598	2.3036166781847502E-5	0.010619672886431697	0.0585348997926745	0.13109882515549412	2.3036166781847502E-5	2.3036166781847502E-5	0.023059202948629346	0.06291177148122552	2.3036166781847502E-5	2.3036166781847502E-5	0.17440681870536742	2.3036166781847502E-5	2.5339783460032254E-4	4.8375950241879754E-4	2.3036166781847502E-5	2.3036166781847502E-5	4.8375950241879754E-4	2.3036166781847502E-5	2.3036166781847502E-5	2.3036166781847502E-5	2.3036166781847502E-5	2.3036166781847502E-5	2.3036166781847502E-5	0.025823542962451047	0.014305459571527299	4.8375950241879754E-4	2.5339783460032254E-4	0.0011748445058742225	2.3036166781847502E-5	2.3036166781847502E-5	2.3036166781847502E-5	2.3036166781847502E-5
62	file:/data/Documents/UNAM/titulacion/codigo/analisis3/tema3/textos_a_id/2020_0803057.txt	0.02263910158244002	8.507742045261188E-6	1.7866258295048495E-4	8.507742045261188E-6	0.002816062616981453	0.0031563722987919007	0.04067551471839374	0.009281946571379955	8.507742045261188E-6	0.12251999319380635	0.12915603198911008	8.507742045261188E-6	0.005113152969201974	0.017023991832567635	0.06432703760421984	8.507742045261188E-6	0.015577675684873234	0.018470307980262037	0.005113152969201974	0.002135443253360558	0.01855538540071465	0.11452271567126084	8.507742045261188E-6	0.002901140037434065	0.3270461119618853	0.0055385400714650325	8.507742045261188E-6	0.013961204696273608	8.507742045261188E-6	0.002135443253360558	0.006984856219159435	0.026892972605070616	8.507742045261188E-6	8.507742045261188E-6	8.507742045261188E-6	8.507742045261188E-6	8.507742045261188E-6	8.507742045261188E-6	8.507742045261188E-6	0.007495320741875106	8.507742045261188E-6	8.507742045261188E-6	8.507742045261188E-6	8.507742045261188E-6	2.637400034030968E-4	8.507742045261188E-6	1.7866258295048495E-4	0.015152288582610175	8.507742045261188E-6	8.507742045261188E-6
63	file:/data/Documents/UNAM/titulacion/codigo/analisis3/tema3/textos_a_id/2019_0795604.txt	0.034253910102860365	1.4090460758066789E-5	1.4090460758066789E-5	0.0017049457517260814	1.4090460758066789E-5	1.4090460758066789E-5	0.037635620684796395	0.006636607017049457	1.4090460758066789E-5	0.05975764407496125	0.34184866845145834	1.5499506833873468E-4	1.4090460758066789E-5	0.014668169649147526	0.026785965901084965	0.026785965901084965	0.031435817951247	0.003959419473016768	0.018190784838664223	0.002550373397210089	0.09343384528674088	0.08483866422432014	4.368042835000705E-4	1.4090460758066789E-5	0.12964632943497253	0.03538114696350571	1.4090460758066789E-5	1.4090460758066789E-5	1.4090460758066789E-5	1.5499506833873468E-4	0.003959419473016768	0.006636607017049457	1.4090460758066789E-5	1.4090460758066789E-5	1.4090460758066789E-5	5.777088910807383E-4	0.02044525855995491	1.4090460758066789E-5	1.4090460758066789E-5	1.5499506833873468E-4	1.4090460758066789E-5	1.4090460758066789E-5	1.4090460758066789E-5	1.4090460758066789E-5	1.5499506833873468E-4	0.013963646611244187	1.4090460758066789E-5	1.4090460758066789E-5	1.4090460758066789E-5	0.0035367056502747644
64	file:/data/Documents/UNAM/titulacion/codigo/analisis3/tema3/textos_a_id/2014_0709683.txt	0.03979353062629044	0.0067584308327598075	1.3764624913971096E-5	1.3764624913971096E-5	1.5141087405368204E-4	1.3764624913971096E-5	0.0117136958017894	1.3764624913971096E-5	1.3764624913971096E-5	0.17165863730213352	0.05135581555402616	0.0019408121128699242	0.008410185822436338	0.023964211975223675	0.18239504473503096	9.772883688919476E-4	9.772883688919476E-4	1.3764624913971096E-5	1.3764624913971096E-5	0.2155677907777013	0.037178251892635926	0.16821748107364073	1.3764624913971096E-5	1.3764624913971096E-5	1.3764624913971096E-5	0.057962835512732284	1.3764624913971096E-5	1.3764624913971096E-5	1.3764624913971096E-5	8.396421197522367E-4	5.643496214728148E-4	0.005519614590502409	1.3764624913971096E-5	1.3764624913971096E-5	1.3764624913971096E-5	1.3764624913971096E-5	1.3764624913971096E-5	1.3764624913971096E-5	0.007859600825877494	0.0024913971094287684	0.0016655196145905023	1.3764624913971096E-5	1.3764624913971096E-5	1.3764624913971096E-5	1.5141087405368204E-4	5.643496214728148E-4	1.3764624913971096E-5	1.3764624913971096E-5	1.3764624913971096E-5	9.772883688919476E-4
65	file:/data/Documents/UNAM/titulacion/codigo/analisis3/tema3/textos_a_id/2019_0786696.txt	0.025756718528995755	1.4144271570014146E-5	1.555869872701556E-4	1.4144271570014146E-5	0.22292786421499292	1.4144271570014146E-5	0.03735502121640736	1.4144271570014146E-5	1.4144271570014146E-5	0.06465346534653466	0.16748231966053748	1.4144271570014146E-5	0.05333804809052334	8.628005657708627E-4	0.08884016973125884	0.0014285714285714286	0.0184016973125884	1.4144271570014146E-5	0.1693210749646393	1.4144271570014146E-5	0.011895332390381895	0.1101980198019802	1.4144271570014146E-5	0.0029844413012729844	1.4144271570014146E-5	0.008783592644978784	1.4144271570014146E-5	1.4144271570014146E-5	1.4144271570014146E-5	2.97029702970297E-4	0.01330975954738331	1.4144271570014146E-5	1.555869872701556E-4	1.4144271570014146E-5	1.4144271570014146E-5	0.0014285714285714286	1.4144271570014146E-5	1.4144271570014146E-5	1.4144271570014146E-5	1.4144271570014146E-5	1.4144271570014146E-5	1.4144271570014146E-5	1.4144271570014146E-5	1.4144271570014146E-5	1.4144271570014146E-5	1.4144271570014146E-5	1.4144271570014146E-5	1.4144271570014146E-5	1.4144271570014146E-5	1.4144271570014146E-5
66	file:/data/Documents/UNAM/titulacion/codigo/analisis3/tema3/textos_a_id/2010_0658176.txt	0.09355832516454278	2.940764598795687E-4	1.400364094664613E-5	1.5404005041310743E-4	1.400364094664613E-5	0.01695840918638846	0.07199271810670775	0.00365495028707464	1.400364094664613E-5	0.05196751155300378	0.04636605517434533	1.400364094664613E-5	0.024240302478644445	1.400364094664613E-5	0.10532138355972553	1.400364094664613E-5	0.05616860383699762	1.400364094664613E-5	0.008276151799467862	0.0030948046492087944	1.400364094664613E-5	0.20208654250105026	0.006875787704803249	1.5404005041310743E-4	1.400364094664613E-5	0.01471782663492508	1.400364094664613E-5	1.400364094664613E-5	1.400364094664613E-5	0.015558045091723847	0.21777062036129394	1.400364094664613E-5	1.400364094664613E-5	1.400364094664613E-5	1.400364094664613E-5	4.3411286934602996E-4	0.0025346590113429495	1.400364094664613E-5	0.02003921019465061	0.0016944405545441814	1.400364094664613E-5	1.400364094664613E-5	0.026060775801708444	2.940764598795687E-4	0.003514913877608178	1.400364094664613E-5	1.400364094664613E-5	1.5404005041310743E-4	0.005755496429071559	1.400364094664613E-5
67	file:/data/Documents/UNAM/titulacion/codigo/analisis3/tema3/textos_a_id/2016_0746109.txt	0.01492744981117074	2.1864440469091635E-4	1.9876764062810577E-5	1.9876764062810577E-5	1.9876764062810577E-5	1.9876764062810577E-5	0.07634665076525542	1.9876764062810577E-5	1.9876764062810577E-5	0.14512025442258	0.050308089842973566	1.9876764062810577E-5	1.9876764062810577E-5	0.0010137149672033393	0.09781355595309084	0.012144702842377262	0.00379646193599682	1.9876764062810577E-5	0.002603856092228185	0.017908964420592328	0.0012124826078314449	0.14750546611011728	1.9876764062810577E-5	1.9876764062810577E-5	1.9876764062810577E-5	4.1741204531902206E-4	2.1864440469091635E-4	1.9876764062810577E-5	1.9876764062810577E-5	0.016517590936195585	0.0022063208109719735	0.3975551580202743	2.1864440469091635E-4	1.9876764062810577E-5	1.9876764062810577E-5	1.9876764062810577E-5	2.1864440469091635E-4	1.9876764062810577E-5	1.9876764062810577E-5	2.1864440469091635E-4	1.9876764062810577E-5	0.002603856092228185	1.9876764062810577E-5	0.0012124826078314449	0.0016100178890876564	1.9876764062810577E-5	0.004392764857881137	0.0012124826078314449	1.9876764062810577E-5	1.9876764062810577E-5
68	file:/data/Documents/UNAM/titulacion/codigo/analisis3/tema3/textos_a_id/2022_0831983.txt	0.04085933670968796	1.6337199803953604E-5	0.0054076131351086425	0.13757555954909328	1.6337199803953604E-5	0.05376572455481131	0.03840875673909492	0.0013233131841202416	1.6337199803953604E-5	0.09330174808037903	0.0709197843489626	0.10081685999019768	1.6337199803953604E-5	0.0054076131351086425	0.012105865054729619	1.6337199803953604E-5	1.6337199803953604E-5	0.002140173174317922	1.6337199803953604E-5	0.031873876817513476	0.2556935141316778	0.06618199640581604	1.6337199803953604E-5	1.6337199803953604E-5	1.6337199803953604E-5	0.04625061264499265	1.6337199803953604E-5	1.6337199803953604E-5	3.4308119588302564E-4	1.6337199803953604E-5	0.002140173174317922	1.6337199803953604E-5	1.6337199803953604E-5	1.7970919784348965E-4	1.6337199803953604E-5	1.6337199803953604E-5	1.6337199803953604E-5	0.002140173174317922	1.6337199803953604E-5	1.6337199803953604E-5	1.6337199803953604E-5	1.6337199803953604E-5	1.6337199803953604E-5	0.0014866851821597777	1.6337199803953604E-5	0.03056690083319719	1.6337199803953604E-5	1.7970919784348965E-4	5.064531939225617E-4	1.6337199803953604E-5
69	file:/data/Documents/UNAM/titulacion/codigo/analisis3/tema3/textos_a_id/2019_0793886.txt	0.0504516938519448	1.2547051442910917E-5	1.2547051442910917E-5	1.2547051442910917E-5	1.3801756587202008E-4	0.047314930991217065	0.07868255959849435	1.2547051442910917E-5	1.2547051442910917E-5	0.034015056461731495	0.13552070263488078	1.2547051442910917E-5	3.8895859473023843E-4	1.2547051442910917E-5	0.01971141781681305	1.2547051442910917E-5	0.017076537013801754	1.2547051442910917E-5	0.4431744040150565	0.0026474278544542035	0.0020200752823086574	0.13351317440401506	1.3801756587202008E-4	0.0028983688833124216	1.2547051442910917E-5	0.008293601003764115	1.2547051442910917E-5	1.2547051442910917E-5	1.2547051442910917E-5	1.2547051442910917E-5	0.022220828105395232	1.2547051442910917E-5	1.3801756587202008E-4	1.2547051442910917E-5	1.2547051442910917E-5	1.2547051442910917E-5	1.2547051442910917E-5	2.634880803011292E-4	1.2547051442910917E-5	1.2547051442910917E-5	1.2547051442910917E-5	1.2547051442910917E-5	1.2547051442910917E-5	1.2547051442910917E-5	6.398996235884567E-4	1.2547051442910917E-5	3.8895859473023843E-4	1.2547051442910917E-5	1.2547051442910917E-5	1.2547051442910917E-5
70	file:/data/Documents/UNAM/titulacion/codigo/analisis3/tema3/textos_a_id/2022_0825848.txt	0.010960679821402851	1.4402995823131213E-5	1.4402995823131213E-5	0.002174852369292813	1.4402995823131213E-5	1.4402995823131213E-5	0.06324355465936915	1.4402995823131213E-5	1.4402995823131213E-5	0.1581592971338038	0.06742042344807721	1.4402995823131213E-5	1.4402995823131213E-5	1.4402995823131213E-5	0.05056891833501369	5.905228287483796E-4	0.1413077920207403	1.4402995823131213E-5	0.03458159297133804	1.4402995823131213E-5	0.006351721158000864	0.11480627970617889	0.06237937490998128	1.4402995823131213E-5	1.4402995823131213E-5	0.010672619904940226	1.4402995823131213E-5	1.4402995823131213E-5	1.4402995823131213E-5	1.4402995823131213E-5	1.4402995823131213E-5	1.5843295405444335E-4	1.4402995823131213E-5	0.001166642661673628	1.5843295405444335E-4	1.4402995823131213E-5	1.4402995823131213E-5	1.4402995823131213E-5	1.4402995823131213E-5	1.4402995823131213E-5	1.4402995823131213E-5	1.4402995823131213E-5	0.2746795333429353	1.4402995823131213E-5	1.4402995823131213E-5	1.4402995823131213E-5	1.5843295405444335E-4	1.4402995823131213E-5	1.4402995823131213E-5	1.4402995823131213E-5
71	file:/data/Documents/UNAM/titulacion/codigo/analisis3/tema3/textos_a_id/2010_0657687.txt	0.09206084396467125	0.004425907752698724	9.813542688910697E-6	0.007075564278704612	9.813542688910697E-6	0.3215996074582924	0.10413150147203139	9.813542688910697E-6	9.813542688910697E-6	0.0308243375858685	0.20216879293424925	9.813542688910697E-6	9.813542688910697E-6	9.813542688910697E-6	9.813542688910697E-6	9.813542688910697E-6	0.00943081452404318	9.813542688910697E-6	0.10334641805691853	3.042198233562316E-4	0.036418056918547596	0.07096172718351325	9.813542688910697E-6	9.813542688910697E-6	9.813542688910697E-6	0.00422963689892051	9.813542688910697E-6	4.023552502453385E-4	9.813542688910697E-6	9.813542688910697E-6	0.002561334641805692	9.813542688910697E-6	9.813542688910697E-6	0.0017762512266928363	9.813542688910697E-6	9.813542688910697E-6	9.813542688910697E-6	9.813542688910697E-6	4.023552502453385E-4	9.813542688910697E-6	0.005603532875368008	8.930323846908733E-4	9.813542688910697E-6	9.813542688910697E-6	9.813542688910697E-6	1.0794896957801768E-4	9.813542688910697E-6	9.813542688910697E-6	9.813542688910697E-6	9.911678115799803E-4
72	file:/data/Documents/UNAM/titulacion/codigo/analisis3/tema3/textos_a_id/2018_0773919.txt	0.08065191387559809	9.968102073365231E-6	1.0964912280701756E-4	0.0011064593301435407	7.077352472089314E-4	9.968102073365231E-6	0.04835526315789474	9.968102073365231E-6	9.968102073365231E-6	0.22997408293460925	0.022039473684210525	0.10238237639553428	0.004495614035087719	0.009878389154704943	0.07048444976076555	2.0933014354066986E-4	0.00967902711323764	0.14913277511961723	0.03629385964912281	9.968102073365231E-6	0.07407296650717704	0.078957336523126	1.0964912280701756E-4	9.968102073365231E-6	9.968102073365231E-6	0.009180622009569378	7.077352472089314E-4	1.0964912280701756E-4	9.968102073365231E-6	7.077352472089314E-4	9.968102073365231E-6	0.045564194577352474	9.968102073365231E-6	1.0964912280701756E-4	0.0030003987240829347	9.968102073365231E-6	9.968102073365231E-6	9.968102073365231E-6	0.0026016746411483254	1.0964912280701756E-4	0.007187001594896331	9.968102073365231E-6	9.968102073365231E-6	0.0025019936204146733	9.968102073365231E-6	9.968102073365231E-6	0.0057914673046252	0.0035984848484848487	9.968102073365231E-6	9.968102073365231E-6
73	file:/data/Documents/UNAM/titulacion/codigo/analisis3/tema3/textos_a_id/2021_0811461.txt	1.5565932844118302E-4	7.412348973389667E-6	7.412348973389667E-6	0.00267585797939367	7.412348973389667E-6	0.004306574753539396	0.03640204580831666	0.0056407975687495365	7.412348973389667E-6	0.11875324290267585	0.14054554888444148	0.057675487361945	7.412348973389667E-6	0.06553257727373805	0.006456155955822399	7.412348973389667E-6	7.412348973389667E-6	7.412348973389667E-6	0.021799718330739012	7.486472463123563E-4	0.03921873841820473	0.10340968052775924	7.412348973389667E-6	0.00134163516418353	7.412348973389667E-6	0.03662441627751835	7.412348973389667E-6	7.412348973389667E-6	0.001045141205247943	7.412348973389667E-6	7.412348973389667E-6	7.412348973389667E-6	0.0029723519383292566	7.412348973389667E-6	8.153583870728634E-5	7.412348973389667E-6	7.412348973389667E-6	2.2978281817507968E-4	7.412348973389667E-6	0.3126602920465496	7.412348973389667E-6	0.03966347935660811	7.412348973389667E-6	7.412348973389667E-6	7.412348973389667E-6	1.5565932844118302E-4	0.0014157586539174265	1.5565932844118302E-4	7.412348973389667E-6	1.5565932844118302E-4
74	file:/data/Documents/UNAM/titulacion/codigo/analisis3/tema3/textos_a_id/2018_0780757.txt	0.07778265449438203	2.721207865168539E-4	2.721207865168539E-4	8.77808988764045E-6	0.004748946629213483	8.77808988764045E-6	0.12377984550561796	8.77808988764045E-6	8.77808988764045E-6	0.08699964887640449	0.08761411516853933	8.77808988764045E-6	8.77808988764045E-6	8.77808988764045E-6	0.011859199438202246	9.655898876404496E-5	0.020812851123595506	8.77808988764045E-6	0.026430828651685397	8.77808988764045E-6	0.010805828651685393	0.07242801966292135	8.77808988764045E-6	8.77808988764045E-6	0.024324087078651687	3.599016853932584E-4	8.77808988764045E-6	1.8433988764044945E-4	8.77808988764045E-6	8.77808988764045E-6	8.77808988764045E-6	0.005100070224719101	8.77808988764045E-6	9.655898876404496E-5	9.655898876404496E-5	8.77808988764045E-6	0.007031249999999999	8.77808988764045E-6	8.77808988764045E-6	8.77808988764045E-6	5.354634831460673E-4	0.436279845505618	8.77808988764045E-6	8.77808988764045E-6	8.77808988764045E-6	8.77808988764045E-6	0.0017643960674157304	8.77808988764045E-6	9.655898876404496E-5	8.77808988764045E-6
75	file:/data/Documents/UNAM/titulacion/codigo/analisis3/tema3/textos_a_id/2015_0725033.txt	0.011173100120627262	1.5078407720144754E-5	1.5078407720144754E-5	1.5078407720144754E-5	1.5078407720144754E-5	1.5078407720144754E-5	0.06907418576598312	0.10013570566948131	1.5078407720144754E-5	0.05067852834740652	0.21397768395657418	1.5078407720144754E-5	0.0013721351025331725	0.04072677925211098	1.5078407720144754E-5	1.5078407720144754E-5	0.004689384800965019	1.5078407720144754E-5	0.08852533172496985	1.658624849215923E-4	0.08219240048250905	0.0915410132689988	1.5078407720144754E-5	1.5078407720144754E-5	1.5078407720144754E-5	0.020823281061519903	1.5078407720144754E-5	1.658624849215923E-4	1.5078407720144754E-5	1.5078407720144754E-5	1.5078407720144754E-5	1.658624849215923E-4	1.5078407720144754E-5	3.166465621230398E-4	0.06590772014475271	1.5078407720144754E-5	1.5078407720144754E-5	1.5078407720144754E-5	1.5078407720144754E-5	1.658624849215923E-4	0.010720747889022919	7.689987937273823E-4	1.5078407720144754E-5	1.5078407720144754E-5	0.003483112183353438	0.14280759951749095	1.5078407720144754E-5	1.5078407720144754E-5	1.5078407720144754E-5	1.5078407720144754E-5
76	file:/data/Documents/UNAM/titulacion/codigo/analisis3/tema3/textos_a_id/2007_0619316.txt	0.017063297350343475	1.2266928361138371E-5	0.026263493621197252	1.2266928361138371E-5	1.2266928361138371E-5	1.2266928361138371E-5	0.05545878312070658	0.017185966633954858	1.2266928361138371E-5	0.08980618253189401	0.005164376840039254	0.004796368989205103	1.3493621197252208E-4	1.2266928361138371E-5	0.001852306182531894	1.2266928361138371E-5	1.2266928361138371E-5	1.2266928361138371E-5	1.2266928361138371E-5	1.2266928361138371E-5	0.0034470068694798825	0.07116045142296369	1.2266928361138371E-5	1.3493621197252208E-4	1.3493621197252208E-4	0.03767173699705594	0.003937684003925418	1.2266928361138371E-5	1.2266928361138371E-5	1.2266928361138371E-5	1.3493621197252208E-4	1.2266928361138371E-5	1.2266928361138371E-5	1.2266928361138371E-5	1.2266928361138371E-5	1.2266928361138371E-5	5.029440628066731E-4	2.576054955839058E-4	1.2266928361138371E-5	1.2266928361138371E-5	0.0014842983316977428	1.2266928361138371E-5	1.3493621197252208E-4	0.005164376840039254	0.005532384690873406	1.2266928361138371E-5	0.4845559371933268	1.2266928361138371E-5	0.16770117762512265	1.2266928361138371E-5
77	file:/data/Documents/UNAM/titulacion/codigo/analisis3/tema3/textos_a_id/2023_0835973.txt	0.02808622828784119	1.7059553349875933E-4	1.5508684863523573E-5	0.008700372208436724	0.004357940446650124	0.009320719602977668	0.06592741935483871	0.004668114143920596	1.5508684863523573E-5	0.12517059553349877	0.13525124069478908	0.0012562034739454094	0.008080024813895782	0.005288461538461539	0.01862593052109181	1.5508684863523573E-5	0.08329714640198511	1.5508684863523573E-5	0.027155707196029777	1.5508684863523573E-5	0.026380272952853598	0.12284429280397023	1.5508684863523573E-5	1.5508684863523573E-5	9.460297766749379E-4	0.030877791563275435	1.5508684863523573E-5	1.5508684863523573E-5	1.5508684863523573E-5	1.5508684863523573E-5	0.07182071960297767	0.0011011166253101737	1.5508684863523573E-5	1.5508684863523573E-5	1.7059553349875933E-4	1.5508684863523573E-5	0.019866625310173698	1.5508684863523573E-5	1.5508684863523573E-5	1.5508684863523573E-5	1.5508684863523573E-5	1.5508684863523573E-5	0.010716501240694789	1.5508684863523573E-5	0.18813585607940445	1.5508684863523573E-5	0.0012562034739454094	1.5508684863523573E-5	1.5508684863523573E-5	1.7059553349875933E-4
78	file:/data/Documents/UNAM/titulacion/codigo/analisis3/tema3/textos_a_id/2009_0638953.txt	0.02715345638798408	9.048136083966704E-6	9.048136083966704E-6	9.048136083966704E-6	0.03819218241042346	9.048136083966704E-6	0.05402642055736519	0.0019091567137169744	0.003628302569670648	0.14821751719145856	0.06397937024972856	0.004352153456387984	0.059455302207745205	0.004442634817227651	0.13419290626131017	9.048136083966704E-6	0.04588309808179515	9.048136083966704E-6	9.952949692363374E-5	9.048136083966704E-6	0.02281035106768006	0.178528773072747	0.030139341295693088	9.048136083966704E-6	9.048136083966704E-6	0.017381469417300035	9.048136083966704E-6	9.048136083966704E-6	1.9001085776330077E-4	1.9001085776330077E-4	0.00570937386898299	1.9001085776330077E-4	9.048136083966704E-6	9.952949692363374E-5	9.048136083966704E-6	9.048136083966704E-6	9.048136083966704E-6	9.048136083966704E-6	7.328990228013029E-4	9.048136083966704E-6	9.048136083966704E-6	6.424176619616358E-4	2.804922186029678E-4	1.9001085776330077E-4	4.614549402823018E-4	9.048136083966704E-6	9.048136083966704E-6	9.048136083966704E-6	9.048136083966704E-6	0.15672276511038724
79	file:/data/Documents/UNAM/titulacion/codigo/analisis3/tema3/textos_a_id/2017_0755175.txt	0.08410516160154365	8.039877793857535E-6	8.039877793857535E-6	8.924264351181861E-4	8.039877793857535E-6	8.039877793857535E-6	0.07815565203408908	4.100337674867342E-4	8.039877793857535E-6	0.08788390416465669	0.16080559575494452	0.0043495738864769255	0.005877150667309856	0.008610709117221418	0.023323685479980705	0.03948383984563435	0.01858015758160476	8.039877793857535E-6	0.06103071233317254	8.039877793857535E-6	0.07268853513426596	0.1012301013024602	5.708313233638849E-4	0.0066007396687570346	8.039877793857535E-6	8.039877793857535E-6	8.039877793857535E-6	8.039877793857535E-6	1.688374336710082E-4	4.904325454253095E-4	8.039877793857535E-6	4.904325454253095E-4	8.039877793857535E-6	8.039877793857535E-6	0.005796751889371281	8.039877793857535E-6	0.01375623090529024	8.039877793857535E-6	5.708313233638849E-4	8.039877793857535E-6	0.20446213217559092	0.007243929892265637	0.0025808007718282682	8.039877793857535E-6	8.039877793857535E-6	8.039877793857535E-6	8.039877793857535E-6	0.003947579996784049	8.843865573243288E-5	0.00563595433349413
80	file:/data/Documents/UNAM/titulacion/codigo/analisis3/tema3/textos_a_id/2015_0729372.txt	0.018607010030429392	1.1270145384875466E-5	1.1270145384875466E-5	1.1270145384875466E-5	0.1035839062323904	0.008238476276343965	0.02987715541530486	1.1270145384875466E-5	1.1270145384875466E-5	0.15396145610278372	0.12150343739434237	1.1270145384875466E-5	0.02435478417671588	0.005195537022427589	0.03303279612306999	1.1270145384875466E-5	0.03630113828468388	1.1270145384875466E-5	0.01838160712273188	1.1270145384875466E-5	0.017930801307336864	0.13412600022540289	1.1270145384875466E-5	1.1270145384875466E-5	0.028412036515271046	0.01680378676884932	1.1270145384875466E-5	3.4937450693113943E-4	1.1270145384875466E-5	1.1270145384875466E-5	0.005759044291671363	1.1270145384875466E-5	1.1270145384875466E-5	0.24062887411247605	1.1270145384875466E-5	1.1270145384875466E-5	1.1270145384875466E-5	1.1270145384875466E-5	2.3667305308238478E-4	0.0017017919531161952	5.747774146286486E-4	1.1270145384875466E-5	1.2397159923363012E-4	1.1270145384875466E-5	1.1270145384875466E-5	1.1270145384875466E-5	1.1270145384875466E-5	1.1270145384875466E-5	1.1270145384875466E-5	1.1270145384875466E-5
81	file:/data/Documents/UNAM/titulacion/codigo/analisis3/tema3/textos_a_id/2009_0642509.txt	0.045520597710603884	0.002885735828363836	3.495784495167592E-4	6.854479402289396E-6	6.854479402289396E-6	6.854479402289396E-6	0.13140722462129	6.854479402289396E-6	6.854479402289396E-6	0.07999862910411953	0.06526149838919734	6.854479402289396E-6	3.495784495167592E-4	0.029001302351086437	0.15135375968195214	6.854479402289396E-6	0.1540955514428679	0.0030228254164096236	6.854479402289396E-6	0.005970251559394063	0.005284803619165124	0.13510864349852628	6.854479402289396E-6	0.0021317430941120022	6.854479402289396E-6	0.00590170676537117	6.854479402289396E-6	7.539927342518336E-5	0.0013777503598601686	0.006038796353416958	0.00226883268215779	0.004942079649050655	6.854479402289396E-6	6.854479402289396E-6	1.4394406744807733E-4	6.237576256083351E-4	6.237576256083351E-4	7.539927342518336E-5	0.021461375008568102	0.0019946535060662144	6.854479402289396E-6	0.008232229762149565	3.495784495167592E-4	0.0017890191239975325	0.005490438001233806	6.854479402289396E-6	8.293920076770169E-4	6.854479402289396E-6	0.0013092055658372747	0.12462129001302351
82	file:/data/Documents/UNAM/titulacion/codigo/analisis3/tema3/textos_a_id/2007_0624813.txt	0.056621621621621626	0.013828828828828828	0.010225225225225225	1.6516516516516518E-4	0.02539039039039039	1.5015015015015016E-5	0.07388888888888889	1.5015015015015016E-5	1.5015015015015016E-5	0.144009009009009	0.046861861861861864	1.5015015015015016E-5	1.5015015015015016E-5	0.04040540540540541	0.05797297297297298	1.5015015015015016E-5	0.008573573573573573	1.5015015015015016E-5	1.5015015015015016E-5	1.5015015015015016E-5	0.020285285285285285	0.13154654654654654	1.5015015015015016E-5	1.5015015015015016E-5	1.5015015015015016E-5	0.0377027027027027	1.5015015015015016E-5	1.5015015015015016E-5	0.002567567567567568	0.312027027027027	1.5015015015015016E-5	1.5015015015015016E-5	1.6516516516516518E-4	1.5015015015015016E-5	1.5015015015015016E-5	1.5015015015015016E-5	1.5015015015015016E-5	1.5015015015015016E-5	1.5015015015015016E-5	1.5015015015015016E-5	1.5015015015015016E-5	1.5015015015015016E-5	1.6516516516516518E-4	1.5015015015015016E-5	0.006471471471471472	1.5015015015015016E-5	0.0033183183183183185	0.002567567567567568	1.5015015015015016E-5	0.00481981981981982
83	file:/data/Documents/UNAM/titulacion/codigo/analisis3/tema3/textos_a_id/2013_0696151.txt	7.404664938911514E-6	7.404664938911514E-6	8.145131432802666E-5	7.404664938911514E-6	8.145131432802666E-5	0.007856349500185116	7.404664938911514E-6	0.4404368752313958	7.404664938911514E-6	0.0737578674564976	0.0468789337282488	7.404664938911514E-6	7.404664938911514E-6	0.008596815994076268	0.005116623472787856	7.404664938911514E-6	7.404664938911514E-6	7.404664938911514E-6	7.404664938911514E-6	7.404664938911514E-6	0.004228063680118474	0.20208071084783413	7.404664938911514E-6	7.404664938911514E-6	7.404664938911514E-6	0.048285820066641984	7.404664938911514E-6	7.404664938911514E-6	7.404664938911514E-6	7.404664938911514E-6	0.004820436875231395	7.404664938911514E-6	7.404664938911514E-6	7.404664938911514E-6	7.404664938911514E-6	8.145131432802666E-5	7.404664938911514E-6	7.404664938911514E-6	8.145131432802666E-5	7.404664938911514E-6	7.404664938911514E-6	3.0359126249537204E-4	7.404664938911514E-6	3.0359126249537204E-4	7.404664938911514E-6	7.404664938911514E-6	0.15676416142169566	7.404664938911514E-6	7.404664938911514E-6	7.404664938911514E-6
84	file:/data/Documents/UNAM/titulacion/codigo/analisis3/tema3/textos_a_id/2020_0802619.txt	0.06187337003767024	7.244277021153289E-6	2.970153578672848E-4	7.244277021153289E-6	7.244277021153289E-6	0.025362213851057667	0.09932628223703274	7.244277021153289E-6	7.244277021153289E-6	0.028187481889307447	0.08208490292668791	7.244277021153289E-6	7.244277021153289E-6	7.244277021153289E-6	0.10338307736887858	7.244277021153289E-6	0.013191828455520138	7.244277021153289E-6	0.08222978846711097	7.244277021153289E-6	0.0024702984642132717	0.08643146913937988	7.244277021153289E-6	7.244277021153289E-6	2.970153578672848E-4	0.005440452042886119	7.968704723268618E-5	7.968704723268618E-5	7.244277021153289E-6	7.244277021153289E-6	7.244277021153289E-6	7.244277021153289E-6	7.244277021153289E-6	7.244277021153289E-6	7.244277021153289E-6	7.244277021153289E-6	7.244277021153289E-6	7.244277021153289E-6	7.244277021153289E-6	7.244277021153289E-6	5.143436685018835E-4	2.970153578672848E-4	0.4051796580701246	7.244277021153289E-6	7.244277021153289E-6	7.244277021153289E-6	7.244277021153289E-6	7.244277021153289E-6	7.244277021153289E-6	0.0030498406259055347
85	file:/data/Documents/UNAM/titulacion/codigo/analisis3/tema3/textos_a_id/2021_0809309.txt	0.025237717908082408	1.3206550449022716E-5	0.027614896988906498	1.3206550449022716E-5	1.3206550449022716E-5	0.22360010565240357	0.029067617538298996	5.414685684099312E-4	1.3206550449022716E-5	0.15175647120972	0.029727945060750133	1.3206550449022716E-5	1.3206550449022716E-5	0.0068806127839408345	0.15571843634442684	5.414685684099312E-4	1.3206550449022716E-5	1.3206550449022716E-5	0.03633122028526149	1.3206550449022716E-5	0.0033148441627047017	0.1677363972530375	1.3206550449022716E-5	5.414685684099312E-4	6.735340729001584E-4	0.027350765979926042	1.3206550449022716E-5	5.414685684099312E-4	1.3206550449022716E-5	2.7733755942947703E-4	1.3206550449022716E-5	0.06987585842577919	1.3206550449022716E-5	6.735340729001584E-4	1.3206550449022716E-5	4.094030639197042E-4	1.3206550449022716E-5	1.3206550449022716E-5	2.7733755942947703E-4	1.3206550449022716E-5	0.023256735340729	1.3206550449022716E-5	0.011106708927628103	1.3206550449022716E-5	1.3206550449022716E-5	0.006352350765979926	1.3206550449022716E-5	1.3206550449022716E-5	2.7733755942947703E-4	1.3206550449022716E-5
86	file:/data/Documents/UNAM/titulacion/codigo/analisis3/tema3/textos_a_id/2010_0663796.txt	0.03363381654281886	0.009148495553660615	1.2181751735899623E-5	1.3399926909489585E-4	1.2181751735899623E-5	1.2181751735899623E-5	0.08686807162870021	1.2181751735899623E-5	1.2181751735899623E-5	0.07724448775733951	0.036557436959434766	1.2181751735899623E-5	3.776343038128883E-4	0.05361188938969424	0.07054452430259471	1.2181751735899623E-5	1.2181751735899623E-5	0.009270313071019613	1.2181751735899623E-5	0.027299305640151053	0.005737605067608722	0.15289316603727615	1.2181751735899623E-5	7.430868558898769E-4	1.2181751735899623E-5	0.0012303569253258619	1.2181751735899623E-5	3.776343038128883E-4	1.3399926909489585E-4	1.2181751735899623E-5	1.2181751735899623E-5	0.3871482519186259	0.00866122548422463	1.2181751735899623E-5	2.558167864538921E-4	1.3399926909489585E-4	1.2181751735899623E-5	1.2181751735899623E-5	6.212693385308807E-4	0.0025703496162748207	1.2181751735899623E-5	0.017919356803508344	1.2181751735899623E-5	1.2181751735899623E-5	1.2181751735899623E-5	1.2181751735899623E-5	1.2181751735899623E-5	0.0065903276891216955	8.649043732488731E-4	0.009148495553660615
87	file:/data/Documents/UNAM/titulacion/codigo/analisis3/tema3/textos_a_id/2018_0782154.txt	1.2535612535612538E-4	1.1396011396011397E-5	1.1396011396011397E-5	1.1396011396011397E-5	1.1396011396011397E-5	1.1396011396011397E-5	1.1396011396011397E-5	0.17687749287749285	1.1396011396011397E-5	0.048672364672364674	0.028387464387464388	2.3931623931623932E-4	1.1396011396011397E-5	1.1396011396011397E-5	0.006051282051282051	1.1396011396011397E-5	1.1396011396011397E-5	1.1396011396011397E-5	1.1396011396011397E-5	1.1396011396011397E-5	0.007076923076923077	0.17003988603988604	1.1396011396011397E-5	1.2535612535612538E-4	1.1396011396011397E-5	0.07602279202279202	1.1396011396011397E-5	1.1396011396011397E-5	1.1396011396011397E-5	1.1396011396011397E-5	0.002062678062678063	3.532763532763533E-4	1.2535612535612538E-4	1.1396011396011397E-5	1.1396011396011397E-5	1.1396011396011397E-5	1.1396011396011397E-5	1.1396011396011397E-5	1.1396011396011397E-5	1.1396011396011397E-5	1.1396011396011397E-5	1.1396011396011397E-5	1.1396011396011397E-5	1.1396011396011397E-5	1.1396011396011397E-5	1.1396011396011397E-5	0.4834301994301995	1.1396011396011397E-5	1.1396011396011397E-5	1.1396011396011397E-5
88	file:/data/Documents/UNAM/titulacion/codigo/analisis3/tema3/textos_a_id/2017_0767426.txt	0.014309623430962343	7.607455306200077E-6	3.1190566755420307E-4	7.607455306200077E-6	8.368200836820084E-5	7.607455306200077E-6	0.039338151388360595	1.597565614302016E-4	7.607455306200077E-6	0.13785469760365157	0.037892734880182584	7.607455306200077E-6	7.607455306200077E-6	0.006017497147204259	0.24770635222518067	7.607455306200077E-6	0.00396348421453024	0.23728413845568658	0.0073107645492582725	7.607455306200077E-6	9.205020920502092E-4	0.15344998098136173	7.607455306200077E-6	7.683529859262077E-4	7.607455306200077E-6	0.014842145302396349	2.3583111449220235E-4	7.607455306200077E-6	8.368200836820084E-5	7.607455306200077E-6	7.607455306200077E-6	0.0898516546215291	0.003202738683910232	7.607455306200077E-6	7.607455306200077E-6	7.607455306200077E-6	7.607455306200077E-6	4.640547736782046E-4	7.607455306200077E-6	7.607455306200077E-6	8.368200836820084E-5	7.607455306200077E-6	7.607455306200077E-6	6.162038798022061E-4	0.0011487257512362114	1.597565614302016E-4	7.607455306200077E-6	1.597565614302016E-4	7.607455306200077E-6	0.0016051730696082162
89	file:/data/Documents/UNAM/titulacion/codigo/analisis3/tema3/textos_a_id/2019_0789676.txt	0.08073317082317645	5.719107444215263E-4	1.0313144571535721E-4	9.375585974123383E-6	9.375585974123383E-6	0.23768048003000186	0.09367147946746672	9.375585974123383E-6	9.375585974123383E-6	0.056356647290455655	0.040511906994187136	3.8439902493905863E-4	9.375585974123383E-6	7.594224639039939E-4	0.055419088693043315	1.0313144571535721E-4	9.375585974123383E-6	9.375585974123383E-6	0.1778642415150947	9.375585974123383E-6	0.004790924432777049	0.10726607912994561	0.0016032252015750986	9.375585974123383E-6	9.375585974123383E-6	0.015291580723795236	9.375585974123383E-6	9.375585974123383E-6	0.0011344459028689293	7.594224639039939E-4	0.031136321020063758	0.08279579973748359	9.375585974123383E-6	9.375585974123383E-6	9.375585974123383E-6	9.375585974123383E-6	9.375585974123383E-6	1.0313144571535721E-4	9.375585974123383E-6	9.375585974123383E-6	0.008916182261391336	8.531783236452278E-4	1.0313144571535721E-4	9.375585974123383E-6	7.594224639039939E-4	9.375585974123383E-6	9.375585974123383E-6	9.375585974123383E-6	1.0313144571535721E-4	9.375585974123383E-6
90	file:/data/Documents/UNAM/titulacion/codigo/analisis3/tema3/textos_a_id/2022_0826596.txt	0.040710592894071064	0.005620943790562095	0.0027609723902760975	1.099989000109999E-5	0.0012209877901220988	1.099989000109999E-5	0.027070729292707072	0.008040919590804092	1.099989000109999E-5	0.14795952040479593	0.08361016389836103	1.099989000109999E-5	1.099989000109999E-5	1.099989000109999E-5	0.14685953140468594	1.099989000109999E-5	1.099989000109999E-5	1.099989000109999E-5	0.036530634693653065	0.0037509624903750965	0.014970850291497084	0.17072929270707293	1.099989000109999E-5	1.099989000109999E-5	1.099989000109999E-5	0.006830931690683093	1.099989000109999E-5	1.099989000109999E-5	1.099989000109999E-5	1.099989000109999E-5	6.709932900670993E-4	0.12496975030249696	1.099989000109999E-5	3.409965900340997E-4	1.099989000109999E-5	1.099989000109999E-5	1.099989000109999E-5	1.099989000109999E-5	1.099989000109999E-5	1.099989000109999E-5	0.17622923770762292	1.099989000109999E-5	3.409965900340997E-4	1.099989000109999E-5	1.099989000109999E-5	1.099989000109999E-5	1.099989000109999E-5	1.2099879001209988E-4	3.409965900340997E-4	1.099989000109999E-5
91	file:/data/Documents/UNAM/titulacion/codigo/analisis3/tema3/textos_a_id/2018_0777460.txt	0.04052815627637767	1.205836247437598E-5	1.205836247437598E-5	1.205836247437598E-5	1.205836247437598E-5	0.029193295550464245	0.05789219823947908	0.00362956710478717	1.205836247437598E-5	0.0587362836126854	0.11227541299891475	1.205836247437598E-5	1.205836247437598E-5	2.532256119618956E-4	0.12602194621970336	0.004111901603762209	0.0010973109851682141	1.205836247437598E-5	0.055601109369347645	2.532256119618956E-4	0.014240926082238032	0.15472084890871818	1.205836247437598E-5	1.205836247437598E-5	1.205836247437598E-5	0.03317255516700832	2.532256119618956E-4	1.205836247437598E-5	4.943928614494151E-4	1.205836247437598E-5	0.020270107319426023	1.205836247437598E-5	1.205836247437598E-5	1.205836247437598E-5	1.205836247437598E-5	2.532256119618956E-4	0.008694079344025081	1.205836247437598E-5	1.205836247437598E-5	1.205836247437598E-5	0.010020499216206439	1.205836247437598E-5	0.2672253707946461	1.326419872181358E-4	1.205836247437598E-5	1.205836247437598E-5	1.205836247437598E-5	1.205836247437598E-5	1.205836247437598E-5	6.14976486193175E-4
92	file:/data/Documents/UNAM/titulacion/codigo/analisis3/tema3/textos_a_id/2016_0743094.txt	0.01955240174672489	1.091703056768559E-5	0.018024017467248906	1.091703056768559E-5	1.091703056768559E-5	0.38822052401746726	0.024465065502183407	0.018024017467248906	1.091703056768559E-5	0.10012008733624454	0.11147379912663756	0.0033951965065502185	1.091703056768559E-5	0.007106986899563318	0.03822052401746725	1.091703056768559E-5	0.02675764192139738	1.091703056768559E-5	0.0012117903930131005	1.091703056768559E-5	0.012456331877729257	0.19717248908296942	1.091703056768559E-5	1.091703056768559E-5	1.091703056768559E-5	0.020425764192139737	1.091703056768559E-5	1.091703056768559E-5	1.091703056768559E-5	1.091703056768559E-5	1.091703056768559E-5	1.091703056768559E-5	1.091703056768559E-5	1.091703056768559E-5	3.3842794759825326E-4	1.091703056768559E-5	1.091703056768559E-5	1.091703056768559E-5	1.091703056768559E-5	1.091703056768559E-5	1.091703056768559E-5	1.091703056768559E-5	0.0030676855895196507	1.2008733624454149E-4	1.091703056768559E-5	1.091703056768559E-5	0.009399563318777292	1.2008733624454149E-4	1.091703056768559E-5	1.091703056768559E-5
93	file:/data/Documents/UNAM/titulacion/codigo/analisis3/tema3/textos_a_id/2022_0825705.txt	0.0875064135454079	2.5654181631605954E-5	2.5654181631605954E-5	2.5654181631605954E-5	2.5654181631605954E-5	2.5654181631605954E-5	0.01875320677270395	2.5654181631605954E-5	2.5654181631605954E-5	0.1167521806054387	0.143945613134941	2.5654181631605954E-5	0.004899948691636737	2.5654181631605954E-5	0.030297588506926626	2.5654181631605954E-5	0.041585428424833246	2.5654181631605954E-5	0.19858902001026169	2.5654181631605954E-5	0.05184710107747563	0.10597742432016419	2.5654181631605954E-5	0.0041303232426885585	2.5654181631605954E-5	0.0023345305284761413	2.5654181631605954E-5	2.5654181631605954E-5	2.821959979476655E-4	2.5654181631605954E-5	2.5654181631605954E-5	2.5654181631605954E-5	2.5654181631605954E-5	2.821959979476655E-4	2.5654181631605954E-5	2.821959979476655E-4	0.15215495125705492	2.5654181631605954E-5	0.001051821446895844	2.5654181631605954E-5	0.010543868650590047	2.5654181631605954E-5	7.952796305797845E-4	2.5654181631605954E-5	0.024397126731657257	2.5654181631605954E-5	0.0028476141611082605	2.5654181631605954E-5	2.5654181631605954E-5	2.5654181631605954E-5
94	file:/data/Documents/UNAM/titulacion/codigo/analisis3/tema3/textos_a_id/2006_0604700.txt	0.0989286762547696	6.017023774581743E-4	1.4675667742882302E-5	1.4675667742882302E-5	8.952157323158203E-4	1.4675667742882302E-5	0.018799530378632228	1.4675667742882302E-5	1.4675667742882302E-5	0.22455239213384207	0.12739947167596127	7.484590548869973E-4	0.0011887290871734663	1.4675667742882302E-5	0.04037276196066921	0.027164660992075138	0.0989286762547696	1.4675667742882302E-5	0.00823304960375697	0.009113589668329909	0.04213384208981509	0.10010272967420018	1.4675667742882302E-5	1.4675667742882302E-5	1.4675667742882302E-5	0.009847373055474022	1.4675667742882302E-5	1.4675667742882302E-5	0.16951863809803344	1.4675667742882302E-5	1.4675667742882302E-5	0.0017757557968887583	1.4675667742882302E-5	1.4675667742882302E-5	0.006471969474611095	0.0010419724097446433	1.4675667742882302E-5	1.4675667742882302E-5	0.003243322571176989	1.6143234517170533E-4	1.4675667742882302E-5	0.0026562958614616966	1.4675667742882302E-5	0.004710889345465219	3.0818902260052833E-4	7.484590548869973E-4	1.4675667742882302E-5	1.4675667742882302E-5	1.4675667742882302E-5	1.4675667742882302E-5
95	file:/data/Documents/UNAM/titulacion/codigo/analisis3/tema3/textos_a_id/2021_0813616.txt	0.012524922965379734	0.010712343665035345	0.04406380279137212	3.8064165307232195E-4	1.8125793003443903E-5	1.9938372303788293E-4	0.004912089903933298	0.3933478339677361	1.8125793003443903E-5	0.12309226028638753	0.016150081566068515	0.010531085735000906	1.8125793003443903E-5	0.005274605764002176	1.8125793003443903E-5	1.8125793003443903E-5	1.8125793003443903E-5	1.8125793003443903E-5	1.8125793003443903E-5	1.8125793003443903E-5	1.9938372303788293E-4	0.09390973355084285	1.8125793003443903E-5	1.8125793003443903E-5	1.8125793003443903E-5	0.041163675910821096	0.0014681892332789558	0.002374478883451151	1.8125793003443903E-5	0.0036432843936922243	1.8125793003443903E-5	0.010893601595069784	1.8125793003443903E-5	1.8125793003443903E-5	1.8125793003443903E-5	7.431575131411998E-4	1.8125793003443903E-5	1.8125793003443903E-5	1.8125793003443903E-5	1.8125793003443903E-5	3.8064165307232195E-4	5.618995831067609E-4	1.8125793003443903E-5	1.8125793003443903E-5	0.0012869313032445168	0.0014681892332789558	0.16423781040420518	0.05512053652347291	3.8064165307232195E-4	5.618995831067609E-4
96	file:/data/Documents/UNAM/titulacion/codigo/analisis3/tema3/textos_a_id/2015_0733028.txt	0.05361935134484626	6.017209218364523E-6	1.865334857693002E-4	6.017209218364523E-6	1.2636139358565497E-4	6.017209218364523E-6	0.14435886635778325	6.017209218364523E-6	6.017209218364523E-6	0.06571394187375895	0.1292556712196883	6.017209218364523E-6	0.008369938022745051	0.04381130031891209	0.024195198267043746	0.3440700403153018	0.02894879354955172	6.017209218364523E-6	0.005662193874481016	0.004458752030808111	0.011799747277212828	0.10404356459474096	5.475660388711716E-4	0.0016306636981767858	6.017209218364523E-6	0.0070461519947048554	6.017209218364523E-6	6.017209218364523E-6	6.017209218364523E-6	6.017209218364523E-6	6.017209218364523E-6	0.006564775257235694	6.017209218364523E-6	6.017209218364523E-6	6.017209218364523E-6	1.865334857693002E-4	6.017209218364523E-6	6.017209218364523E-6	0.0015103195138094952	0.0010891148685239786	0.0010289427763403335	0.008971658944581502	1.2636139358565497E-4	6.017209218364523E-6	6.017209218364523E-6	6.017209218364523E-6	6.017209218364523E-6	6.618930140200975E-5	6.017209218364523E-6	0.0024730729887478186
97	file:/data/Documents/UNAM/titulacion/codigo/analisis3/tema3/textos_a_id/2015_0738830.txt	0.08655200433369448	0.010035211267605633	1.3542795232936078E-5	1.3542795232936078E-5	0.25854550379198266	1.3542795232936078E-5	0.06501895991332611	0.003263813651137595	1.3542795232936078E-5	0.12257583965330444	0.09603196099674974	0.007326652221018418	0.056757854821235104	1.3542795232936078E-5	0.06556067172264356	1.3542795232936078E-5	0.03508938244853738	1.3542795232936078E-5	0.009899783315276273	2.8439869989165765E-4	0.02479685807150596	0.12176327193932827	8.261105092091007E-4	1.3542795232936078E-5	1.3542795232936078E-5	0.023713434452871072	1.3542795232936078E-5	1.4897074756229687E-4	1.3542795232936078E-5	1.3542795232936078E-5	1.3542795232936078E-5	4.1982665222101845E-4	1.3542795232936078E-5	0.0015032502708559046	1.3542795232936078E-5	1.3542795232936078E-5	1.3542795232936078E-5	1.3542795232936078E-5	0.008545503791982665	1.3542795232936078E-5	1.4897074756229687E-4	1.3542795232936078E-5	1.3542795232936078E-5	2.8439869989165765E-4	1.3542795232936078E-5	1.3542795232936078E-5	1.4897074756229687E-4	1.3542795232936078E-5	1.3542795232936078E-5	4.1982665222101845E-4
98	file:/data/Documents/UNAM/titulacion/codigo/analisis3/tema3/textos_a_id/2009_0651972.txt	0.024916018025399427	8.193363375665711E-6	8.193363375665711E-6	8.193363375665711E-6	0.0331913150348218	8.193363375665711E-6	0.04490782466202376	0.0013191315034821796	8.193363375665711E-6	0.08702171241294551	0.1107005325686194	0.004842277755018435	8.193363375665711E-6	0.01344530929946743	0.08546497337156903	8.193363375665711E-6	0.00811962310528472	8.193363375665711E-6	0.002466202376075379	8.193363375665711E-6	0.019590331831216713	0.1319213437115936	8.193363375665711E-6	8.193363375665711E-6	3.359278984022941E-4	0.009184760344121261	8.193363375665711E-6	0.003203605079885293	8.193363375665711E-6	0.411888570258091	8.193363375665711E-6	8.193363375665711E-6	8.193363375665711E-6	8.193363375665711E-6	1.7206063088897992E-4	0.002466202376075379	9.012699713232282E-5	8.193363375665711E-6	8.193363375665711E-6	8.193363375665711E-6	8.193363375665711E-6	9.012699713232282E-5	8.193363375665711E-6	8.193363375665711E-6	7.455960671855796E-4	8.193363375665711E-6	9.012699713232282E-5	0.0012371978697255223	8.193363375665711E-6	0.002384268742318722
99	file:/data/Documents/UNAM/titulacion/codigo/analisis3/tema3/textos_a_id/2023_0849125.txt	0.06102697245059859	1.4423770373575654E-5	1.4423770373575654E-5	1.4423770373575654E-5	1.4423770373575654E-5	1.4423770373575654E-5	0.06477715274772826	1.4423770373575654E-5	1.4423770373575654E-5	0.05367084956007501	0.20050483196307514	1.4423770373575654E-5	0.008812923698254723	1.4423770373575654E-5	0.04112216933506419	0.17295543054954562	0.015447858070099523	1.4423770373575654E-5	0.22214048752343862	1.4423770373575654E-5	0.017034472811192844	0.12030866868599452	3.0289917784508873E-4	0.0018895139189384104	1.4423770373575654E-5	1.4423770373575654E-5	1.4423770373575654E-5	7.356122890523582E-4	1.4423770373575654E-5	1.4423770373575654E-5	1.586614741093322E-4	1.4423770373575654E-5	1.4423770373575654E-5	1.4423770373575654E-5	1.4423770373575654E-5	1.4423770373575654E-5	0.01689023510745709	1.4423770373575654E-5	1.4423770373575654E-5	1.4423770373575654E-5	7.356122890523582E-4	1.4423770373575654E-5	1.4423770373575654E-5	1.4423770373575654E-5	8.798499927881148E-4	1.4423770373575654E-5	1.4423770373575654E-5	1.586614741093322E-4	1.4423770373575654E-5	1.4423770373575654E-5
100	file:/data/Documents/UNAM/titulacion/codigo/analisis3/tema3/textos_a_id/2022_0823200.txt	1.9904458598726117E-5	1.9904458598726117E-5	1.9904458598726117E-5	0.0022093949044585987	1.9904458598726117E-5	1.9904458598726117E-5	0.005593152866242039	0.012161624203821657	1.9904458598726117E-5	0.041023089171974524	0.19010748407643313	1.9904458598726117E-5	1.9904458598726117E-5	0.03007563694267516	0.004796974522292994	1.9904458598726117E-5	1.9904458598726117E-5	1.9904458598726117E-5	1.9904458598726117E-5	1.9904458598726117E-5	0.08640525477707006	0.11626194267515924	1.9904458598726117E-5	1.9904458598726117E-5	0.007981687898089172	0.011365445859872612	1.9904458598726117E-5	1.9904458598726117E-5	8.160828025477706E-4	1.9904458598726117E-5	1.9904458598726117E-5	1.9904458598726117E-5	0.4793192675159236	1.9904458598726117E-5	0.0022093949044585987	4.179936305732484E-4	2.1894904458598727E-4	1.9904458598726117E-5	1.9904458598726117E-5	0.0024084394904458598	1.9904458598726117E-5	0.0051950636942675165	1.9904458598726117E-5	1.9904458598726117E-5	1.9904458598726117E-5	6.170382165605095E-4	1.9904458598726117E-5	1.9904458598726117E-5	1.9904458598726117E-5	2.1894904458598727E-4
101	file:/data/Documents/UNAM/titulacion/codigo/analisis3/tema3/textos_a_id/2023_0844412.txt	0.012560641214933558	1.1600928074245941E-4	1.054629824931449E-5	1.054629824931449E-5	5.37861210715039E-4	0.016146382619700486	0.05769879772199958	1.054629824931449E-5	1.054629824931449E-5	0.06613583632145117	0.10631723265133938	0.002858046825564227	1.1600928074245941E-4	1.054629824931449E-5	0.14428390634887153	0.004967306475427125	1.054629824931449E-5	1.054629824931449E-5	0.035446108415946004	1.054629824931449E-5	0.014775363847289601	0.1676966884623497	1.054629824931449E-5	0.32473106939464247	1.054629824931449E-5	0.012244252267454124	1.054629824931449E-5	1.054629824931449E-5	1.054629824931449E-5	0.010134992617591225	0.002963509808057372	0.006654714195317444	1.054629824931449E-5	2.214722632356043E-4	1.054629824931449E-5	7.487871757013288E-4	1.054629824931449E-5	1.054629824931449E-5	4.323982282218941E-4	1.054629824931449E-5	0.002014342965619068	0.007814807002742038	1.054629824931449E-5	1.054629824931449E-5	1.054629824931449E-5	1.054629824931449E-5	1.054629824931449E-5	1.054629824931449E-5	1.054629824931449E-5	0.0021198059481122127
102	file:/data/Documents/UNAM/titulacion/codigo/analisis3/tema3/textos_a_id/2022_0840512.txt	0.015846212554855944	9.540164090822363E-6	0.08195954970425491	9.540164090822363E-6	4.8654836863194046E-4	9.540164090822363E-6	0.03883800801373784	0.4700534249189086	9.540164090822363E-6	0.1183075748902881	0.005065827132226674	0.008214081282198053	9.540164090822363E-6	9.540164090822363E-6	0.007737073077656935	1.0494180499904599E-4	0.007260064873115817	9.540164090822363E-6	9.540164090822363E-6	9.540164090822363E-6	0.01660942568212173	0.045611524518221716	9.540164090822363E-6	9.540164090822363E-6	9.540164090822363E-6	0.0034439992367868728	9.540164090822363E-6	9.540164090822363E-6	9.540164090822363E-6	0.006401450104941805	9.540164090822363E-6	0.035021942377408896	9.540164090822363E-6	9.540164090822363E-6	9.540164090822363E-6	9.540164090822363E-6	0.028439229154741463	9.540164090822363E-6	9.540164090822363E-6	9.540164090822363E-6	9.540164090822363E-6	9.540164090822363E-6	9.540164090822363E-6	9.540164090822363E-6	9.540164090822363E-6	9.540164090822363E-6	0.11029383705399733	9.540164090822363E-6	9.540164090822363E-6	9.540164090822363E-6
103	file:/data/Documents/UNAM/titulacion/codigo/analisis3/tema3/textos_a_id/2009_0719783.txt	0.03155893536121673	1.0276436131949441E-5	0.10339122392354332	1.0276436131949441E-5	1.0276436131949441E-5	1.0276436131949441E-5	0.09517007501798376	0.0872572191963827	1.0276436131949441E-5	0.03628609598191347	1.1304079745144384E-4	1.0276436131949441E-5	1.0276436131949441E-5	1.0276436131949441E-5	0.00658719556057959	1.1304079745144384E-4	1.0276436131949441E-5	1.0276436131949441E-5	0.002373856746480321	1.0276436131949441E-5	1.0276436131949441E-5	0.05683896824581235	1.0276436131949441E-5	1.0276436131949441E-5	1.0276436131949441E-5	0.02796218271503443	1.0276436131949441E-5	1.0276436131949441E-5	1.1304079745144384E-4	1.1304079745144384E-4	1.0276436131949441E-5	1.0276436131949441E-5	1.0276436131949441E-5	1.1304079745144384E-4	1.0276436131949441E-5	1.0276436131949441E-5	1.0276436131949441E-5	1.0276436131949441E-5	1.0276436131949441E-5	1.1304079745144384E-4	4.21333881409927E-4	3.185695200904326E-4	1.0276436131949441E-5	1.0276436131949441E-5	1.0276436131949441E-5	1.0276436131949441E-5	0.2875449594080773	1.0276436131949441E-5	0.2632925701366766	1.0276436131949441E-5
104	file:/data/Documents/UNAM/titulacion/codigo/analisis3/tema3/textos_a_id/2006_0608782.txt	0.08586741596420024	0.005422000208138204	1.0406910188365075E-5	1.0406910188365075E-5	1.0406910188365075E-5	1.0406910188365075E-5	0.048818815693620565	0.00771152044957852	1.0406910188365075E-5	0.06973670517223436	0.13800603600790926	2.1854511395566657E-4	1.0406910188365075E-5	0.01780622333229264	0.010313247996669788	1.0406910188365075E-5	0.0673431158289104	1.0406910188365075E-5	0.09388073680924133	0.0019877198459777295	0.01759808512852534	0.09970860651472578	1.0406910188365075E-5	1.0406910188365075E-5	1.0406910188365075E-5	0.025819544177333748	1.0406910188365075E-5	1.0406910188365075E-5	1.0406910188365075E-5	1.0406910188365075E-5	0.0398688729316266	0.006983036736392965	1.0406910188365075E-5	0.0017795816422104278	1.0406910188365075E-5	1.0406910188365075E-5	1.0406910188365075E-5	1.0406910188365075E-5	1.0406910188365075E-5	1.0406910188365075E-5	1.0406910188365075E-5	1.0406910188365075E-5	1.0406910188365075E-5	1.0406910188365075E-5	0.26007909251743155	7.388906233739203E-4	1.0406910188365075E-5	1.0406910188365075E-5	1.0406910188365075E-5	1.0406910188365075E-5
105	file:/data/Documents/UNAM/titulacion/codigo/analisis3/tema3/textos_a_id/2009_0719782.txt	6.718624025799517E-6	6.718624025799517E-6	6.718624025799517E-6	6.718624025799517E-6	6.718624025799517E-6	6.718624025799517E-6	1.4109110454178984E-4	7.390486428379468E-5	6.718624025799517E-6	0.08210830421929588	0.03299516259070143	0.02748589088954582	6.718624025799517E-6	6.718624025799517E-6	6.718624025799517E-6	6.718624025799517E-6	6.718624025799517E-6	6.718624025799517E-6	2.7546358505778015E-4	7.390486428379468E-5	0.1167092179521634	0.047171459285138405	6.718624025799517E-6	6.718624025799517E-6	6.718624025799517E-6	6.718624025799517E-6	6.718624025799517E-6	6.718624025799517E-6	6.718624025799517E-6	6.718624025799517E-6	6.718624025799517E-6	6.718624025799517E-6	6.718624025799517E-6	6.718624025799517E-6	6.718624025799517E-6	0.692696855683956	6.718624025799517E-6	6.718624025799517E-6	6.718624025799517E-6	6.718624025799517E-6	6.718624025799517E-6	6.718624025799517E-6	6.718624025799517E-6	6.718624025799517E-6	6.718624025799517E-6	6.718624025799517E-6	6.718624025799517E-6	6.718624025799517E-6	6.718624025799517E-6	6.718624025799517E-6
106	file:/data/Documents/UNAM/titulacion/codigo/analisis3/tema3/textos_a_id/2010_0725143.txt	0.042679804484444105	7.758553805570642E-6	0.004895647451315075	7.758553805570642E-6	7.758553805570642E-6	7.758553805570642E-6	0.010326635115214524	0.0028008379238110017	7.758553805570642E-6	0.20576460547753897	0.0996275894173326	0.11111024904957716	7.758553805570642E-6	0.010326635115214524	0.03406780976026069	0.02499030180774304	0.004119792070758011	7.758553805570642E-6	0.04539529831639383	7.060283963069284E-4	0.2641089300954302	0.08061913259368453	7.758553805570642E-6	3.1810070602839626E-4	7.758553805570642E-6	0.017619675692450928	7.758553805570642E-6	8.534409186127706E-5	7.060283963069284E-4	7.758553805570642E-6	9.387850104740477E-4	0.002723252385755295	7.758553805570642E-6	3.1810070602839626E-4	0.004895647451315075	7.758553805570642E-6	7.758553805570642E-6	7.758553805570642E-6	7.758553805570642E-6	7.758553805570642E-6	0.016533478159671038	0.005283575141593606	8.534409186127706E-5	0.00799906897354333	7.758553805570642E-6	7.758553805570642E-6	7.836139343626347E-4	7.758553805570642E-6	7.758553805570642E-6	7.758553805570642E-6
107	file:/data/Documents/UNAM/titulacion/codigo/analisis3/tema3/textos_a_id/2006_0605308.txt	0.015434442707169978	4.6906410542774183E-4	2.2336385972749612E-5	2.2336385972749612E-5	2.2336385972749612E-5	2.2336385972749612E-5	0.012977440250167524	2.2336385972749612E-5	2.2336385972749612E-5	0.08132678132678132	0.1735760553942372	2.2336385972749612E-5	2.2336385972749612E-5	0.06971186062095154	6.924279651552379E-4	0.018561536743354923	2.2336385972749612E-5	0.006053160598615145	2.457002457002457E-4	0.08735760553942373	0.053182935001116816	0.20998436452981908	0.006946616037525129	0.007393343756980121	6.924279651552379E-4	0.023698905517087334	0.010073710073710074	2.2336385972749612E-5	2.2336385972749612E-5	2.457002457002457E-4	4.6906410542774183E-4	0.04938574938574938	2.2336385972749612E-5	2.2336385972749612E-5	0.002032611123520214	2.2336385972749612E-5	2.2336385972749612E-5	2.2336385972749612E-5	6.924279651552379E-4	2.2336385972749612E-5	2.2336385972749612E-5	0.07819968729059638	2.2336385972749612E-5	0.010073710073710074	0.0029260665624301985	2.2336385972749612E-5	2.2336385972749612E-5	0.0027027027027027024	9.157918248827338E-4	0.07350904623631897
108	file:/data/Documents/UNAM/titulacion/codigo/analisis3/tema3/textos_a_id/2016_0751977.txt	0.18198521003278187	6.937561942517344E-4	7.623694442326752E-6	7.623694442326752E-6	7.623694442326752E-6	7.623694442326752E-6	0.08600289700388808	0.008241213692155218	8.386063886559427E-5	0.06679118700922468	0.03606769840664786	0.2682854311199207	0.017542120911793854	0.011748113135625524	0.013044141190821071	7.623694442326752E-6	0.055736830067850886	7.623694442326752E-6	0.0071738964702294725	7.623694442326752E-6	0.12358771060455896	0.06595258062056873	7.623694442326752E-6	7.623694442326752E-6	1.6009758328886179E-4	0.02852024090874438	7.623694442326752E-6	7.623694442326752E-6	7.623694442326752E-6	8.386063886559427E-5	1.6009758328886179E-4	1.6009758328886179E-4	7.623694442326752E-6	7.623694442326752E-6	0.021887626743920106	2.363345277121293E-4	7.623694442326752E-6	7.623694442326752E-6	0.00481055119310818	7.623694442326752E-6	7.623694442326752E-6	7.623694442326752E-6	7.623694442326752E-6	8.462300830982694E-4	7.623694442326752E-6	7.623694442326752E-6	7.623694442326752E-6	7.623694442326752E-6	7.623694442326752E-6	7.623694442326752E-6
109	file:/data/Documents/UNAM/titulacion/codigo/analisis3/tema3/textos_a_id/2016_0752018.txt	0.02355120267938699	8.677560133969351E-4	0.0017811833959200244	0.0032528164010961124	0.002440880949964478	5.074596569572719E-6	0.0954582360702324	5.074596569572719E-6	5.074596569572719E-6	0.15132954430122805	0.07130315639906627	0.16665482594133765	5.074596569572719E-6	0.032431746676139246	0.12291180351162082	5.5820562265299916E-5	0.1090581548766873	5.074596569572719E-6	0.0054348929260123816	5.074596569572719E-6	0.014264690957068914	0.15026387902161778	5.074596569572719E-6	5.074596569572719E-6	5.074596569572719E-6	0.008784126661930377	7.155181163097533E-4	7.662640820054805E-4	5.074596569572719E-6	7.662640820054805E-4	5.5820562265299916E-5	0.007261747691058561	5.074596569572719E-6	5.074596569572719E-6	0.0018319293616157516	3.60296356439663E-4	5.074596569572719E-6	5.074596569572719E-6	0.0037095300923576575	5.074596569572719E-6	0.0037095300923576575	5.074596569572719E-6	5.074596569572719E-6	5.074596569572719E-6	0.001933421293007206	0.012793057951892825	0.004064751852227748	5.074596569572719E-6	5.5820562265299916E-5	0.0020349132243986604
110	file:/data/Documents/UNAM/titulacion/codigo/analisis3/tema3/textos_a_id/2019_0788633.txt	0.019090552724421794	1.3066771200836274E-5	1.3066771200836274E-5	1.3066771200836274E-5	1.3066771200836274E-5	1.3066771200836274E-5	0.00929047432379459	1.3066771200836274E-5	1.3066771200836274E-5	0.12088070037893636	0.07475499803998432	1.3066771200836274E-5	1.3066771200836274E-5	2.7440219521756177E-4	0.15211028354893505	2.7440219521756177E-4	0.17210244348621453	1.3066771200836274E-5	1.3066771200836274E-5	1.3066771200836274E-5	0.007591794067685875	0.16831307983797203	0.23795897033842936	1.3066771200836274E-5	1.4373448320919902E-4	0.028759963413040636	1.3066771200836274E-5	1.3066771200836274E-5	1.4373448320919902E-4	1.3066771200836274E-5	4.0506990722592446E-4	1.3066771200836274E-5	1.3066771200836274E-5	1.3066771200836274E-5	1.3066771200836274E-5	1.3066771200836274E-5	1.3066771200836274E-5	1.3066771200836274E-5	0.0035410949954266303	1.3066771200836274E-5	1.4373448320919902E-4	2.7440219521756177E-4	1.3066771200836274E-5	1.3066771200836274E-5	1.3066771200836274E-5	1.3066771200836274E-5	0.0034104272834182673	1.3066771200836274E-5	1.3066771200836274E-5	1.4373448320919902E-4
111	file:/data/Documents/UNAM/titulacion/codigo/analisis3/tema3/textos_a_id/2013_0705158.txt	0.07886031494278917	0.003183414523620709	2.379064234734338E-4	0.0021638155658774217	1.1328877308258752E-5	0.0032967032967032967	0.13040670669536647	0.0018239492466296592	1.1328877308258752E-5	0.09642007477059024	0.007035232808428685	0.007714965446924209	0.010207318454741135	0.05529625014161097	0.015531890789622747	1.1328877308258752E-5	0.011453494958649597	0.0019372380197122466	0.026634190551716324	9.176390619689589E-4	0.03059929760960689	0.06492579585363091	2.379064234734338E-4	0.024481703863147162	1.1328877308258752E-5	0.09789282882066387	1.1328877308258752E-5	1.1328877308258752E-5	0.001144216608134134	1.1328877308258752E-5	1.1328877308258752E-5	0.0038631471621162344	0.0014840829273818964	2.379064234734338E-4	0.001144216608134134	1.2461765039084629E-4	4.644839696386088E-4	1.1328877308258752E-5	1.1328877308258752E-5	0.002050526792794834	0.003070125750538122	1.2461765039084629E-4	0.30883652430044184	1.1328877308258752E-5	1.1328877308258752E-5	0.005789056304520222	2.379064234734338E-4	1.1328877308258752E-5	1.1328877308258752E-5	1.1328877308258752E-5
112	file:/data/Documents/UNAM/titulacion/codigo/analisis3/tema3/textos_a_id/2009_0650966.txt	0.021561073059360728	1.4269406392694065E-5	1.4269406392694065E-5	1.4269406392694065E-5	1.4269406392694065E-5	1.4269406392694065E-5	0.1341466894977169	1.4269406392694065E-5	1.4269406392694065E-5	0.07763984018264841	0.1591181506849315	1.4269406392694065E-5	1.4269406392694065E-5	0.09661815068493151	0.021132990867579908	1.4269406392694065E-5	0.053239155251141555	1.5696347031963473E-4	7.277397260273972E-4	7.277397260273972E-4	1.4269406392694065E-5	0.12230308219178082	1.4269406392694065E-5	1.4269406392694065E-5	1.4269406392694065E-5	0.015139840182648402	1.4269406392694065E-5	1.4269406392694065E-5	0.0012985159817351598	1.4269406392694065E-5	0.007148972602739726	1.4269406392694065E-5	2.9965753424657536E-4	1.5696347031963473E-4	1.4269406392694065E-5	1.4269406392694065E-5	1.4269406392694065E-5	1.4269406392694065E-5	1.4269406392694065E-5	7.277397260273972E-4	1.4269406392694065E-5	0.06979166666666667	1.4269406392694065E-5	1.4269406392694065E-5	1.5696347031963473E-4	0.21748002283105022	1.4269406392694065E-5	1.4269406392694065E-5	1.4269406392694065E-5	1.4269406392694065E-5
113	file:/data/Documents/UNAM/titulacion/codigo/analisis3/tema3/textos_a_id/2021_0810193.txt	0.06519185220274752	0.014789199431549029	9.474182851729039E-6	1.0421601136901943E-4	0.0052202747513027	4.8318332543818095E-4	0.1046044528659403	0.003609663666508764	9.474182851729039E-6	0.1608810990052108	0.06291804831833255	0.0011463761250592136	9.474182851729039E-6	0.004083372809095215	0.05107531975367125	6.726669824727617E-4	9.474182851729039E-6	9.474182851729039E-6	0.002472761724301279	1.0421601136901943E-4	0.02701089531027949	0.11512079583135953	9.474182851729039E-6	9.474182851729039E-6	1.9895783988630982E-4	0.010620558976788251	9.474182851729039E-6	9.474182851729039E-6	9.474182851729039E-6	0.359649455234486	9.474182851729039E-6	0.004178114637612506	9.474182851729039E-6	4.8318332543818095E-4	1.9895783988630982E-4	0.0035149218379914734	1.0421601136901943E-4	9.474182851729039E-6	0.0010516342965419233	9.474182851729039E-6	9.474182851729039E-6	2.936996684036002E-4	9.474182851729039E-6	9.474182851729039E-6	9.474182851729039E-6	9.474182851729039E-6	9.474182851729039E-6	9.474182851729039E-6	9.474182851729039E-6	9.474182851729039E-6
114	file:/data/Documents/UNAM/titulacion/codigo/analisis3/tema3/textos_a_id/2014_0714083.txt	0.022424424725522633	1.5039855617386074E-5	1.5039855617386074E-5	1.5039855617386074E-5	0.003624605203790044	0.004526996540833208	0.09235975334636788	1.5039855617386074E-5	1.5039855617386074E-5	0.24245751240788088	0.07686870206046022	0.001218228305008272	0.18214769138216272	0.008136561889005866	0.04378101970221086	0.009490148894570612	0.055512107083772	1.5039855617386074E-5	1.5039855617386074E-5	1.5039855617386074E-5	7.670326364866897E-4	0.1350729432997443	1.5039855617386074E-5	1.5039855617386074E-5	1.5039855617386074E-5	0.0027222138667468794	1.5039855617386074E-5	1.5039855617386074E-5	7.670326364866897E-4	4.662355241389683E-4	0.033253120770040605	0.02738757707926004	0.0359602947811701	1.5039855617386074E-5	1.5039855617386074E-5	0.0018198225297037147	0.002271018198225297	1.654384117912468E-4	0.001218228305008272	9.174311926605504E-4	1.5039855617386074E-5	0.013851707023612573	1.5039855617386074E-5	1.5039855617386074E-5	1.5039855617386074E-5	1.654384117912468E-4	3.1583696796510754E-4	1.5039855617386074E-5	1.5039855617386074E-5	1.5039855617386074E-5
115	file:/data/Documents/UNAM/titulacion/codigo/analisis3/tema3/textos_a_id/2011_0678307.txt	0.12043557444225224	7.588404917286387E-6	7.588404917286387E-6	0.0034223706176961604	7.588404917286387E-6	7.588404917286387E-6	0.03734254059796631	7.588404917286387E-6	7.588404917286387E-6	0.12643041432690846	0.10328577932918499	0.007140689027166489	7.588404917286387E-6	0.004940051601153437	0.0736910001517681	0.002967066322658977	0.042730308089239645	7.588404917286387E-6	7.588404917286387E-6	0.022165730763393537	0.05623766884200941	0.08666717256032781	8.347245409015026E-5	8.347245409015026E-5	7.588404917286387E-6	0.09569737441189861	7.588404917286387E-6	7.588404917286387E-6	7.588404917286387E-6	7.588404917286387E-6	0.0037259068143876157	0.006230080437092123	7.588404917286387E-6	7.588404917286387E-6	0.1933601456973744	7.588404917286387E-6	5.387767491273334E-4	7.588404917286387E-6	0.0012976172408559721	7.588404917286387E-6	7.588404917286387E-6	0.01108665958415541	7.588404917286387E-6	7.588404917286387E-6	7.588404917286387E-6	1.5935650326301412E-4	7.588404917286387E-6	7.588404917286387E-6	8.347245409015026E-5	7.588404917286387E-6
116	file:/data/Documents/UNAM/titulacion/codigo/analisis3/tema3/textos_a_id/2012_0681675.txt	0.00145372460496614	9.029345372460497E-6	0.022672686230248307	9.932279909706548E-5	9.029345372460497E-6	2.799097065462754E-4	0.008767494356659142	0.23260496613995485	9.029345372460497E-6	0.06646501128668172	0.002266365688487585	9.029345372460497E-6	9.029345372460497E-6	1.8961625282167043E-4	0.01382392776523702	9.029345372460497E-6	9.029345372460497E-6	9.029345372460497E-6	9.029345372460497E-6	9.029345372460497E-6	9.029345372460497E-6	0.12027990970654627	5.507900677200903E-4	9.029345372460497E-6	9.029345372460497E-6	0.06195033860045147	9.029345372460497E-6	6.410835214446952E-4	9.029345372460497E-6	9.029345372460497E-6	9.029345372460497E-6	9.029345372460497E-6	9.029345372460497E-6	9.029345372460497E-6	9.029345372460497E-6	9.029345372460497E-6	9.029345372460497E-6	9.029345372460497E-6	9.029345372460497E-6	9.029345372460497E-6	2.799097065462754E-4	9.029345372460497E-6	9.029345372460497E-6	2.799097065462754E-4	9.029345372460497E-6	9.029345372460497E-6	0.46592325056433415	0.001182844243792325	9.029345372460497E-6	9.029345372460497E-6
117	file:/data/Documents/UNAM/titulacion/codigo/analisis3/tema3/textos_a_id/2011_0675656.txt	0.029003558718861212	0.0033598492777894076	0.004929872304793804	1.0466820180029308E-5	9.52480636382667E-4	1.0466820180029308E-5	0.1485346451747959	3.244714255809085E-4	1.0466820180029308E-5	0.19155327611471634	0.039365710697090224	0.002103830856185891	1.0466820180029308E-5	0.07369688088758636	0.05684530039773917	0.0024178354615867702	0.002313167259786477	1.0466820180029308E-5	2.1980322378061545E-4	1.0466820180029308E-5	0.02387481683064685	0.09892191752145699	1.0466820180029308E-5	1.0466820180029308E-5	1.0466820180029308E-5	0.015920033493824575	1.0466820180029308E-5	1.1513502198032239E-4	1.1513502198032239E-4	2.1980322378061545E-4	1.0466820180029308E-5	0.00377852208499058	0.0012664852417835462	1.0466820180029308E-5	1.0466820180029308E-5	1.0466820180029308E-5	0.002208499057986184	1.0466820180029308E-5	0.29569813690600794	1.0466820180029308E-5	1.0466820180029308E-5	1.0466820180029308E-5	1.0466820180029308E-5	1.0466820180029308E-5	0.001371153443583839	1.0466820180029308E-5	1.0466820180029308E-5	1.0466820180029308E-5	6.384760309817877E-4	1.0466820180029308E-5
118	file:/data/Documents/UNAM/titulacion/codigo/analisis3/tema3/textos_a_id/2023_0847028.txt	0.11632726401533301	0.1879611883085769	1.1978917105893628E-5	0.0014494489698131288	4.911356013416387E-4	1.1978917105893628E-5	0.08051030186871107	4.911356013416387E-4	1.1978917105893628E-5	0.04984427407762339	0.12171777671298514	1.1978917105893628E-5	1.1978917105893628E-5	0.02588643986583613	0.04301629132726402	0.0013296597987541925	0.02420939147101102	0.0043243890752276	1.1978917105893628E-5	1.1978917105893628E-5	0.0044441782462865355	0.14399856252994728	1.1978917105893628E-5	0.0014494489698131288	1.1978917105893628E-5	0.02325107810253953	1.1978917105893628E-5	0.004204599904168663	1.1978917105893628E-5	0.004563967417345472	0.09596310493531385	0.0021681839961667465	1.1978917105893628E-5	0.0024077623382846194	1.1978917105893628E-5	0.0018088164829899377	1.1978917105893628E-5	7.307139434595112E-4	4.911356013416387E-4	1.1978917105893628E-5	0.007678485864877814	0.027922855773838046	0.010553425970292286	1.3176808816482992E-4	0.0033660757067561094	1.1978917105893628E-5	0.007079540009583134	1.1978917105893628E-5	1.1978917105893628E-5	1.1978917105893628E-5
119	file:/data/Documents/UNAM/titulacion/codigo/analisis3/tema3/textos_a_id/2023_0842897.txt	0.09555714797563597	0.005505792428042518	1.1943150603129106E-5	1.1943150603129106E-5	1.1943150603129106E-5	1.1943150603129106E-5	0.169843544727099	1.1943150603129106E-5	1.1943150603129106E-5	0.04933715514152634	0.1674549146064732	8.479636928221665E-4	1.1943150603129106E-5	0.021270751224172935	0.04157410724949242	0.012313388271826107	0.008849874596918666	1.1943150603129106E-5	0.01040248417532545	1.1943150603129106E-5	0.014224292368326764	0.11574107249492416	1.1943150603129106E-5	1.1943150603129106E-5	1.1943150603129106E-5	0.004908634897886063	1.1943150603129106E-5	1.1943150603129106E-5	1.1943150603129106E-5	1.1943150603129106E-5	1.1943150603129106E-5	0.018046100561328077	1.1943150603129106E-5	1.1943150603129106E-5	1.1943150603129106E-5	1.1943150603129106E-5	3.7023766869700227E-4	1.1943150603129106E-5	1.1943150603129106E-5	1.1943150603129106E-5	0.24819061268362594	0.013268840320076436	1.1943150603129106E-5	0.001922847247103786	1.1943150603129106E-5	1.1943150603129106E-5	1.1943150603129106E-5	1.1943150603129106E-5	1.1943150603129106E-5	1.1943150603129106E-5
120	file:/data/Documents/UNAM/titulacion/codigo/analisis3/tema3/textos_a_id/2021_0819811.txt	0.031110741602926505	0.0013468573328899234	1.6627868307283007E-5	1.6627868307283007E-5	1.6627868307283007E-5	3.4918523445294313E-4	0.06353508480212837	1.6627868307283007E-5	1.6627868307283007E-5	0.0708513468573329	0.24544396408380445	1.6627868307283007E-5	0.0031759228466910544	0.015813102760226138	0.009827070169604256	0.008496840705021616	1.6627868307283007E-5	1.6627868307283007E-5	0.06187229797140007	3.4918523445294313E-4	0.04092118390422348	0.15964416361822414	1.6627868307283007E-5	0.011489857000332556	1.6627868307283007E-5	0.011822414366478217	1.6627868307283007E-5	6.817426005986032E-4	1.6627868307283007E-5	1.6627868307283007E-5	1.8290655138011308E-4	1.6627868307283007E-5	1.6627868307283007E-5	1.6627868307283007E-5	0.013817758563352177	1.8290655138011308E-4	1.6627868307283007E-5	1.6627868307283007E-5	0.0011805786498170934	1.6627868307283007E-5	0.24328234120385764	6.817426005986032E-4	1.6627868307283007E-5	1.6627868307283007E-5	1.6627868307283007E-5	0.0035084802128367144	1.6627868307283007E-5	1.6627868307283007E-5	1.6627868307283007E-5	1.6627868307283007E-5
121	file:/data/Documents/UNAM/titulacion/codigo/analisis3/tema3/textos_a_id/2011_0676418.txt	0.07158931082981716	7.402472425790214E-6	3.035013694573987E-4	7.402472425790214E-6	7.402472425790214E-6	7.402472425790214E-6	0.0418313716781405	8.142719668369235E-5	7.402472425790214E-6	0.10852764823451032	0.019179806055222445	8.956991635206159E-4	0.007854023243763417	5.996002664890073E-4	0.3821970538159746	8.956991635206159E-4	0.080028129395218	7.402472425790214E-6	0.10349396698497297	0.0018580205788733437	7.402472425790214E-6	0.12784810126582277	7.402472425790214E-6	4.51550817973203E-4	7.402472425790214E-6	0.002302168924420757	7.402472425790214E-6	7.402472425790214E-6	7.402472425790214E-6	7.402472425790214E-6	7.402472425790214E-6	0.013553927011621881	0.00866829521060034	8.142719668369235E-5	4.51550817973203E-4	7.402472425790214E-6	4.51550817973203E-4	7.402472425790214E-6	0.003412539788289289	3.7752609371530086E-4	0.0017839958546154416	8.956991635206159E-4	8.216744392627138E-4	0.01177733362943223	7.402472425790214E-6	2.2947664519949664E-4	0.0019320453031312459	0.0020800947516470504	7.402472425790214E-6	0.003412539788289289
122	file:/data/Documents/UNAM/titulacion/codigo/analisis3/tema3/textos_a_id/2011_0677018.txt	0.00745546683046683	7.678132678132678E-6	7.678132678132678E-6	7.678132678132678E-6	0.003769963144963145	7.678132678132678E-6	0.07003224815724816	7.678132678132678E-6	7.678132678132678E-6	0.2080850737100737	0.0558277027027027	8.445945945945946E-5	0.010219594594594594	0.003923525798525799	0.0979806511056511	7.678132678132678E-6	0.053831388206388206	7.678132678132678E-6	7.678132678132678E-6	0.0010826167076167076	0.02588298525798526	0.15295608108108108	0.22735718673218672	7.678132678132678E-6	0.0059198402948402945	0.03271652334152334	7.678132678132678E-6	7.678132678132678E-6	7.678132678132678E-6	8.445945945945946E-5	0.024961609336609337	2.3802211302211302E-4	1.6124078624078626E-4	8.445945945945946E-5	7.678132678132678E-6	7.678132678132678E-6	7.678132678132678E-6	7.678132678132678E-6	3.915847665847666E-4	7.678132678132678E-6	1.6124078624078626E-4	7.678132678132678E-6	7.678132678132678E-6	7.678132678132678E-6	6.987100737100737E-4	8.445945945945946E-5	0.011140970515970516	7.678132678132678E-6	7.678132678132678E-6	0.004691339066339066
123	file:/data/Documents/UNAM/titulacion/codigo/analisis3/tema3/textos_a_id/2010_0669183.txt	0.046022429514725925	0.01908604968032701	0.0010585892464102294	1.0481081647626035E-5	0.1821716801173881	0.02243999580756734	0.08260140446494078	0.011225238444607483	1.0481081647626035E-5	0.14852740802850853	0.07683680955874647	2.2010271460014676E-4	0.002945183942982916	0.01017713027984488	0.06771826852531182	1.152918981238864E-4	0.03491248296824233	1.0481081647626035E-5	1.0481081647626035E-5	1.0481081647626035E-5	0.026108374384236452	0.16886070642490303	0.0013730216958390106	0.0010585892464102294	1.0481081647626035E-5	0.05996226810606855	1.0481081647626035E-5	1.0481081647626035E-5	1.0481081647626035E-5	0.008080913950319672	0.012168535792893826	1.0481081647626035E-5	1.0481081647626035E-5	2.2010271460014676E-4	1.0481081647626035E-5	0.002001886594696573	1.0481081647626035E-5	1.0481081647626035E-5	0.004936589456031862	1.0481081647626035E-5	1.0481081647626035E-5	2.2010271460014676E-4	0.005984697620794466	1.0481081647626035E-5	6.393459805051881E-4	1.0481081647626035E-5	1.0481081647626035E-5	4.297243475526674E-4	0.0016874541452677918	1.0481081647626035E-5
124	file:/data/Documents/UNAM/titulacion/codigo/analisis3/tema3/textos_a_id/2013_0689940.txt	0.11181878416432002	8.28225940036442E-6	4.2239522941858536E-4	0.001084975981447739	8.28225940036442E-6	8.28225940036442E-6	0.06833692231240683	8.28225940036442E-6	8.28225940036442E-6	0.08639224780520126	0.09533708795759482	8.28225940036442E-6	8.28225940036442E-6	0.005226105681629949	0.03918336922312407	8.28225940036442E-6	1.7392744740765283E-4	8.28225940036442E-6	0.0049776378996190165	0.002824250455524267	0.035704820274971016	0.07156700347854895	8.28225940036442E-6	8.28225940036442E-6	4.2239522941858536E-4	4.2239522941858536E-4	0.02907901275467948	8.28225940036442E-6	8.28225940036442E-6	0.008373364253768428	9.110485340400862E-5	0.08548119927116117	0.003238363425542488	8.28225940036442E-6	8.28225940036442E-6	1.7392744740765283E-4	0.0022444922974987577	7.536856054331622E-4	6.70863011429518E-4	8.365081994368063E-4	0.0034868312075534208	0.004480702335597151	8.28225940036442E-6	8.28225940036442E-6	8.28225940036442E-6	0.3331207553420573	8.28225940036442E-6	8.28225940036442E-6	0.003900944177571642	8.28225940036442E-6
125	file:/data/Documents/UNAM/titulacion/codigo/analisis3/tema3/textos_a_id/2017_0756238.txt	7.492368883544537E-4	9.249838127832764E-6	9.249838127832764E-6	0.0012117287947460919	9.249838127832764E-6	9.249838127832764E-6	0.028036259365461107	0.0038941818518175935	9.249838127832764E-6	0.14032929423735083	0.03441864767366571	2.8674498196281566E-4	9.249838127832764E-6	0.06475811673295717	0.14162427157524743	9.249838127832764E-6	9.249838127832764E-6	9.249838127832764E-6	0.007964110628064009	9.249838127832764E-6	0.011109055591527148	0.17076126167792063	9.249838127832764E-6	4.717417445194709E-4	9.249838127832764E-6	0.0129590232170937	9.249838127832764E-6	9.249838127832764E-6	0.23680510591064655	9.249838127832764E-6	9.249838127832764E-6	0.05634076403662936	0.0010267320321894367	1.9424660068448804E-4	9.249838127832764E-6	1.9424660068448804E-4	9.249838127832764E-6	9.249838127832764E-6	9.34233650911109E-4	1.017482194061604E-4	0.0017667190824160578	0.08381278327629267	9.249838127832764E-6	9.249838127832764E-6	9.249838127832764E-6	9.249838127832764E-6	9.249838127832764E-6	9.249838127832764E-6	9.249838127832764E-6	9.249838127832764E-6
126	file:/data/Documents/UNAM/titulacion/codigo/analisis3/tema3/textos_a_id/2012_0681212.txt	0.03262957880291355	1.0556317956296844E-5	1.0556317956296844E-5	1.0556317956296844E-5	1.0556317956296844E-5	1.0556317956296844E-5	0.01595059643196453	0.003599704423097224	1.0556317956296844E-5	0.10145677187796896	0.1374538161089412	1.0556317956296844E-5	1.1611949751926529E-4	0.057014673281959256	1.1611949751926529E-4	1.0556317956296844E-5	0.005816531193919561	1.0556317956296844E-5	0.010250184735564235	2.2168267708223371E-4	0.019856434075794363	0.15328829304338645	1.0556317956296844E-5	1.0556317956296844E-5	0.3080439142826982	0.013311516942890319	1.0556317956296844E-5	1.0556317956296844E-5	1.0556317956296844E-5	1.0556317956296844E-5	1.0556317956296844E-5	0.01056687427425314	0.03431858967592104	1.0556317956296844E-5	1.1611949751926529E-4	1.0556317956296844E-5	0.001910693550089729	0.0034941412435342553	1.0556317956296844E-5	0.08710017945740527	4.3280903620817056E-4	0.0023329462683416026	1.0556317956296844E-5	1.0556317956296844E-5	1.0556317956296844E-5	1.0556317956296844E-5	1.0556317956296844E-5	1.0556317956296844E-5	1.0556317956296844E-5	3.2724585664520214E-4
127	file:/data/Documents/UNAM/titulacion/codigo/analisis3/tema3/textos_a_id/2008_0629932.txt	0.046470285125386465	8.588114050154586E-6	8.588114050154586E-6	0.30815012023359667	8.588114050154586E-6	1.8035039505324632E-4	0.1620663002404672	8.588114050154586E-6	8.588114050154586E-6	0.03865510133974579	0.05256784610099622	8.588114050154586E-6	8.588114050154586E-6	0.03779628993473034	0.03161284781861903	8.588114050154586E-6	8.588114050154586E-6	0.001039161800068705	0.013320164891789762	8.588114050154586E-6	8.588114050154586E-6	0.08726382686362075	8.588114050154586E-6	8.588114050154586E-6	0.009541394709721745	0.0013826863620748885	8.588114050154586E-6	8.588114050154586E-6	8.588114050154586E-6	8.588114050154586E-6	6.097560975609756E-4	0.1600051528684301	0.001726210924081072	8.588114050154586E-6	8.588114050154586E-6	9.532806595671591E-4	8.588114050154586E-6	8.588114050154586E-6	0.009713156990724836	8.588114050154586E-6	9.446925455170046E-5	0.03144108553761594	8.588114050154586E-6	8.588114050154586E-6	8.673995190656131E-4	8.588114050154586E-6	8.588114050154586E-6	8.588114050154586E-6	9.446925455170046E-5	0.004216763998625902
128	file:/data/Documents/UNAM/titulacion/codigo/analisis3/tema3/textos_a_id/2012_0701956.txt	0.03845349141312876	7.933048557231279E-4	8.71763577717723E-6	8.71763577717723E-6	9.589399354894953E-5	8.71763577717723E-6	0.03740737511986749	8.71763577717723E-6	8.71763577717723E-6	0.15073664022317146	0.047694185336936624	8.71763577717723E-6	8.71763577717723E-6	0.018315752767849358	0.03418184988231192	3.574230668642664E-4	0.002275302937843257	0.003931653735506931	0.12057362043413826	8.71763577717723E-6	0.0021881265800714846	0.16424897567779617	8.71763577717723E-6	1.8307035132072183E-4	0.001142010286810217	0.01761834190567518	8.71763577717723E-6	8.71763577717723E-6	8.71763577717723E-6	8.71763577717723E-6	8.71763577717723E-6	8.71763577717723E-6	8.71763577717723E-6	8.71763577717723E-6	2.702467090924941E-4	8.71763577717723E-6	0.35760613721558715	8.71763577717723E-6	8.71763577717723E-6	8.71763577717723E-6	8.71763577717723E-6	8.71763577717723E-6	8.71763577717723E-6	8.71763577717723E-6	3.574230668642664E-4	0.0013163630023537616	8.71763577717723E-6	8.71763577717723E-6	8.71763577717723E-6	8.71763577717723E-6
129	file:/data/Documents/UNAM/titulacion/codigo/analisis3/tema3/textos_a_id/2015_0729917.txt	1.2776287210936502E-5	1.2776287210936502E-5	1.2776287210936502E-5	1.2776287210936502E-5	0.03016481410502108	0.16099399514501084	0.04102465823431711	3.960649035390316E-4	1.2776287210936502E-5	0.06785486137728376	0.09813466206720327	1.2776287210936502E-5	0.060316851922831226	0.006145394148460458	0.14016864699118434	2.6830203142966653E-4	0.05111792513095695	1.2776287210936502E-5	0.01611089817299093	1.2776287210936502E-5	2.6830203142966653E-4	0.19561773348664876	0.002056982240960777	1.2776287210936502E-5	1.2776287210936502E-5	0.007423022869554108	1.2776287210936502E-5	1.2776287210936502E-5	1.2776287210936502E-5	1.2776287210936502E-5	0.11781014437204548	1.2776287210936502E-5	1.2776287210936502E-5	1.2776287210936502E-5	1.2776287210936502E-5	1.2776287210936502E-5	1.2776287210936502E-5	1.4053915932030154E-4	0.0014181678804139517	1.2776287210936502E-5	1.2776287210936502E-5	1.2776287210936502E-5	1.2776287210936502E-5	0.0014181678804139517	1.2776287210936502E-5	1.2776287210936502E-5	1.2776287210936502E-5	1.2776287210936502E-5	2.6830203142966653E-4	5.238277756483966E-4
130	file:/data/Documents/UNAM/titulacion/codigo/analisis3/tema3/textos_a_id/2020_0801365.txt	0.018226268757376495	1.686056314280897E-5	0.016371606811667508	1.686056314280897E-5	1.686056314280897E-5	0.10590119709998315	0.08061035238576969	0.031208902377339403	1.686056314280897E-5	0.08769178890574945	0.11399426740853146	0.02733097285449334	1.686056314280897E-5	0.0328949586916203	0.03474962063732929	1.686056314280897E-5	1.686056314280897E-5	1.686056314280897E-5	0.002208733771707975	0.0011970999831394367	0.011819254763109088	0.11922104198280223	1.686056314280897E-5	1.854661945708987E-4	1.686056314280897E-5	0.010133198448828191	0.0011970999831394367	1.686056314280897E-5	1.686056314280897E-5	0.0017029168774237058	1.686056314280897E-5	1.686056314280897E-5	1.686056314280897E-5	0.21718091384252233	1.686056314280897E-5	3.5407182599898836E-4	1.686056314280897E-5	1.686056314280897E-5	8.598887202832574E-4	1.686056314280897E-5	1.686056314280897E-5	1.686056314280897E-5	0.006592480188838307	1.854661945708987E-4	1.686056314280897E-5	0.07774405665149216	1.686056314280897E-5	1.686056314280897E-5	1.686056314280897E-5	1.686056314280897E-5
131	file:/data/Documents/UNAM/titulacion/codigo/analisis3/tema3/textos_a_id/2007_0619463.txt	0.1373002421307506	0.0032808716707021794	1.2106537530266345E-5	2.542372881355932E-4	1.2106537530266345E-5	1.2106537530266345E-5	0.08923728813559323	6.174334140435835E-4	1.2106537530266345E-5	0.0399636803874092	0.2134503631961259	3.753026634382567E-4	1.2106537530266345E-5	0.022893462469733655	0.006307506053268765	1.2106537530266345E-5	0.008849878934624697	1.2106537530266345E-5	0.014176755447941888	0.002675544794188862	0.02797820823244552	0.06502421307506054	1.2106537530266345E-5	1.2106537530266345E-5	1.2106537530266345E-5	1.2106537530266345E-5	6.174334140435835E-4	1.2106537530266345E-5	1.2106537530266345E-5	1.2106537530266345E-5	1.3317191283292979E-4	0.024951573849878932	1.2106537530266345E-5	1.2106537530266345E-5	1.2106537530266345E-5	8.595641646489103E-4	1.2106537530266345E-5	1.2106537530266345E-5	1.2106537530266345E-5	0.0011016949152542373	0.001585956416464891	0.2793099273607748	1.2106537530266345E-5	1.2106537530266345E-5	1.2106537530266345E-5	0.057760290556900726	1.2106537530266345E-5	2.542372881355932E-4	6.174334140435835E-4	1.3317191283292979E-4
132	file:/data/Documents/UNAM/titulacion/codigo/analisis3/tema3/textos_a_id/2006_0612675.txt	0.04543559195830231	1.4892032762472078E-5	1.4892032762472078E-5	1.4892032762472078E-5	1.4892032762472078E-5	0.24022338049143707	0.11885331347728965	1.4892032762472078E-5	1.4892032762472078E-5	0.08460163812360387	0.1264482501861504	1.4892032762472078E-5	1.4892032762472078E-5	0.04886075949367089	6.105733432613551E-4	0.10589724497393894	0.006120625465376024	1.4892032762472078E-5	0.004631422189128816	0.01326880119136262	0.01937453462397617	0.11334326135517499	1.4892032762472078E-5	0.002695457930007446	1.4892032762472078E-5	0.025927029039463884	1.4892032762472078E-5	1.4892032762472078E-5	1.4892032762472078E-5	1.4892032762472078E-5	0.016247207743857035	1.4892032762472078E-5	1.4892032762472078E-5	3.1273268801191364E-4	4.616530156366344E-4	1.4892032762472078E-5	1.4892032762472078E-5	1.4892032762472078E-5	1.4892032762472078E-5	6.105733432613551E-4	1.4892032762472078E-5	0.023097542814594193	1.4892032762472078E-5	1.4892032762472078E-5	1.4892032762472078E-5	1.4892032762472078E-5	1.4892032762472078E-5	1.4892032762472078E-5	1.4892032762472078E-5	0.0025465376023827255
133	file:/data/Documents/UNAM/titulacion/codigo/analisis3/tema3/textos_a_id/2017_0769218.txt	0.06617426675230144	2.1408691928923143E-5	2.1408691928923143E-5	2.1408691928923143E-5	2.1408691928923143E-5	2.1408691928923143E-5	0.23744380218368655	2.1408691928923143E-5	2.1408691928923143E-5	0.12055234425176622	0.02656818668379362	2.1408691928923143E-5	2.354956112181546E-4	0.0028045386426889317	0.1368229501177478	2.1408691928923143E-5	0.07623635195889532	2.1408691928923143E-5	2.1408691928923143E-5	2.1408691928923143E-5	0.008798972382787412	0.10171269535431386	2.1408691928923143E-5	2.1408691928923143E-5	2.1408691928923143E-5	2.1408691928923143E-5	2.1408691928923143E-5	2.1408691928923143E-5	2.1408691928923143E-5	2.1408691928923143E-5	2.1408691928923143E-5	2.1408691928923143E-5	0.001948190965532006	0.0013059302076643116	0.007514450867052024	2.1408691928923143E-5	0.02656818668379362	2.1408691928923143E-5	0.0030186255619781633	2.1408691928923143E-5	0.018432883750802823	2.1408691928923143E-5	2.1408691928923143E-5	0.1156283451081139	0.005587668593448941	0.03984157567972597	2.1408691928923143E-5	2.1408691928923143E-5	2.1408691928923143E-5	0.0021622778848212373
134	file:/data/Documents/UNAM/titulacion/codigo/analisis3/tema3/textos_a_id/2013_0689534.txt	0.18455527686667952	0.008498938838510514	0.004254292880571098	0.0179529230175574	9.646922631680495E-6	9.646922631680495E-6	0.05567239050742813	0.004929577464788733	9.646922631680495E-6	0.045157244838896396	0.0939706733551997	0.07959675863399576	9.646922631680495E-6	0.018821146054408645	0.0066660235384912205	0.002807254485819024	9.646922631680495E-6	0.007534246575342465	9.646922631680495E-6	0.012743584796449933	0.1880281690140845	0.04313139108624349	0.0015531545437005596	5.884622805325101E-4	0.0022284391279181943	0.045157244838896396	9.646922631680495E-6	0.0018425622226509745	9.646922631680495E-6	9.646922631680495E-6	9.646922631680495E-6	0.0940671425815165	3.955238278989002E-4	9.646922631680495E-6	0.0037719467489870733	0.006569554312174416	9.646922631680495E-6	9.646922631680495E-6	9.646922631680495E-6	9.646922631680495E-6	0.0015531545437005596	0.004254292880571098	9.646922631680495E-6	9.646922631680495E-6	0.0014566853173837546	0.00936716187536176	9.646922631680495E-6	0.002324908354234999	9.646922631680495E-6	0.05036658306000386
135	file:/data/Documents/UNAM/titulacion/codigo/analisis3/tema3/textos_a_id/2015_0736408.txt	0.08532142231564198	1.7516202487300754E-5	1.7516202487300754E-5	1.7516202487300754E-5	1.7516202487300754E-5	1.7516202487300754E-5	0.07919075144508671	1.7516202487300754E-5	1.7516202487300754E-5	0.045384480644596256	0.34315992292870906	1.7516202487300754E-5	1.7516202487300754E-5	0.02348922753547031	0.01210369591872482	1.7516202487300754E-5	0.026466981958311438	1.7516202487300754E-5	0.016657908565423016	0.002469784550709406	0.03504992117708881	0.1650201436328604	1.7516202487300754E-5	0.002119460500963391	1.7516202487300754E-5	0.005272376948677527	1.7516202487300754E-5	1.926782273603083E-4	1.7516202487300754E-5	0.024540199684708355	1.7516202487300754E-5	1.7516202487300754E-5	1.7516202487300754E-5	1.7516202487300754E-5	0.11457348046943423	1.7516202487300754E-5	0.017533718689788053	1.7516202487300754E-5	8.933263268523383E-4	1.7516202487300754E-5	1.7516202487300754E-5	1.7516202487300754E-5	1.7516202487300754E-5	1.7516202487300754E-5	1.7516202487300754E-5	1.7516202487300754E-5	1.7516202487300754E-5	1.7516202487300754E-5	1.7516202487300754E-5	1.7516202487300754E-5
136	file:/data/Documents/UNAM/titulacion/codigo/analisis3/tema3/textos_a_id/2018_0775415.txt	1.1726078799249531E-5	1.2898686679174484E-4	1.1726078799249531E-5	1.1726078799249531E-5	1.1726078799249531E-5	1.1726078799249531E-5	0.015372889305816135	0.009627110694183864	1.1726078799249531E-5	0.23465056285178235	0.015255628517823638	0.011855065666041276	0.0016533771106941838	0.02569183864915572	0.2602134146341463	1.1726078799249531E-5	0.0021224202626641655	4.8076923076923074E-4	1.1726078799249531E-5	1.2898686679174484E-4	0.0024742026266416513	0.1478775797373358	1.1726078799249531E-5	1.1726078799249531E-5	1.1726078799249531E-5	0.0049366791744840524	1.1726078799249531E-5	0.005405722326454034	2.462476547842402E-4	0.18997420262664164	0.003412288930581614	0.05465525328330206	1.2898686679174484E-4	1.2898686679174484E-4	1.1726078799249531E-5	1.1726078799249531E-5	1.1726078799249531E-5	1.1726078799249531E-5	3.635084427767355E-4	1.1726078799249531E-5	1.1726078799249531E-5	1.1726078799249531E-5	1.1726078799249531E-5	1.1726078799249531E-5	8.325515947467167E-4	1.1726078799249531E-5	0.0077509380863039394	1.2898686679174484E-4	1.1726078799249531E-5	0.004233114446529081
137	file:/data/Documents/UNAM/titulacion/codigo/analisis3/tema3/textos_a_id/2013_0691810.txt	0.04000892060660125	1.4867677668748142E-5	1.4867677668748142E-5	1.4867677668748142E-5	1.4867677668748142E-5	0.04179304192685103	0.06617603330359798	0.0026910496580434136	1.4867677668748142E-5	0.106021409455843	0.15538209931608682	1.4867677668748142E-5	0.002096342551293488	3.1222123104371097E-4	0.04357716324710081	0.0015016354445435622	0.0700416294974725	0.01904549509366637	0.01176033303597978	1.4867677668748142E-5	0.004475170978293191	0.16549212013083556	1.4867677668748142E-5	1.4867677668748142E-5	1.4867677668748142E-5	0.0026910496580434136	1.4867677668748142E-5	6.095747844186738E-4	1.4867677668748142E-5	1.4867677668748142E-5	1.4867677668748142E-5	3.1222123104371097E-4	4.608980077311924E-4	1.4867677668748142E-5	1.4867677668748142E-5	1.4867677668748142E-5	1.4867677668748142E-5	1.4867677668748142E-5	1.4867677668748142E-5	1.4867677668748142E-5	1.4867677668748142E-5	0.005515908415105561	0.25588760035682423	1.4867677668748142E-5	0.002393696104668451	1.4867677668748142E-5	1.4867677668748142E-5	0.0013529586678560808	1.4867677668748142E-5	1.4867677668748142E-5
138	file:/data/Documents/UNAM/titulacion/codigo/analisis3/tema3/textos_a_id/2010_0664580.txt	0.04955537590945837	0.012368633791430881	1.1548677676406051E-5	1.1548677676406051E-5	0.24299572698925972	5.889825614967086E-4	0.02530315278900566	1.2703545444046657E-4	1.1548677676406051E-5	0.0997921238018247	0.15280055433652845	1.1548677676406051E-5	8.199561150248297E-4	0.013292528005543364	0.027728375101050928	0.004746506525002888	0.016064210647880817	1.2703545444046657E-4	0.017911999076105786	0.009712437925857489	0.09644300727566694	0.09736690148977942	1.1548677676406051E-5	1.1548677676406051E-5	1.1548677676406051E-5	0.01456288254994803	1.1548677676406051E-5	1.1548677676406051E-5	1.1548677676406051E-5	1.1548677676406051E-5	1.1548677676406051E-5	0.019413327174038573	1.1548677676406051E-5	3.580090079685876E-4	0.039854486661277284	0.002205797436193556	0.0030142048735419796	1.1548677676406051E-5	0.0025522577664857373	1.1548677676406051E-5	1.1548677676406051E-5	0.019528813950802634	1.1548677676406051E-5	1.1548677676406051E-5	1.2703545444046657E-4	0.029460676752511836	9.354428917888901E-4	1.1548677676406051E-5	1.1548677676406051E-5	1.1548677676406051E-5
139	file:/data/Documents/UNAM/titulacion/codigo/analisis3/tema3/textos_a_id/2021_0812794.txt	0.033440299505281455	9.493247760395774E-4	5.482016312341222E-4	1.4707848642866694E-4	1.3370771493515176E-5	1.3370771493515176E-5	0.09454472523064582	0.0022864019253910953	1.3370771493515176E-5	0.10845032758390159	0.12609974595534162	1.3370771493515176E-5	1.4707848642866694E-4	0.025952667468912956	0.040125685252039044	1.3370771493515176E-5	0.0555020724695815	1.3370771493515176E-5	0.005495387083834738	1.4707848642866694E-4	0.016726835138387484	0.14160984088781922	1.3370771493515176E-5	1.3370771493515176E-5	1.3370771493515176E-5	0.00950661853188929	1.3370771493515176E-5	1.3370771493515176E-5	1.3370771493515176E-5	1.3370771493515176E-5	0.33388153496456746	4.1449391629897045E-4	1.4707848642866694E-4	1.3370771493515176E-5	1.3370771493515176E-5	1.3370771493515176E-5	1.3370771493515176E-5	1.3370771493515176E-5	1.3370771493515176E-5	1.3370771493515176E-5	1.3370771493515176E-5	0.0032223559299371578	1.4707848642866694E-4	1.3370771493515176E-5	1.3370771493515176E-5	1.3370771493515176E-5	1.4707848642866694E-4	1.3370771493515176E-5	1.3370771493515176E-5	1.3370771493515176E-5
140	file:/data/Documents/UNAM/titulacion/codigo/analisis3/tema3/textos_a_id/2006_0610357.txt	0.20394104803493449	1.091703056768559E-5	7.751091703056769E-4	1.091703056768559E-5	1.091703056768559E-5	1.091703056768559E-5	0.11944323144104803	1.091703056768559E-5	1.091703056768559E-5	0.06693231441048035	0.1981550218340611	1.091703056768559E-5	1.091703056768559E-5	0.0086353711790393	0.012674672489082968	1.091703056768559E-5	0.021299126637554584	1.091703056768559E-5	1.091703056768559E-5	0.0032860262008733627	0.11442139737991265	0.032762008733624455	1.091703056768559E-5	1.091703056768559E-5	1.091703056768559E-5	1.091703056768559E-5	1.091703056768559E-5	1.091703056768559E-5	1.2008733624454149E-4	0.007106986899563318	1.091703056768559E-5	0.0062336244541484715	1.091703056768559E-5	1.091703056768559E-5	0.006342794759825327	1.091703056768559E-5	1.091703056768559E-5	1.091703056768559E-5	1.091703056768559E-5	1.091703056768559E-5	1.2008733624454149E-4	1.091703056768559E-5	1.091703056768559E-5	1.091703056768559E-5	1.091703056768559E-5	0.1930240174672489	1.2008733624454149E-4	0.004268558951965065	1.091703056768559E-5	1.091703056768559E-5
141	file:/data/Documents/UNAM/titulacion/codigo/analisis3/tema3/textos_a_id/2018_0771782.txt	0.058153560658779864	7.732158045310447E-6	7.732158045310447E-6	3.9434006031083274E-4	7.732158045310447E-6	0.001786128508466713	0.006889352818371607	7.732158045310447E-6	7.732158045310447E-6	0.04392638985540864	0.2457357148380113	7.732158045310447E-6	7.732158045310447E-6	0.027998144282069128	0.014930797185494471	0.26568468259491224	7.80947962576355E-4	0.003255238537075698	7.732158045310447E-6	0.004569705404778474	0.09209773447769272	0.09944328462073763	2.3969689940462385E-4	0.01145132606510477	5.489832212170416E-4	0.008203819686074382	7.732158045310447E-6	6.263048016701461E-4	7.732158045310447E-6	8.505373849841491E-5	0.004183097502512952	7.732158045310447E-6	8.505373849841491E-5	0.0013221990257480864	7.732158045310447E-6	0.0025593443129977578	0.0016314853475605043	0.0017088069280136087	0.004105775922059847	0.0030232737957163846	7.732158045310447E-6	0.09039665970772442	7.732158045310447E-6	7.732158045310447E-6	7.732158045310447E-6	7.732158045310447E-6	8.505373849841491E-5	9.35591123482564E-4	7.732158045310447E-6	0.0030232737957163846
142	file:/data/Documents/UNAM/titulacion/codigo/analisis3/tema3/textos_a_id/2022_0827264.txt	0.09116947943903018	0.0038150701212265273	1.3073449013548848E-4	1.188495364868077E-5	1.188495364868077E-5	1.188495364868077E-5	0.09782505348229142	7.249821725695269E-4	1.188495364868077E-5	0.11398859044449727	0.13371761350130734	1.188495364868077E-5	2.495840266222962E-4	0.00678630853339672	0.009044449726646066	1.188495364868077E-5	0.03519134775374376	1.188495364868077E-5	0.028654623246969334	1.188495364868077E-5	0.060862847634894225	0.11636558117423343	1.188495364868077E-5	1.188495364868077E-5	4.872830995959115E-4	0.046006655574043265	1.188495364868077E-5	0.0025077252198716427	4.872830995959115E-4	4.872830995959115E-4	0.007261706679343951	0.00369622058473972	1.188495364868077E-5	1.188495364868077E-5	3.684335631091039E-4	0.005122415022581412	0.233432374613739	3.684335631091039E-4	1.188495364868077E-5	1.188495364868077E-5	1.188495364868077E-5	1.188495364868077E-5	1.188495364868077E-5	1.188495364868077E-5	1.3073449013548848E-4	1.3073449013548848E-4	1.188495364868077E-5	7.249821725695269E-4	1.188495364868077E-5	1.188495364868077E-5
143	file:/data/Documents/UNAM/titulacion/codigo/analisis3/tema3/textos_a_id/2014_0714046.txt	0.02352847088931542	1.599488163787588E-5	0.008653230966090851	0.0012955854126679462	1.599488163787588E-5	0.3575015994881638	0.044161868202175304	0.008973128598848369	1.599488163787588E-5	0.10190339091490723	0.1532469609724888	1.599488163787588E-5	1.599488163787588E-5	0.027687140115163145	0.013291746641074855	1.599488163787588E-5	1.599488163787588E-5	1.599488163787588E-5	1.599488163787588E-5	0.008173384516954575	0.007213691618682022	0.20587012156110043	1.599488163787588E-5	1.599488163787588E-5	1.599488163787588E-5	0.013451695457453615	1.599488163787588E-5	1.759436980166347E-4	1.759436980166347E-4	1.599488163787588E-5	0.008973128598848369	0.0025751759436980167	1.599488163787588E-5	9.756877799104286E-4	1.599488163787588E-5	1.599488163787588E-5	0.0017754318618042227	1.599488163787588E-5	1.599488163787588E-5	0.001455534229046705	1.759436980166347E-4	0.004014715291106846	1.599488163787588E-5	1.599488163787588E-5	1.599488163787588E-5	1.599488163787588E-5	0.0016154830454254638	0.002415227127319258	3.358925143953935E-4	1.599488163787588E-5
144	file:/data/Documents/UNAM/titulacion/codigo/analisis3/tema3/textos_a_id/2019_0784489.txt	0.08690374787052811	2.1294718909710394E-5	2.3424190800681432E-4	2.1294718909710394E-5	2.1294718909710394E-5	0.06220187393526406	0.07412691652470188	0.005344974446337309	2.1294718909710394E-5	0.07710817717206134	0.11479982964224873	2.1294718909710394E-5	2.1294718909710394E-5	2.1294718909710394E-5	0.05581345826235094	2.1294718909710394E-5	0.03494463373083475	8.73083475298126E-4	0.043888415672913114	4.4718909710391824E-4	4.4718909710391824E-4	0.12140119250425895	2.1294718909710394E-5	2.3424190800681432E-4	2.1294718909710394E-5	0.017908858603066437	2.3424190800681432E-4	2.1294718909710394E-5	2.1294718909710394E-5	0.0012989778534923339	0.003854344122657581	4.4718909710391824E-4	2.1294718909710394E-5	2.1294718909710394E-5	2.1294718909710394E-5	2.1294718909710394E-5	0.014288756388415673	2.1294718909710394E-5	2.1294718909710394E-5	2.1294718909710394E-5	2.1294718909710394E-5	2.1294718909710394E-5	0.28175042589437815	2.1294718909710394E-5	2.1294718909710394E-5	4.4718909710391824E-4	4.4718909710391824E-4	2.1294718909710394E-5	2.1294718909710394E-5	2.1294718909710394E-5
145	file:/data/Documents/UNAM/titulacion/codigo/analisis3/tema3/textos_a_id/2008_0635667.txt	0.023800981873111783	0.0033138217522658614	9.441087613293051E-6	9.441087613293051E-6	3.870845921450151E-4	8.591389728096676E-4	0.042399924471299096	9.441087613293051E-6	9.441087613293051E-6	0.03088179758308157	0.27568919939577036	9.441087613293051E-6	9.441087613293051E-6	0.02295128398791541	0.04504342900302115	0.19364614803625377	0.011244335347432024	8.591389728096676E-4	0.025122734138972813	9.441087613293051E-6	0.0498583836858006	0.11877832326283987	0.003785876132930514	0.0020864803625377645	9.441087613293051E-6	0.006712613293051359	9.441087613293051E-6	1.0385196374622358E-4	9.441087613293051E-6	0.0017088368580060423	1.0385196374622358E-4	0.002558534743202417	9.441087613293051E-6	9.441087613293051E-6	9.441087613293051E-6	1.982628398791541E-4	0.0015200151057401814	9.441087613293051E-6	9.441087613293051E-6	9.441087613293051E-6	0.0026529456193353476	0.13350641993957704	9.441087613293051E-6	9.441087613293051E-6	9.441087613293051E-6	9.441087613293051E-6	9.441087613293051E-6	9.441087613293051E-6	9.441087613293051E-6	9.441087613293051E-6
146	file:/data/Documents/UNAM/titulacion/codigo/analisis3/tema3/textos_a_id/2013_0723719.txt	0.021371188606901587	0.0010133284644878583	0.4813857951433267	1.9171079057878402E-4	9.129085265656383E-6	9.129085265656383E-6	0.02876574767208326	0.1618678108453533	9.129085265656383E-6	0.05304911447872923	0.01160306737264926	0.007494979003103888	3.742924958919116E-4	0.0056691619499726125	0.014433083805002737	4.655833485484754E-4	9.129085265656383E-6	0.0011959101698009859	9.129085265656383E-6	1.9171079057878402E-4	0.016258900858134015	0.09002190980463758	2.830016432353478E-4	9.129085265656383E-6	1.9171079057878402E-4	0.010233704582800802	9.129085265656383E-6	0.0019262369910534967	9.129085265656383E-6	9.129085265656383E-6	9.129085265656383E-6	9.129085265656383E-6	9.129085265656383E-6	9.129085265656383E-6	1.004199379222202E-4	9.129085265656383E-6	9.129085265656383E-6	9.129085265656383E-6	9.129085265656383E-6	9.129085265656383E-6	9.129085265656383E-6	9.129085265656383E-6	9.129085265656383E-6	0.002200109549023188	7.394559065181668E-4	9.129085265656383E-6	0.08773963848822348	0.0010133284644878583	9.129085265656383E-6	9.129085265656383E-6
147	file:/data/Documents/UNAM/titulacion/codigo/analisis3/tema3/textos_a_id/2015_0724690.txt	0.08011113240084308	2.107683464265185E-4	1.9160758766047138E-5	0.0032764897489940604	1.9160758766047138E-5	2.107683464265185E-4	0.07608737305997318	1.9160758766047138E-5	1.9160758766047138E-5	0.09352366353707607	0.1488982563709523	1.9160758766047138E-5	0.006917033914543016	1.9160758766047138E-5	0.05903429775819123	0.007108641502203488	0.04734623491090247	5.939835217474612E-4	0.2755508718145238	1.9160758766047138E-5	0.015730982946924696	0.15062272465989654	7.855911094079325E-4	4.0237593408698984E-4	1.9160758766047138E-5	0.023970109216324965	1.9160758766047138E-5	1.9160758766047138E-5	1.9160758766047138E-5	1.9160758766047138E-5	1.9160758766047138E-5	1.9160758766047138E-5	1.9160758766047138E-5	1.9160758766047138E-5	2.107683464265185E-4	1.9160758766047138E-5	1.9160758766047138E-5	1.9160758766047138E-5	1.9160758766047138E-5	1.9160758766047138E-5	1.9160758766047138E-5	1.9160758766047138E-5	0.0011688062847288751	1.9160758766047138E-5	1.9160758766047138E-5	0.003084882161333589	0.004234527687296417	1.9160758766047138E-5	4.0237593408698984E-4	1.9160758766047138E-5
148	file:/data/Documents/UNAM/titulacion/codigo/analisis3/tema3/textos_a_id/2006_0608990.txt	0.030576044959606603	1.7562346329469618E-5	1.7562346329469618E-5	1.7562346329469618E-5	1.7562346329469618E-5	1.7562346329469618E-5	0.2172637864418686	1.7562346329469618E-5	1.7562346329469618E-5	0.11241657885493503	0.042342817000351245	1.7562346329469618E-5	1.7562346329469618E-5	0.28716192483315767	0.028644186863364944	0.003003161222339305	1.7562346329469618E-5	1.7562346329469618E-5	1.7562346329469618E-5	0.005637513171759747	0.004232525465402178	0.1450825430277485	1.7562346329469618E-5	1.7562346329469618E-5	1.7562346329469618E-5	0.01371619248331577	1.931858096241658E-4	0.0010713031260976467	1.7562346329469618E-5	8.956796628029505E-4	1.7562346329469618E-5	0.03373726729891113	3.68809272918862E-4	1.931858096241658E-4	1.7562346329469618E-5	1.7562346329469618E-5	1.7562346329469618E-5	1.7562346329469618E-5	1.7562346329469618E-5	5.444327362135582E-4	0.001598173515981735	0.03584474885844749	1.7562346329469618E-5	1.7562346329469618E-5	1.7562346329469618E-5	0.0014225500526870388	0.02846856340007025	0.005110642781875659	1.7562346329469618E-5	1.7562346329469618E-5
149	file:/data/Documents/UNAM/titulacion/codigo/analisis3/tema3/textos_a_id/2011_0721830.txt	0.05429346772630355	2.1321961620469085E-4	1.9383601473153714E-5	2.1321961620469085E-4	1.9383601473153714E-5	2.1321961620469085E-4	0.03452219422368676	1.9383601473153714E-5	1.9383601473153714E-5	0.08608257414227564	0.20606706726109708	0.0025392517929831364	1.9383601473153714E-5	0.03045163791432448	0.03180849001744524	0.026768753634425276	0.016107772824190732	1.9383601473153714E-5	1.9383601473153714E-5	0.14268269044388449	0.06611746462492732	0.12698197325062996	1.9383601473153714E-5	1.9383601473153714E-5	2.1321961620469085E-4	9.885636751308393E-4	1.9383601473153714E-5	1.9383601473153714E-5	1.9383601473153714E-5	1.9383601473153714E-5	1.9383601473153714E-5	0.010486528396976159	1.9383601473153714E-5	1.9383601473153714E-5	1.9383601473153714E-5	1.9383601473153714E-5	1.9383601473153714E-5	0.11011823996898625	1.9383601473153714E-5	1.9383601473153714E-5	0.0027330878077146733	0.041694126768753635	1.9383601473153714E-5	1.9383601473153714E-5	1.9383601473153714E-5	1.9383601473153714E-5	1.9383601473153714E-5	1.9383601473153714E-5	0.0017639077340569878	0.006415972087613879
150	file:/data/Documents/UNAM/titulacion/codigo/analisis3/tema3/textos_a_id/2011_0672112.txt	0.013202416918429003	0.004843907351460222	1.0070493454179255E-5	0.0018227593152064453	6.143001007049345E-4	1.0070493454179255E-5	0.04452165156092649	9.164149043303122E-4	1.1077542799597182E-4	0.08560926485397785	0.14371601208459214	1.0070493454179255E-5	0.012396777442094662	0.05076535750251763	0.04925478348439074	0.24069486404833837	1.0070493454179255E-5	1.0070493454179255E-5	0.06144008056394763	0.00716012084592145	0.03737160120845922	0.14059415911379658	1.0070493454179255E-5	0.017331319234642498	0.005951661631419939	0.02599194360523666	1.0070493454179255E-5	1.0070493454179255E-5	1.0070493454179255E-5	1.0070493454179255E-5	0.0027291037260825783	0.009677744209466264	1.0070493454179255E-5	1.0070493454179255E-5	2.1148036253776435E-4	1.0070493454179255E-5	0.005045317220543807	1.0070493454179255E-5	1.0070493454179255E-5	1.0070493454179255E-5	0.010281973816717018	0.026294058408862037	1.0070493454179255E-5	5.13595166163142E-4	1.0070493454179255E-5	1.0070493454179255E-5	1.0070493454179255E-5	7.150050352467271E-4	1.0070493454179255E-5	1.0070493454179255E-5
151	file:/data/Documents/UNAM/titulacion/codigo/analisis3/tema3/textos_a_id/2023_0842757.txt	0.06734944192321846	1.2265423770391267E-5	1.2265423770391267E-5	0.0036918925548877716	0.013872194284312522	1.2265423770391267E-5	0.04821538084140807	7.481908499938672E-4	1.2265423770391267E-5	0.05054581135778241	0.10181528271801792	1.3491966147430396E-4	0.003446584079479946	0.012155034956457745	0.23992395437262357	0.13419600147185085	0.04662087575125721	0.005777014595854287	1.2265423770391267E-5	0.014485465472832085	0.02245799092358641	0.11101435054581137	1.2265423770391267E-5	1.2265423770391267E-5	0.008107445112228627	0.03361952655464247	1.2265423770391267E-5	0.00271065865325647	1.3491966147430396E-4	1.2265423770391267E-5	0.03312890960382681	0.005286397645038636	1.2265423770391267E-5	1.2265423770391267E-5	2.575738991782166E-4	0.002342695940144732	1.2265423770391267E-5	1.2265423770391267E-5	0.003446584079479946	1.2265423770391267E-5	0.013872194284312522	1.2265423770391267E-5	0.006512940022077763	1.2265423770391267E-5	0.006144977308966025	8.708450876977799E-4	0.005286397645038636	1.2265423770391267E-5	1.2265423770391267E-5	0.001606770513921256
152	file:/data/Documents/UNAM/titulacion/codigo/analisis3/tema3/textos_a_id/2018_0781143.txt	0.08177083333333333	0.002740036231884058	0.016326992753623187	2.2644927536231884E-5	2.2644927536231884E-5	2.2644927536231884E-5	0.041689311594202895	9.284420289855072E-4	2.2644927536231884E-5	0.1546875	0.17914402173913044	0.0020606884057971014	2.2644927536231884E-5	2.2644927536231884E-5	0.07814764492753623	2.2644927536231884E-5	0.04735054347826087	2.2644927536231884E-5	2.2644927536231884E-5	2.2644927536231884E-5	0.0525588768115942	0.10101902173913044	2.4909420289855077E-4	4.755434782608696E-4	0.1619338768115942	0.01813858695652174	2.2644927536231884E-5	2.2644927536231884E-5	2.2644927536231884E-5	0.002513586956521739	0.00998641304347826	2.2644927536231884E-5	2.2644927536231884E-5	2.2644927536231884E-5	2.2644927536231884E-5	2.2644927536231884E-5	0.030593297101449275	2.2644927536231884E-5	2.4909420289855077E-4	2.2644927536231884E-5	0.013836050724637682	2.2644927536231884E-5	2.2644927536231884E-5	7.019927536231884E-4	0.0020606884057971014	2.2644927536231884E-5	2.4909420289855077E-4	2.2644927536231884E-5	2.2644927536231884E-5	2.2644927536231884E-5
153	file:/data/Documents/UNAM/titulacion/codigo/analisis3/tema3/textos_a_id/2011_0674372.txt	0.13622185888567476	1.383473776883411E-4	1.2577034335303736E-5	1.2577034335303736E-5	1.2577034335303736E-5	1.2577034335303736E-5	0.0636523707709722	0.010451515532637403	1.2577034335303736E-5	0.06390391145767828	0.17194063639793736	2.641177210413785E-4	0.02151930574770469	0.00353414664822035	1.2577034335303736E-5	0.007181486605458433	1.2577034335303736E-5	1.2577034335303736E-5	1.2577034335303736E-5	1.2577034335303736E-5	0.01535655892340586	0.1262860017607848	1.2577034335303736E-5	0.004162998364985537	0.35481071563325367	0.009571123129166142	1.2577034335303736E-5	1.2577034335303736E-5	1.2577034335303736E-5	1.2577034335303736E-5	1.2577034335303736E-5	1.2577034335303736E-5	1.2577034335303736E-5	1.2577034335303736E-5	1.2577034335303736E-5	1.2577034335303736E-5	0.007055716262105396	1.2577034335303736E-5	1.2577034335303736E-5	1.2577034335303736E-5	1.2577034335303736E-5	0.0012702804678656771	1.2577034335303736E-5	1.2577034335303736E-5	1.2577034335303736E-5	0.0022764432146899763	1.2577034335303736E-5	1.2577034335303736E-5	1.2577034335303736E-5	1.2577034335303736E-5
154	file:/data/Documents/UNAM/titulacion/codigo/analisis3/tema3/textos_a_id/2011_0721831.txt	0.029233991621783365	4.089367644125274E-4	0.019559146219828447	1.0971474167165371E-4	9.974067424695792E-6	9.974067424695792E-6	0.01606822262118492	0.36296628765210454	1.0971474167165371E-4	0.03192698982645123	0.0014063435068821064	0.014372631158986635	9.974067424695792E-6	9.974067424695792E-6	9.974067424695792E-6	9.974067424695792E-6	9.974067424695792E-6	9.974067424695792E-6	8.07899461400359E-4	9.974067424695792E-6	0.01945940554558149	0.061250748055056856	9.974067424695792E-6	2.094554159186116E-4	9.974067424695792E-6	0.0682325952523439	9.974067424695792E-6	9.974067424695792E-6	6.084181129064432E-4	4.089367644125274E-4	1.0971474167165371E-4	1.0971474167165371E-4	9.974067424695792E-6	9.974067424695792E-6	9.974067424695792E-6	4.089367644125274E-4	9.974067424695792E-6	9.974067424695792E-6	9.974067424695792E-6	9.974067424695792E-6	2.094554159186116E-4	9.974067424695792E-6	0.001007380809894275	0.0014063435068821064	9.974067424695792E-6	2.094554159186116E-4	0.3656592858567724	9.974067424695792E-6	0.003500897666068223	9.974067424695792E-6
155	file:/data/Documents/UNAM/titulacion/codigo/analisis3/tema3/textos_a_id/2023_0846649.txt	0.06893462254945446	0.005420030160560632	8.870753126940477E-6	8.870753126940477E-6	0.008258671161181584	0.3913864987137408	0.030612969041071587	0.0010733611283597977	8.870753126940477E-6	0.08241816730240398	0.08037789408320767	0.003379756941364322	0.004444247316597179	8.870753126940477E-6	0.041435287855938974	8.870753126940477E-6	6.298234720127739E-4	8.870753126940477E-6	0.04835447529495254	8.870753126940477E-6	0.008081256098642775	0.13954581743990063	8.870753126940477E-6	8.870753126940477E-6	8.870753126940477E-6	0.007194180785948727	8.870753126940477E-6	0.0015168987847068217	8.870753126940477E-6	9.84653597090393E-4	8.870753126940477E-6	0.05704781335935421	8.870753126940477E-6	8.870753126940477E-6	8.870753126940477E-6	8.870753126940477E-6	7.185310032821786E-4	8.870753126940477E-6	8.870753126940477E-6	6.298234720127739E-4	0.012516632662113013	8.870753126940477E-6	6.298234720127739E-4	2.7499334693515483E-4	8.959460658209882E-4	0.003024926816286703	8.870753126940477E-6	8.870753126940477E-6	8.870753126940477E-6	8.870753126940477E-6
156	file:/data/Documents/UNAM/titulacion/codigo/analisis3/tema3/textos_a_id/2009_0646061.txt	1.4109110454178984E-4	6.718624025799517E-6	6.718624025799517E-6	6.718624025799517E-6	6.718624025799517E-6	6.718624025799517E-6	6.718624025799517E-6	6.718624025799517E-6	6.718624025799517E-6	0.07948804084923407	0.03239048642837947	0.030778016662187584	6.718624025799517E-6	6.718624025799517E-6	6.718624025799517E-6	6.718624025799517E-6	6.718624025799517E-6	2.7546358505778015E-4	6.718624025799517E-6	6.718624025799517E-6	0.11865761891964526	0.048447997850040316	6.718624025799517E-6	6.718624025799517E-6	6.718624025799517E-6	6.718624025799517E-6	6.718624025799517E-6	6.718624025799517E-6	6.718624025799517E-6	6.718624025799517E-6	6.718624025799517E-6	6.718624025799517E-6	6.718624025799517E-6	6.718624025799517E-6	7.390486428379468E-5	0.6894047299113142	6.718624025799517E-6	6.718624025799517E-6	6.718624025799517E-6	6.718624025799517E-6	6.718624025799517E-6	6.718624025799517E-6	7.390486428379468E-5	6.718624025799517E-6	6.718624025799517E-6	6.718624025799517E-6	6.718624025799517E-6	6.718624025799517E-6	6.718624025799517E-6	6.718624025799517E-6
157	file:/data/Documents/UNAM/titulacion/codigo/analisis3/tema3/textos_a_id/2011_0721877.txt	3.1151677517834338E-6	1.2772187782312077E-4	3.1151677517834338E-6	0.37232796486090775	3.1151677517834338E-6	3.1151677517834338E-6	3.1151677517834338E-6	0.037977010061991834	3.1151677517834338E-6	0.055889224634746576	0.0919317155228809	0.0029313728544282107	3.1151677517834338E-6	0.010750443911404629	0.003336344662160057	0.002214884271518021	0.005610417120961964	3.1151677517834338E-6	3.426684526961777E-5	3.1151677517834338E-6	0.26983894582723283	0.049690040808697544	3.1151677517834338E-6	8.130587832154762E-4	1.9002523285878943E-4	0.07869225257780131	9.657020030528644E-5	3.426684526961777E-5	3.1151677517834338E-6	3.1151677517834338E-6	3.1151677517834338E-6	3.426684526961777E-5	3.1151677517834338E-6	3.1151677517834338E-6	2.834802654122924E-4	0.001249182268465157	5.638453630728015E-4	3.1151677517834338E-6	3.1151677517834338E-6	3.1151677517834338E-6	3.4578362044796114E-4	0.0029936762094638796	3.426684526961777E-5	3.1151677517834338E-6	3.1151677517834338E-6	3.1151677517834338E-6	0.011934207657082335	3.1151677517834338E-6	3.1151677517834338E-6	3.1151677517834338E-6
158	file:/data/Documents/UNAM/titulacion/codigo/analisis3/tema3/textos_a_id/2017_0754148.txt	0.008315401168152475	1.5370427297878884E-5	1.5370427297878884E-5	1.5370427297878884E-5	1.5370427297878884E-5	1.5370427297878884E-5	0.061650783891792196	1.5370427297878884E-5	1.5370427297878884E-5	0.10745465723947126	0.07056563172456194	3.227789732554565E-4	1.5370427297878884E-5	0.010928373808791884	0.07548416845988319	0.0018598217030433445	1.5370427297878884E-5	1.5370427297878884E-5	0.13312327082692899	1.5370427297878884E-5	1.5370427297878884E-5	0.20782354749462034	0.0024746387949585	0.0038579772517675992	1.5370427297878884E-5	0.008161696895173686	1.5370427297878884E-5	1.5370427297878884E-5	1.5370427297878884E-5	1.5370427297878884E-5	1.5370427297878884E-5	1.690747002766677E-4	0.286673839532739	6.30187519213034E-4	0.0010913003381494005	1.5370427297878884E-5	1.5370427297878884E-5	1.5370427297878884E-5	1.5370427297878884E-5	0.0017061174300645556	6.30187519213034E-4	0.010006148170919152	1.5370427297878884E-5	1.5370427297878884E-5	1.5370427297878884E-5	1.5370427297878884E-5	1.5370427297878884E-5	0.0018598217030433445	1.5370427297878884E-5	0.004780202889640333
159	file:/data/Documents/UNAM/titulacion/codigo/analisis3/tema3/textos_a_id/2022_0833220.txt	1.770224818551956E-5	1.770224818551956E-5	1.770224818551956E-5	1.770224818551956E-5	1.770224818551956E-5	1.770224818551956E-5	0.0019649495485926714	0.1786333864400779	1.770224818551956E-5	0.04905292972207471	0.012940343423614798	0.0014338821030270843	1.770224818551956E-5	1.9472473004071518E-4	0.004620286776420605	1.770224818551956E-5	1.770224818551956E-5	1.770224818551956E-5	9.028146574614975E-4	1.770224818551956E-5	0.02373871481678173	0.12127810231899451	1.770224818551956E-5	1.770224818551956E-5	1.9472473004071518E-4	0.08640467339352098	1.770224818551956E-5	1.770224818551956E-5	0.006036466631262171	1.770224818551956E-5	1.770224818551956E-5	1.770224818551956E-5	1.770224818551956E-5	1.770224818551956E-5	1.770224818551956E-5	1.770224818551956E-5	1.770224818551956E-5	1.770224818551956E-5	1.770224818551956E-5	0.00161090458488228	5.487696937511064E-4	1.770224818551956E-5	1.770224818551956E-5	5.487696937511064E-4	3.717472118959108E-4	1.770224818551956E-5	0.5089573375818729	1.770224818551956E-5	1.770224818551956E-5	1.770224818551956E-5
160	file:/data/Documents/UNAM/titulacion/codigo/analisis3/tema3/textos_a_id/2015_0725621.txt	0.04215637860082305	8.395061728395061E-4	1.646090534979424E-5	1.646090534979424E-5	1.646090534979424E-5	0.008905349794238683	0.04989300411522634	6.748971193415637E-4	1.646090534979424E-5	0.0940082304526749	0.1328559670781893	1.646090534979424E-5	0.08248559670781894	0.044460905349794244	0.015325102880658435	0.023226337448559668	1.646090534979424E-5	1.646090534979424E-5	0.07507818930041153	3.4567901234567905E-4	0.004625514403292182	0.1511275720164609	1.646090534979424E-5	0.23639506172839506	3.4567901234567905E-4	0.01499588477366255	1.646090534979424E-5	1.646090534979424E-5	1.646090534979424E-5	1.646090534979424E-5	1.8106995884773665E-4	0.0019917695473251028	0.003308641975308642	1.646090534979424E-5	3.4567901234567905E-4	1.646090534979424E-5	0.010222222222222223	1.646090534979424E-5	1.646090534979424E-5	1.646090534979424E-5	1.646090534979424E-5	1.646090534979424E-5	1.646090534979424E-5	1.646090534979424E-5	1.646090534979424E-5	1.646090534979424E-5	6.748971193415637E-4	0.004296296296296296	1.646090534979424E-5	8.395061728395061E-4
161	file:/data/Documents/UNAM/titulacion/codigo/analisis3/tema3/textos_a_id/2018_0781189.txt	0.10859993403693931	0.006357189973614776	8.245382585751979E-6	8.245382585751979E-6	1.7315303430079156E-4	8.245382585751979E-6	0.1840451846965699	9.069920844327178E-5	8.245382585751979E-6	0.04948054089709763	0.09837565963060685	5.029683377308707E-4	9.152374670184696E-4	0.03125824538258575	0.04074043535620053	8.245382585751979E-6	0.02391985488126649	0.0029765831134564644	0.027712730870712403	0.05582948548812665	0.04090534300791557	0.045852572559366755	8.245382585751979E-6	8.245382585751979E-6	0.0016573218997361478	0.014272757255936675	8.245382585751979E-6	8.245382585751979E-6	9.069920844327178E-5	8.245382585751979E-6	0.00858344327176781	0.030103891820580476	8.245382585751979E-6	3.380606860158311E-4	0.022353232189973617	8.245382585751979E-6	8.245382585751979E-6	8.245382585751979E-6	0.006687005277044854	8.245382585751979E-6	0.003801121372031662	0.005450197889182057	8.245382585751979E-6	8.245382585751979E-6	0.0056151055408970975	0.1828083773087071	3.380606860158311E-4	8.245382585751979E-6	8.245382585751979E-6	8.245382585751979E-6
162	file:/data/Documents/UNAM/titulacion/codigo/analisis3/tema3/textos_a_id/2009_0721514.txt	0.022534962565334087	3.5315722559683573E-6	0.0034291566605452748	3.5315722559683573E-6	3.5315722559683573E-6	1.801101850543862E-4	0.08952888826105382	3.5315722559683573E-6	1.4479446249470262E-4	0.08373710976126571	0.04174671563780195	0.03849766916231106	0.0051596270659697695	0.02624311343410086	0.0016986862551207798	0.0014867919197626785	0.0069254131939539484	0.0014867919197626785	3.5315722559683573E-6	0.0025462635965531853	0.02345317135188586	0.05340090408249752	3.5315722559683573E-6	3.5315722559683573E-6	3.5315722559683573E-6	0.01801455007769459	0.5470793897443141	0.001345529029523944	3.5315722559683573E-6	3.5315722559683573E-6	0.002970052267269388	0.00427673400197768	3.5315722559683573E-6	3.5315722559683573E-6	3.5315722559683573E-6	3.884729481565193E-5	3.5315722559683573E-6	0.0017340019776804635	8.511089136883741E-4	3.5315722559683573E-6	3.5315722559683573E-6	0.005053679898290719	6.392145783302727E-4	0.0069254131939539484	3.5315722559683573E-6	3.213730752931205E-4	0.0016633705325610963	0.0031113151575081223	0.003711682441022743	3.5315722559683573E-6
163	file:/data/Documents/UNAM/titulacion/codigo/analisis3/tema3/textos_a_id/2020_0804133.txt	0.03018445627845952	7.717835918808366E-6	7.717835918808366E-6	7.717835918808366E-6	7.717835918808366E-6	7.717835918808366E-6	0.06846492243574902	3.16431272671143E-4	7.717835918808366E-6	0.2519178822258239	0.04091224820560315	6.251447094234776E-4	7.717835918808366E-6	0.001011036505363896	0.08204831365285173	7.717835918808366E-6	0.3577294126726866	7.717835918808366E-6	7.717835918808366E-6	7.717835918808366E-6	0.00595045149340125	0.12549972987574284	7.717835918808366E-6	7.717835918808366E-6	7.717835918808366E-6	0.007030948522034421	7.717835918808366E-6	7.717835918808366E-6	7.717835918808366E-6	7.717835918808366E-6	7.717835918808366E-6	7.717835918808366E-6	7.717835918808366E-6	7.717835918808366E-6	7.717835918808366E-6	3.16431272671143E-4	7.717835918808366E-6	7.717835918808366E-6	7.717835918808366E-6	7.717835918808366E-6	0.024936327853669834	0.0011653932237400632	7.717835918808366E-6	7.717835918808366E-6	7.717835918808366E-6	2.3925291348305937E-4	6.251447094234776E-4	7.717835918808366E-6	7.717835918808366E-6	7.795014277996449E-4
164	file:/data/Documents/UNAM/titulacion/codigo/analisis3/tema3/textos_a_id/2014_0717457.txt	0.048008318669012964	1.5997440409534477E-5	1.5997440409534477E-5	1.5997440409534477E-5	0.01137418013117901	1.5997440409534477E-5	0.0800031994880819	1.7597184450487922E-4	1.5997440409534477E-5	0.1772676371780515	0.06624540073588227	1.5997440409534477E-5	0.024652055671092625	0.008974564069748841	0.007214845624700048	1.5997440409534477E-5	0.06576547752359622	1.5997440409534477E-5	3.3594624860022396E-4	0.0017757158854583266	0.011214205727083666	0.17966725323948166	1.7597184450487922E-4	0.0016157414813629818	0.21614141737322026	0.013613821788513837	1.5997440409534477E-5	3.3594624860022396E-4	1.7597184450487922E-4	1.5997440409534477E-5	3.3594624860022396E-4	1.5997440409534477E-5	1.5997440409534477E-5	6.558950567909134E-4	1.5997440409534477E-5	1.5997440409534477E-5	0.06768517037274037	1.5997440409534477E-5	0.002255639097744361	1.5997440409534477E-5	1.5997440409534477E-5	1.5997440409534477E-5	1.5997440409534477E-5	1.5997440409534477E-5	1.5997440409534477E-5	1.5997440409534477E-5	1.5997440409534477E-5	0.013453847384418492	1.7597184450487922E-4	3.3594624860022396E-4
165	file:/data/Documents/UNAM/titulacion/codigo/analisis3/tema3/textos_a_id/2009_0644352.txt	0.02181971356360573	0.0010390339792193204	9.360666479453337E-6	1.0296733127398672E-4	9.360666479453337E-6	9.360666479453337E-6	0.023785453524290928	9.360666479453337E-6	9.360666479453337E-6	0.07929420574744922	0.19574089675184872	9.360666479453337E-6	1.9657399606852008E-4	0.06263221941402228	0.04157071983525227	1.9657399606852008E-4	0.09342881213142376	1.0296733127398672E-4	9.360666479453337E-6	1.0296733127398672E-4	0.05252269961621268	0.16222971075540576	9.360666479453337E-6	9.360666479453337E-6	9.360666479453337E-6	0.022287746887578393	9.360666479453337E-6	9.360666479453337E-6	9.360666479453337E-6	0.22803519610596273	0.004502480576617055	9.360666479453337E-6	9.360666479453337E-6	9.360666479453337E-6	0.0011326406440138538	9.360666479453337E-6	9.360666479453337E-6	9.360666479453337E-6	9.360666479453337E-6	9.360666479453337E-6	1.9657399606852008E-4	0.006374613872507722	1.0296733127398672E-4	9.360666479453337E-6	9.360666479453337E-6	9.360666479453337E-6	9.360666479453337E-6	9.360666479453337E-6	9.360666479453337E-6	0.0023495272863427877
166	file:/data/Documents/UNAM/titulacion/codigo/analisis3/tema3/textos_a_id/2015_0742433.txt	0.013257039989713256	1.285842870001286E-5	0.01197119711971197	1.285842870001286E-5	1.285842870001286E-5	1.285842870001286E-5	0.03087308730873087	0.5407097852642407	1.285842870001286E-5	0.06314774334576315	0.03691654879773692	0.006827825639706828	1.285842870001286E-5	1.4144271570014146E-4	1.285842870001286E-5	1.285842870001286E-5	1.285842870001286E-5	1.285842870001286E-5	2.7002700270027E-4	1.285842870001286E-5	0.04604603317474605	0.09002185932879002	1.285842870001286E-5	1.285842870001286E-5	1.285842870001286E-5	0.0445030217307445	1.285842870001286E-5	2.7002700270027E-4	1.285842870001286E-5	1.285842870001286E-5	1.4144271570014146E-4	1.285842870001286E-5	1.285842870001286E-5	1.285842870001286E-5	3.9861128970039865E-4	1.4144271570014146E-4	1.285842870001286E-5	1.285842870001286E-5	1.285842870001286E-5	1.285842870001286E-5	1.285842870001286E-5	1.285842870001286E-5	1.285842870001286E-5	1.285842870001286E-5	1.285842870001286E-5	1.285842870001286E-5	0.11393853671081394	1.285842870001286E-5	1.285842870001286E-5	1.285842870001286E-5
167	file:/data/Documents/UNAM/titulacion/codigo/analisis3/tema3/textos_a_id/2023_0834775.txt	0.06416292974588939	0.0026283009466865973	1.245640259093174E-5	6.352765321375187E-4	3.861484803188839E-4	0.22198555057299452	0.11199551569506727	1.245640259093174E-5	1.245640259093174E-5	0.044730941704035874	0.08770553064275037	1.245640259093174E-5	0.01147234678624813	0.016081215744892876	0.04996263079222721	1.245640259093174E-5	1.245640259093174E-5	1.245640259093174E-5	0.014461883408071748	0.001008968609865471	0.005617837568510214	0.14052067762830092	1.245640259093174E-5	0.0015072247135027403	1.245640259093174E-5	0.036136023916292975	1.245640259093174E-5	6.352765321375187E-4	7.598405580468361E-4	1.245640259093174E-5	0.16730194319880418	1.245640259093174E-5	1.245640259093174E-5	0.006116093672147484	1.245640259093174E-5	1.245640259093174E-5	1.245640259093174E-5	1.245640259093174E-5	1.245640259093174E-5	6.352765321375187E-4	5.107125062282013E-4	1.245640259093174E-5	0.00250373692077728	3.861484803188839E-4	0.00960388639760837	1.245640259093174E-5	1.245640259093174E-5	1.3702042850024913E-4	1.245640259093174E-5	1.3702042850024913E-4
168	file:/data/Documents/UNAM/titulacion/codigo/analisis3/tema3/textos_a_id/2009_0644523.txt	0.1447399366802352	9.045680687471733E-6	9.045680687471733E-6	9.045680687471733E-6	9.045680687471733E-6	0.0010945273631840795	0.08802351876978742	0.016834011759384895	9.045680687471733E-6	0.05925825418362732	0.07345997286295794	0.1082858435097241	9.045680687471733E-6	0.030402532790592494	0.0013658977838082315	9.045680687471733E-6	0.007607417458163727	9.950248756218906E-5	0.0010040705563093622	9.045680687471733E-6	0.17585707824513794	0.067037539574853	9.045680687471733E-6	9.045680687471733E-6	9.045680687471733E-6	0.01222071460877431	9.045680687471733E-6	9.045680687471733E-6	9.045680687471733E-6	9.045680687471733E-6	0.005074626865671642	9.045680687471733E-6	0.006974219810040705	9.045680687471733E-6	0.006250565355042967	1.8995929443690638E-4	9.045680687471733E-6	9.045680687471733E-6	9.950248756218906E-5	9.045680687471733E-6	9.950248756218906E-5	9.045680687471733E-6	9.045680687471733E-6	9.045680687471733E-6	9.045680687471733E-6	0.19331524197195837	9.045680687471733E-6	9.045680687471733E-6	9.045680687471733E-6	4.6132971506105834E-4
169	file:/data/Documents/UNAM/titulacion/codigo/analisis3/tema3/textos_a_id/2022_0838529.txt	0.09455878569590945	0.0024569076408541292	1.2863390789812194E-5	1.2863390789812194E-5	1.2863390789812194E-5	0.2813352199639825	0.05596861332647286	1.2863390789812194E-5	1.2863390789812194E-5	0.07101878055055313	0.07925135065603293	1.2863390789812194E-5	1.2863390789812194E-5	0.0023282737329560076	0.22988165680473371	1.2863390789812194E-5	0.043105222536660666	0.0021996398250578855	1.2863390789812194E-5	0.0016851041934653973	0.011332647285824542	0.0908284023668639	1.2863390789812194E-5	1.2863390789812194E-5	1.2863390789812194E-5	0.012361718549009517	1.2863390789812194E-5	1.4149729868793414E-4	1.2863390789812194E-5	1.4149729868793414E-4	1.2863390789812194E-5	0.0015564702855672755	1.2863390789812194E-5	1.4149729868793414E-4	0.0065731926935940314	1.2863390789812194E-5	6.560329302804219E-4	1.4149729868793414E-4	1.2863390789812194E-5	1.2863390789812194E-5	9.133007460766658E-4	3.9876511448417803E-4	0.01056084383843581	1.2863390789812194E-5	1.2863390789812194E-5	1.2863390789812194E-5	1.4149729868793414E-4	1.2863390789812194E-5	1.2863390789812194E-5	1.2863390789812194E-5
170	file:/data/Documents/UNAM/titulacion/codigo/analisis3/tema3/textos_a_id/2021_0806629.txt	0.07114502065167508	1.1473152822395596E-5	0.0018471776044056908	2.409362092703075E-4	1.1473152822395596E-5	0.1994148692060578	0.0666704910509408	1.2620468104635154E-4	2.409362092703075E-4	0.08422441486920607	0.05462368058742543	1.1473152822395596E-5	0.005518586507572281	9.293253786140431E-4	0.20951124368976592	0.005977512620468105	8.145938503900872E-4	1.1473152822395596E-5	0.013549793483249197	1.1473152822395596E-5	0.0034534189995410742	0.11818494722349701	4.703992657182193E-4	0.028235429095915556	1.1473152822395596E-5	0.010796236805874253	1.1473152822395596E-5	1.1473152822395596E-5	1.1473152822395596E-5	0.009075263882514914	0.007927948600275354	0.09489444699403396	1.1473152822395596E-5	0.0017324460761817346	1.1473152822395596E-5	1.1473152822395596E-5	1.2620468104635154E-4	1.1473152822395596E-5	1.1473152822395596E-5	1.2620468104635154E-4	0.007813217072051399	3.556677374942634E-4	1.2620468104635154E-4	1.1473152822395596E-5	0.001502983019733823	1.2620468104635154E-4	1.1473152822395596E-5	1.1473152822395596E-5	1.1473152822395596E-5	1.1473152822395596E-5
171	file:/data/Documents/UNAM/titulacion/codigo/analisis3/tema3/textos_a_id/2007_0615202.txt	0.009716537820221312	1.5158405335758679E-5	0.0038047597392754286	1.5158405335758679E-5	1.5158405335758679E-5	0.027755040169774137	0.04791571926633319	0.012596634834015462	1.5158405335758679E-5	0.10657874791571927	0.12537517053206004	0.0018341670456268	1.5158405335758679E-5	0.1370471426405942	0.04988631195998181	6.214946187661057E-4	6.214946187661057E-4	0.003956343792633015	0.0072911929664999245	6.214946187661057E-4	0.013809307260876156	0.12825526754585417	1.5158405335758679E-5	0.0016825829922692132	1.6674245869334548E-4	0.014567227527664088	1.5158405335758679E-5	1.5158405335758679E-5	1.5158405335758679E-5	1.5158405335758679E-5	0.005017432166136123	0.04897680763983629	0.02063058966196756	1.5158405335758679E-5	1.5158405335758679E-5	1.5158405335758679E-5	6.214946187661057E-4	0.0012278308321964529	1.5158405335758679E-5	0.008200697286645445	1.5158405335758679E-5	0.051553736546915266	1.5158405335758679E-5	1.5158405335758679E-5	1.6674245869334548E-4	0.0015309989389116264	1.5158405335758679E-5	0.010626042140366833	1.5158405335758679E-5	0.15705623768379565
172	file:/data/Documents/UNAM/titulacion/codigo/analisis3/tema3/textos_a_id/2017_0759734.txt	0.07233301461548967	6.829668078131403E-6	7.512634885944544E-5	0.0024655101762054367	6.829668078131403E-6	0.05184401038109548	0.020837317306378913	2.117197104220735E-4	6.829668078131403E-6	0.07766015571643217	0.06563993989892092	0.06727906023767245	0.0034216637071438328	0.008407321404179756	0.013392979101215681	0.020359240540909714	0.001441059964485726	0.0019191367299549243	0.08066520967080999	6.829668078131403E-6	0.10532031143286436	0.08790465783362927	7.512634885944544E-5	0.011139188635432317	0.006290124299959021	0.02233984428356782	6.829668078131403E-6	6.829668078131403E-6	4.1660975276601556E-4	1.4342302964075946E-4	6.829668078131403E-6	0.0018508400491736104	0.0010312798797978417	6.829668078131403E-6	6.829668078131403E-6	6.829668078131403E-6	7.580931566725857E-4	0.001099576560579156	6.829668078131403E-6	6.829668078131403E-6	2.800163912033875E-4	6.829668078131403E-6	6.829668078131403E-6	6.829668078131403E-6	0.0017142466876109823	0.2695738287119246	6.829668078131403E-6	0.0017825433683922962	6.829668078131403E-6	2.117197104220735E-4
173	file:/data/Documents/UNAM/titulacion/codigo/analisis3/tema3/textos_a_id/2014_0708925.txt	0.02221881076655409	1.0234367004400778E-5	1.0234367004400778E-5	7.266400573124552E-4	0.003796950158632689	1.0234367004400778E-5	0.05067035103878825	0.0028758571282366187	1.0234367004400778E-5	0.28647016682018217	0.00881178999078907	1.0234367004400778E-5	0.001238358407532494	1.0234367004400778E-5	0.06489612117490534	1.0234367004400778E-5	0.1566983932043803	0.002773513458192611	1.0234367004400778E-5	1.0234367004400778E-5	1.0234367004400778E-5	0.12732575990175007	1.1257803704840856E-4	0.17460853546208166	1.0234367004400778E-5	0.027028963258622456	1.0234367004400778E-5	1.0234367004400778E-5	1.0234367004400778E-5	8.28983727356463E-4	1.0234367004400778E-5	0.03214614676082284	1.0234367004400778E-5	1.0234367004400778E-5	1.0234367004400778E-5	0.002773513458192611	0.001340702077576502	1.0234367004400778E-5	0.018739125985057822	1.0234367004400778E-5	1.0234367004400778E-5	9.313273974004707E-4	0.0025688261181045953	1.0234367004400778E-5	1.1257803704840856E-4	1.0234367004400778E-5	1.0234367004400778E-5	0.010039914031317163	1.0234367004400778E-5	1.0234367004400778E-5
174	file:/data/Documents/UNAM/titulacion/codigo/analisis3/tema3/textos_a_id/2021_0806867.txt	0.0524734070019622	1.0327377878756585E-5	0.006310027883920273	1.0327377878756585E-5	0.0014561602809046782	0.32594237323143654	0.08820613446245998	1.0327377878756585E-5	1.0327377878756585E-5	0.13591862026231538	0.02903025921718476	0.10307755860786946	1.1360115666632242E-4	1.0327377878756585E-5	0.02427966539295673	1.0327377878756585E-5	0.012713002168749354	0.002385624289992771	0.014365382629350408	1.0327377878756585E-5	0.05422906124135082	0.11040999690178663	1.0327377878756585E-5	1.0327377878756585E-5	2.1687493545388827E-4	0.0019725291748425074	1.0327377878756585E-5	1.0327377878756585E-5	1.0327377878756585E-5	1.0327377878756585E-5	0.003934730971806259	1.0327377878756585E-5	1.0327377878756585E-5	1.0327377878756585E-5	1.0327377878756585E-5	0.0048641949808943515	0.008168955902096457	1.0327377878756585E-5	1.0327377878756585E-5	1.0327377878756585E-5	1.0327377878756585E-5	0.019632345347516265	1.0327377878756585E-5	1.0327377878756585E-5	1.0327377878756585E-5	1.0327377878756585E-5	1.0327377878756585E-5	1.0327377878756585E-5	1.0327377878756585E-5	1.0327377878756585E-5
175	file:/data/Documents/UNAM/titulacion/codigo/analisis3/tema3/textos_a_id/2022_0821352.txt	0.08250675178001474	1.2275963663147557E-5	0.019162779278173336	0.2687331205499632	2.577952369260987E-4	1.2275963663147557E-5	0.07231770193960226	1.2275963663147557E-5	1.2275963663147557E-5	0.04310090842131108	0.19335870365823715	1.2275963663147557E-5	1.2275963663147557E-5	0.02407316474343236	0.026651117112693346	1.2275963663147557E-5	1.2275963663147557E-5	1.2275963663147557E-5	0.010815123987232998	1.2275963663147557E-5	0.017812423275227106	0.10288485146083969	1.2275963663147557E-5	1.2275963663147557E-5	1.2275963663147557E-5	0.0035723054259759394	1.2275963663147557E-5	1.2275963663147557E-5	1.2275963663147557E-5	0.012165479990179228	0.03524429167689664	1.2275963663147557E-5	3.805548735575743E-4	0.0034495457893444635	0.0016081512398723298	1.2275963663147557E-5	1.2275963663147557E-5	5.033145101890498E-4	1.2275963663147557E-5	1.2275963663147557E-5	1.2275963663147557E-5	0.005168180702185121	1.2275963663147557E-5	1.2275963663147557E-5	1.2275963663147557E-5	0.07563221212865211	1.2275963663147557E-5	2.577952369260987E-4	1.2275963663147557E-5	1.2275963663147557E-5
176	file:/data/Documents/UNAM/titulacion/codigo/analisis3/tema3/textos_a_id/2013_0699591.txt	0.08616999382589009	0.16965767990670233	0.008582012759827125	6.860122110173562E-6	6.860122110173562E-6	6.860122110173562E-6	0.08095630102215819	6.860122110173562E-6	6.860122110173562E-6	0.07196954105783082	0.10825958702064896	6.860122110173562E-6	6.860122110173562E-6	0.0227824655278864	0.10016464293064416	6.860122110173562E-6	0.032180832818824175	0.009473828634149688	0.1264389106126089	6.860122110173562E-6	0.002202099197365713	0.15257597585237018	7.546134321190918E-5	6.860122110173562E-6	6.860122110173562E-6	0.005357755368045551	6.860122110173562E-6	6.860122110173562E-6	6.860122110173562E-6	6.860122110173562E-6	2.126637854153804E-4	6.860122110173562E-6	0.005357755368045551	6.860122110173562E-6	0.016745558070933662	6.860122110173562E-6	6.860122110173562E-6	6.860122110173562E-6	6.860122110173562E-6	6.860122110173562E-6	6.860122110173562E-6	6.860122110173562E-6	6.860122110173562E-6	6.860122110173562E-6	4.8706866982232283E-4	6.860122110173562E-6	1.4406256431364478E-4	6.860122110173562E-6	6.860122110173562E-6	6.860122110173562E-6
177	file:/data/Documents/UNAM/titulacion/codigo/analisis3/tema3/textos_a_id/2006_0606600.txt	0.07394544641526309	1.4905351021016547E-5	1.4905351021016547E-5	1.4905351021016547E-5	1.4905351021016547E-5	4.620658816515129E-4	0.0889998509464898	1.4905351021016547E-5	1.4905351021016547E-5	0.02967655388284394	0.23149500670740794	1.4905351021016547E-5	1.4905351021016547E-5	0.0071694738411089585	0.022521985392756	0.3058727083022805	0.005678938739007304	1.4905351021016547E-5	0.09376956327321509	1.4905351021016547E-5	0.016112684453718884	0.11463705470263826	1.4905351021016547E-5	1.4905351021016547E-5	1.4905351021016547E-5	1.4905351021016547E-5	1.63958861231182E-4	1.4905351021016547E-5	6.111193918616783E-4	1.4905351021016547E-5	1.4905351021016547E-5	0.002399761514383664	1.4905351021016547E-5	1.4905351021016547E-5	1.63958861231182E-4	4.620658816515129E-4	1.4905351021016547E-5	1.4905351021016547E-5	1.4905351021016547E-5	1.4905351021016547E-5	0.005380831718586973	1.4905351021016547E-5	1.4905351021016547E-5	1.4905351021016547E-5	1.4905351021016547E-5	1.4905351021016547E-5	1.4905351021016547E-5	1.4905351021016547E-5	1.4905351021016547E-5	1.4905351021016547E-5
178	file:/data/Documents/UNAM/titulacion/codigo/analisis3/tema3/textos_a_id/2017_0767624.txt	0.030373796911139297	7.461016190405133E-6	7.461016190405133E-6	7.461016190405133E-6	7.461016190405133E-6	3.0590166380661045E-4	0.06790270834887711	7.461016190405133E-6	7.461016190405133E-6	0.023285831530254424	0.13848392151010966	9.773931209430724E-4	7.461016190405133E-6	0.007095426397075281	0.06327687831082594	0.055293590987092446	0.005528612997090203	8.207117809445647E-5	0.01030366335894949	0.006125494292322614	0.008139968663731999	0.1493023949861971	3.805118257106618E-4	0.42051033350742373	7.461016190405133E-6	0.00306647765425651	7.461016190405133E-6	7.461016190405133E-6	7.461016190405133E-6	7.461016190405133E-6	1.566813399985078E-4	0.002021935387599791	7.461016190405133E-6	7.461016190405133E-6	7.461016190405133E-6	7.461016190405133E-6	7.461016190405133E-6	7.461016190405133E-6	7.461016190405133E-6	7.461016190405133E-6	8.207117809445647E-5	0.006498545101842871	7.461016190405133E-6	7.461016190405133E-6	7.461016190405133E-6	7.461016190405133E-6	7.461016190405133E-6	1.566813399985078E-4	7.461016190405133E-6	4.551219876147131E-4
179	file:/data/Documents/UNAM/titulacion/codigo/analisis3/tema3/textos_a_id/2009_0645613.txt	0.04451198211416195	0.39587088660658143	0.007552574582547334	6.986655488017887E-6	0.0016139174177321317	0.00901977223503109	0.048494375742332146	0.0023125829665339203	6.986655488017887E-6	0.1580451337944526	0.039271990498148536	0.00357018095437714	6.986655488017887E-6	0.018032557814574166	0.02802347516243974	6.986655488017887E-6	6.986655488017887E-6	6.986655488017887E-6	1.4671976524837562E-4	0.0021728498567735624	0.04227625235799623	0.1375742332145602	2.864528750087333E-4	7.685321036819674E-5	6.986655488017887E-6	0.03186613568084958	6.986655488017887E-6	6.986655488017887E-6	2.1658632012855447E-4	6.986655488017887E-6	0.0025920491860546356	0.017473625375532733	6.986655488017887E-6	0.0014043177530915951	6.986655488017887E-6	6.986655488017887E-6	4.26185984769091E-4	6.986655488017887E-6	0.005456577936141968	6.986655488017887E-6	0.0010549849786907007	6.986655488017887E-6	6.986655488017887E-6	6.986655488017887E-6	6.986655488017887E-6	6.986655488017887E-6	6.986655488017887E-6	6.986655488017887E-6	6.986655488017887E-6	4.960525396492699E-4
180	file:/data/Documents/UNAM/titulacion/codigo/analisis3/tema3/textos_a_id/2012_0693050.txt	0.022948730516616018	9.80296049406921E-6	4.999509851975297E-4	3.0389177531614547E-4	9.80296049406921E-6	0.0753945691598863	0.0294186844427017	9.80296049406921E-6	9.80296049406921E-6	0.13676110185275953	0.03500637192432115	9.900990099009901E-4	0.005107342417410058	9.80296049406921E-6	0.0765709244191746	9.80296049406921E-6	0.025791589059896092	9.80296049406921E-6	0.03010489167728654	9.80296049406921E-6	0.0019703950593079112	0.12735025977845307	0.004617194392706598	9.80296049406921E-6	0.009910793059503969	0.02667385550436232	2.058621703754534E-4	9.80296049406921E-6	9.80296049406921E-6	9.80296049406921E-6	0.004323105577884521	9.80296049406921E-6	9.80296049406921E-6	0.0026566022938927557	9.80296049406921E-6	9.80296049406921E-6	9.80296049406921E-6	9.80296049406921E-6	0.0011861582197823742	9.80296049406921E-6	9.80296049406921E-6	9.80296049406921E-6	0.04167238506028821	0.3349769630428389	5.979805901382217E-4	9.80296049406921E-6	0.00471522399764729	9.80296049406921E-6	9.80296049406921E-6	9.80296049406921E-6
181	file:/data/Documents/UNAM/titulacion/codigo/analisis3/tema3/textos_a_id/2007_0614711.txt	0.01949901768172888	8.349705304518663E-4	1.6371971185330713E-5	1.6371971185330713E-5	0.01884413883431565	0.0199901768172888	0.08023903077930583	1.6371971185330713E-5	1.6371971185330713E-5	0.06321218074656189	0.04831368696791094	3.43811394891945E-4	1.6371971185330713E-5	0.04176489849377865	0.14032416502946954	1.6371971185330713E-5	0.014587426326129665	1.6371971185330713E-5	0.16144400785854618	3.43811394891945E-4	0.020808775376555337	0.12837262606417812	1.6371971185330713E-5	0.0023084479371316305	8.349705304518663E-4	0.01425998690242305	1.6371971185330713E-5	1.6371971185330713E-5	0.0383267845448592	0.0016535690897184021	0.009512115258677145	0.026538965291421086	1.6371971185330713E-5	0.122969875573019	1.6371971185330713E-5	1.6371971185330713E-5	0.011640471512770137	1.6371971185330713E-5	1.8009168303863786E-4	1.8009168303863786E-4	1.6371971185330713E-5	0.0023084479371316305	3.43811394891945E-4	1.6371971185330713E-5	1.6371971185330713E-5	1.6371971185330713E-5	9.986902423051735E-4	1.6371971185330713E-5	1.6371971185330713E-5	0.00869351669941061
182	file:/data/Documents/UNAM/titulacion/codigo/analisis3/tema3/textos_a_id/2006_0610285.txt	0.03668812989921613	7.138857782754759E-4	1.3997760358342666E-5	1.3997760358342666E-5	0.002533594624860023	0.15804871220604702	0.050545912653975365	7.138857782754759E-4	1.3997760358342666E-5	0.07812150055991042	0.1588885778275476	1.3997760358342666E-5	1.3997760358342666E-5	0.06524356103023517	0.029129339305711086	1.3997760358342666E-5	0.04592665173572229	4.3393057110862265E-4	0.020170772676371778	0.01387178051511758	0.011492161254199327	0.11395576707726764	1.3997760358342666E-5	1.3997760358342666E-5	1.3997760358342666E-5	0.03164893617021276	1.3997760358342666E-5	1.3997760358342666E-5	1.5397536394176934E-4	1.3997760358342666E-5	0.004633258678611423	1.3997760358342666E-5	1.3997760358342666E-5	1.3997760358342666E-5	0.004773236282194849	1.3997760358342666E-5	1.3997760358342666E-5	1.3997760358342666E-5	1.3997760358342666E-5	1.3997760358342666E-5	1.5397536394176934E-4	1.3997760358342666E-5	1.3997760358342666E-5	1.3997760358342666E-5	1.3997760358342666E-5	1.3997760358342666E-5	1.3997760358342666E-5	1.3997760358342666E-5	0.17176651735722284	1.3997760358342666E-5
183	file:/data/Documents/UNAM/titulacion/codigo/analisis3/tema3/textos_a_id/2023_0835106.txt	0.026735537190082644	1.3774104683195593E-5	1.3774104683195593E-5	1.3774104683195593E-5	1.3774104683195593E-5	1.3774104683195593E-5	0.051391184573002756	1.3774104683195593E-5	1.3774104683195593E-5	0.11571625344352618	0.015303030303030303	4.269972451790634E-4	1.3774104683195593E-5	1.3774104683195593E-5	0.38224517906336086	2.8925619834710745E-4	0.04243801652892562	0.002768595041322314	0.0500137741046832	0.005247933884297521	0.0053856749311294765	0.1290771349862259	1.3774104683195593E-5	0.0022176308539944905	1.3774104683195593E-5	0.004834710743801653	1.3774104683195593E-5	1.3774104683195593E-5	1.3774104683195593E-5	2.8925619834710745E-4	1.3774104683195593E-5	0.021088154269972452	1.3774104683195593E-5	1.5151515151515152E-4	1.5151515151515152E-4	1.3774104683195593E-5	0.005110192837465565	1.3774104683195593E-5	1.3774104683195593E-5	1.3774104683195593E-5	0.006900826446280992	1.3774104683195593E-5	0.131831955922865	1.3774104683195593E-5	1.3774104683195593E-5	1.3774104683195593E-5	1.3774104683195593E-5	1.3774104683195593E-5	1.3774104683195593E-5	1.3774104683195593E-5
184	file:/data/Documents/UNAM/titulacion/codigo/analisis3/tema3/textos_a_id/2010_0665312.txt	0.046777251184834126	6.477093206951026E-4	1.579778830963665E-5	4.897314375987362E-4	1.579778830963665E-5	0.007282780410742496	0.1011216429699842	0.013601895734597155	1.579778830963665E-5	0.04393364928909953	0.2486729857819905	1.579778830963665E-5	1.579778830963665E-5	0.012812006319115323	1.579778830963665E-5	1.579778830963665E-5	0.027187993680884676	0.004439178515007899	0.0412480252764613	8.056872037914692E-4	0.044723538704581366	0.08958925750394946	3.317535545023697E-4	0.01786729857819905	0.004439178515007899	1.579778830963665E-5	1.7377567140600318E-4	1.579778830963665E-5	1.579778830963665E-5	1.579778830963665E-5	1.579778830963665E-5	0.01470774091627172	1.579778830963665E-5	1.579778830963665E-5	4.897314375987362E-4	1.579778830963665E-5	0.002069510268562401	1.579778830963665E-5	1.579778830963665E-5	1.579778830963665E-5	1.7377567140600318E-4	0.05641390205371248	1.579778830963665E-5	1.579778830963665E-5	1.579778830963665E-5	1.579778830963665E-5	1.579778830963665E-5	0.001121642969984202	1.579778830963665E-5	0.2184992101105845
185	file:/data/Documents/UNAM/titulacion/codigo/analisis3/tema3/textos_a_id/2020_0804810.txt	0.07615865945487327	1.0605578534309048E-5	1.0605578534309048E-5	1.0605578534309048E-5	1.0605578534309048E-5	1.0605578534309048E-5	0.05918973379997879	1.0605578534309048E-5	1.0605578534309048E-5	0.073507264821296	0.09376391982182629	1.0605578534309048E-5	1.0605578534309048E-5	0.0031922791388270234	0.18051755223247426	5.408845052497613E-4	0.07000742390497403	1.0605578534309048E-5	1.0605578534309048E-5	1.1666136387739953E-4	0.017191642804114962	0.139155795948669	1.1666136387739953E-4	1.1666136387739953E-4	1.0605578534309048E-5	0.0012832750026513947	1.0605578534309048E-5	3.2877293456358046E-4	0.0029801675681408422	1.0605578534309048E-5	6.469402905928518E-4	1.0605578534309048E-5	1.0605578534309048E-5	1.0605578534309048E-5	1.0605578534309048E-5	1.0605578534309048E-5	1.0605578534309048E-5	1.0605578534309048E-5	9.651076466221232E-4	0.001601442358680666	0.004146781206914837	5.408845052497613E-4	1.0605578534309048E-5	0.03606957259518507	0.23428783540142115	0.0032983349241701137	1.0605578534309048E-5	1.0605578534309048E-5	1.0605578534309048E-5	1.0605578534309048E-5
186	file:/data/Documents/UNAM/titulacion/codigo/analisis3/tema3/textos_a_id/2022_0824284.txt	0.003080371969445367	8.302889405513118E-6	8.302889405513118E-6	0.005903354367319827	8.302889405513118E-6	8.302889405513118E-6	0.036873131849883764	0.006567585519760877	8.302889405513118E-6	0.04750083028894055	0.1048737960810362	0.0907588840916639	5.895051477914314E-4	0.04932746595815344	8.302889405513118E-6	8.302889405513118E-6	8.302889405513118E-6	1.743606775157755E-4	0.04268515443374295	0.004325805380272335	0.14505978080371967	0.0431002989040186	0.002250083028894055	9.133178346064431E-5	8.302889405513118E-6	0.043515443374294256	9.133178346064431E-5	8.302889405513118E-6	8.302889405513118E-6	5.064762537363002E-4	6.725340418465626E-4	0.01030388575224178	8.302889405513118E-6	8.302889405513118E-6	8.302889405513118E-6	0.002084025240783793	5.064762537363002E-4	4.23447359681169E-4	8.385918299568249E-4	0.004491863168382597	8.302889405513118E-6	0.3495599468615078	8.302889405513118E-6	9.133178346064431E-5	8.302889405513118E-6	5.064762537363002E-4	8.302889405513118E-6	0.002997343075390236	8.302889405513118E-6	9.133178346064431E-5
187	file:/data/Documents/UNAM/titulacion/codigo/analisis3/tema3/textos_a_id/2022_0830257.txt	0.07619568387284922	0.005985710119568387	7.290755322251386E-6	7.290755322251386E-6	7.290755322251386E-6	0.0029965004374453196	0.030482648002333045	0.0011738116068824732	7.290755322251386E-6	0.06073928258967629	0.2061169437153689	7.290755322251386E-6	0.0014654418197725286	0.00168416447944007	0.025087489063867017	0.2603601633129192	7.290755322251386E-6	7.290755322251386E-6	0.11279527559055118	7.290755322251386E-6	0.0528652668416448	0.15158209390492855	7.290755322251386E-6	7.290755322251386E-6	7.290755322251386E-6	0.006496062992125984	7.290755322251386E-6	8.019830854476524E-5	7.290755322251386E-6	7.290755322251386E-6	4.4473607465733445E-4	8.019830854476524E-5	7.290755322251386E-6	7.290755322251386E-6	6.63458734324876E-4	7.290755322251386E-6	7.290755322251386E-6	7.290755322251386E-6	7.290755322251386E-6	7.290755322251386E-6	7.290755322251386E-6	7.290755322251386E-6	1.531058617672791E-4	0.001100904053659959	7.290755322251386E-6	7.290755322251386E-6	8.019830854476524E-5	7.290755322251386E-6	7.290755322251386E-6	0.0011738116068824732
188	file:/data/Documents/UNAM/titulacion/codigo/analisis3/tema3/textos_a_id/2010_0725150.txt	0.07191137166997155	8.621432882145014E-6	0.016561772566600567	8.621432882145014E-6	8.621432882145014E-6	8.621432882145014E-6	0.0656177256660057	0.033459781015604796	8.621432882145014E-6	0.05475472023450298	8.621432882145014E-6	0.0025950512975256488	8.621432882145014E-6	8.621432882145014E-6	8.621432882145014E-6	8.621432882145014E-6	8.621432882145014E-6	8.621432882145014E-6	8.621432882145014E-6	8.621432882145014E-6	0.0052676954909906025	0.021475989309423224	2.672644193464954E-4	8.621432882145014E-6	8.621432882145014E-6	0.013889128373135615	0.007854125355634105	8.621432882145014E-6	8.621432882145014E-6	8.621432882145014E-6	9.483576170359515E-5	8.621432882145014E-6	8.621432882145014E-6	8.707647210966463E-4	9.483576170359515E-5	8.621432882145014E-6	3.5347874816794546E-4	8.621432882145014E-6	8.621432882145014E-6	9.483576170359515E-5	8.621432882145014E-6	7.845503922751961E-4	9.483576170359515E-5	0.0023364083110612986	0.0019053366669540479	8.621432882145014E-6	0.1860591430295715	8.621432882145014E-6	0.5132425209069748	1.8105009052504526E-4
189	file:/data/Documents/UNAM/titulacion/codigo/analisis3/tema3/textos_a_id/2007_0616257.txt	7.514277126540427E-6	0.001510369702434626	8.26570483919447E-5	9.092275323113917E-4	0.23903666967237752	7.514277126540427E-6	0.01834235046588518	7.514277126540427E-6	7.514277126540427E-6	0.14758791704238053	0.11197024346257889	0.0027877968139464982	7.514277126540427E-6	0.008724075743913436	0.11835737902013825	1.5779981965734896E-4	0.0036143672978659453	7.514277126540427E-6	7.514277126540427E-6	7.514277126540427E-6	0.016689209498046288	0.17403817252780282	7.514277126540427E-6	7.514277126540427E-6	8.26570483919447E-5	0.009400360685302074	7.514277126540427E-6	0.12301623083859332	5.335136759843703E-4	0.008348361887586414	7.514277126540427E-6	0.005943793207093477	7.514277126540427E-6	7.514277126540427E-6	7.514277126540427E-6	7.514277126540427E-6	1.5779981965734896E-4	7.514277126540427E-6	7.514277126540427E-6	8.26570483919447E-5	7.514277126540427E-6	0.0033889389840697326	7.514277126540427E-6	1.5779981965734896E-4	7.514277126540427E-6	7.514277126540427E-6	7.514277126540427E-6	0.0048166516381124135	8.26570483919447E-5	7.514277126540427E-6
190	file:/data/Documents/UNAM/titulacion/codigo/analisis3/tema3/textos_a_id/2021_0810444.txt	0.02135586520407155	9.882399446585632E-6	2.0753038837829826E-4	9.882399446585632E-6	9.882399446585632E-6	9.882399446585632E-6	0.09705504496491749	1.0870639391244194E-4	9.882399446585632E-6	0.04230655203083309	0.16425536120169976	9.882399446585632E-6	0.004951082122739401	0.07442435023223638	0.0674078466251606	0.20665085482755213	0.004951082122739401	9.882399446585632E-6	0.15279177784366044	0.0029746022334222752	0.0020851862832295684	0.12591165134894752	9.882399446585632E-6	0.0020851862832295684	9.882399446585632E-6	0.002282834272161281	0.002678130250024706	9.882399446585632E-6	9.882399446585632E-6	8.992983496392924E-4	0.002381658266627137	9.882399446585632E-6	2.0753038837829826E-4	9.882399446585632E-6	0.012165233718746912	9.882399446585632E-6	9.882399446585632E-6	9.882399446585632E-6	4.0517837731001083E-4	9.882399446585632E-6	0.004061666172546694	0.0012945943275027177	9.882399446585632E-6	9.882399446585632E-6	9.882399446585632E-6	1.0870639391244194E-4	9.882399446585632E-6	0.0018875382942978556	2.0753038837829826E-4	0.001689890305366143
191	file:/data/Documents/UNAM/titulacion/codigo/analisis3/tema3/textos_a_id/2016_0750850.txt	0.07414335664335665	1.7482517482517483E-5	1.7482517482517483E-5	1.7482517482517483E-5	7.167832167832167E-4	3.6713286713286713E-4	0.08970279720279721	1.7482517482517483E-5	1.7482517482517483E-5	0.08375874125874126	0.19075174825174823	1.7482517482517483E-5	0.013653846153846154	0.009632867132867134	0.03270979020979021	0.08236013986013986	0.024667832167832165	3.6713286713286713E-4	1.7482517482517483E-5	0.21487762237762237	0.008583916083916085	0.14250000000000002	1.7482517482517483E-5	0.006311188811188811	1.7482517482517483E-5	0.014353146853146852	1.7482517482517483E-5	1.7482517482517483E-5	1.7482517482517483E-5	1.7482517482517483E-5	0.0019405594405594404	7.167832167832167E-4	1.7482517482517483E-5	1.7482517482517483E-5	1.7482517482517483E-5	3.6713286713286713E-4	1.7482517482517483E-5	1.7482517482517483E-5	1.9230769230769233E-4	1.7482517482517483E-5	0.003688811188811189	0.0015909090909090907	1.7482517482517483E-5	0.0015909090909090907	1.7482517482517483E-5	1.7482517482517483E-5	1.7482517482517483E-5	1.7482517482517483E-5	1.7482517482517483E-5	1.7482517482517483E-5
192	file:/data/Documents/UNAM/titulacion/codigo/analisis3/tema3/textos_a_id/2022_0822350.txt	0.0700655737704918	2.2950819672131148E-4	0.011049180327868852	4.4808743169398905E-4	1.092896174863388E-5	1.092896174863388E-5	0.030174863387978146	0.14350819672131146	1.092896174863388E-5	0.07083060109289618	0.010502732240437157	0.0011038251366120217	0.0025245901639344265	1.2021857923497268E-4	0.003836065573770492	1.092896174863388E-5	1.092896174863388E-5	1.092896174863388E-5	1.092896174863388E-5	1.092896174863388E-5	0.00853551912568306	0.08820765027322405	1.092896174863388E-5	1.092896174863388E-5	1.092896174863388E-5	0.03727868852459017	2.2950819672131148E-4	1.092896174863388E-5	1.2021857923497268E-4	1.092896174863388E-5	1.092896174863388E-5	1.092896174863388E-5	1.092896174863388E-5	1.092896174863388E-5	1.092896174863388E-5	1.092896174863388E-5	0.02012021857923497	1.092896174863388E-5	1.092896174863388E-5	1.092896174863388E-5	1.092896174863388E-5	1.092896174863388E-5	1.092896174863388E-5	1.2021857923497268E-4	1.092896174863388E-5	1.092896174863388E-5	0.5006666666666667	1.092896174863388E-5	1.092896174863388E-5	1.092896174863388E-5
193	file:/data/Documents/UNAM/titulacion/codigo/analisis3/tema3/textos_a_id/2020_0806040.txt	0.1103392153503512	8.566044200788077E-6	0.003948946376563303	8.566044200788077E-6	0.0034349837245160188	0.011230083947233167	0.03410142196333733	0.004976871680657872	8.566044200788077E-6	0.09569127976700359	0.027848209696762036	0.1196762035292102	0.006004796984752441	0.0030923419564844955	0.02587801953058078	8.566044200788077E-6	0.017397635771800583	8.566044200788077E-6	5.225286962480726E-4	8.566044200788077E-6	0.07718862429330135	0.14648792187767687	8.566044200788077E-6	6.081891382559533E-4	8.566044200788077E-6	0.014228199417508993	9.422648620866884E-5	8.566044200788077E-6	8.566044200788077E-6	1.798869282165496E-4	0.029904060304951175	8.566044200788077E-6	9.422648620866884E-5	8.566044200788077E-6	8.566044200788077E-6	6.081891382559533E-4	8.566044200788077E-6	8.566044200788077E-6	7.795100222717149E-4	8.566044200788077E-6	8.566044200788077E-6	8.566044200788077E-6	0.0010364913482953572	0.25878876135000856	0.0024927188624293303	0.0013791331163268805	6.938495802638341E-4	0.0011221517903032378	8.566044200788077E-6	8.566044200788077E-6
194	file:/data/Documents/UNAM/titulacion/codigo/analisis3/tema3/textos_a_id/2020_0799804.txt	0.04714046057648315	1.5250876925423213E-5	0.03204209242031417	1.5250876925423213E-5	6.252859539423516E-4	0.03478725026689034	0.04439530272990697	0.003675461339026994	1.5250876925423213E-5	0.07992984596614305	0.04271770626811042	0.02426414518834833	1.5250876925423213E-5	0.017401250571907882	0.13681561689797164	1.5250876925423213E-5	0.03234710995882263	4.727771846881196E-4	0.03982003965228001	1.6775964617965535E-4	0.040125057190788474	0.11881958212597225	1.5250876925423213E-5	1.5250876925423213E-5	0.2321335976818667	0.02639926795790758	7.777947231965837E-4	1.5250876925423213E-5	7.777947231965837E-4	1.5250876925423213E-5	1.5250876925423213E-5	0.016181180417874027	1.5250876925423213E-5	1.5250876925423213E-5	1.5250876925423213E-5	0.007793198108891262	1.5250876925423213E-5	3.2026841543388745E-4	1.5250876925423213E-5	1.5250876925423213E-5	0.0056580753393320115	1.6775964617965535E-4	0.006573127954857405	1.5250876925423213E-5	0.004285496416043923	1.5250876925423213E-5	1.5250876925423213E-5	0.0015403385694677443	1.5250876925423213E-5	0.0015403385694677443
195	file:/data/Documents/UNAM/titulacion/codigo/analisis3/tema3/textos_a_id/2014_0714729.txt	0.018664236706689537	0.004834905660377358	1.0720411663807891E-5	0.0016187821612349913	1.0720411663807891E-5	0.055864065180102916	0.060045025728988	0.0011899656946826758	1.0720411663807891E-5	0.09027658662092625	0.06401157804459691	1.0720411663807891E-5	1.0720411663807891E-5	0.014161663807890223	0.15534948542024013	6.539451114922813E-4	1.0720411663807891E-5	7.611492281303601E-4	0.008908662092624356	4.3953687821612344E-4	0.0026908233276157806	0.17035806174957116	1.0720411663807891E-5	1.0720411663807891E-5	0.010623927958833618	1.0720411663807891E-5	1.0720411663807891E-5	1.0720411663807891E-5	2.251286449399657E-4	0.03646012006861064	0.28495926243567754	0.008158233276157804	1.0720411663807891E-5	1.0720411663807891E-5	0.0012971698113207546	1.0720411663807891E-5	1.0720411663807891E-5	0.0019403945111492282	0.0027980274442538596	0.0025836192109777016	1.0720411663807891E-5	1.0720411663807891E-5	4.3953687821612344E-4	1.0720411663807891E-5	1.0720411663807891E-5	1.0720411663807891E-5	1.0720411663807891E-5	1.0720411663807891E-5	1.0720411663807891E-5	4.3953687821612344E-4
196	file:/data/Documents/UNAM/titulacion/codigo/analisis3/tema3/textos_a_id/2019_0787655.txt	0.06278323641467817	2.0052135552436335E-5	2.0052135552436335E-5	6.216162021255264E-4	0.0036294365349909766	2.0052135552436335E-5	0.02488470022057349	0.004832564668137157	2.0052135552436335E-5	0.10870262682975737	0.08423902145578505	0.08604371365550431	2.205734910767997E-4	2.0052135552436335E-5	0.019671144976940044	2.0052135552436335E-5	2.0052135552436335E-5	2.0052135552436335E-5	0.09907760176458794	2.0052135552436335E-5	0.05756968117104472	0.08363745738921195	2.0052135552436335E-5	2.0052135552436335E-5	2.0052135552436335E-5	0.026488871064768396	2.0052135552436335E-5	2.0052135552436335E-5	0.001022658913174253	6.216162021255264E-4	2.0052135552436335E-5	0.117325045117305	2.0052135552436335E-5	2.0052135552436335E-5	2.0052135552436335E-5	2.0052135552436335E-5	0.20354922799278125	2.205734910767997E-4	2.0052135552436335E-5	2.0052135552436335E-5	2.0052135552436335E-5	2.205734910767997E-4	2.205734910767997E-4	2.0052135552436335E-5	0.002225787046320433	2.0052135552436335E-5	0.01104872668939242	4.2109484660116304E-4	2.0052135552436335E-5	2.205734910767997E-4
197	file:/data/Documents/UNAM/titulacion/codigo/analisis3/tema3/textos_a_id/2007_0615718.txt	0.11552186468646863	0.0028981023102310232	0.01919348184818482	9.385313531353135E-4	1.0313531353135314E-5	1.0313531353135314E-5	0.11882219471947193	0.08159034653465347	1.0313531353135314E-5	0.09819513201320132	6.291254125412541E-4	0.005785891089108911	1.0313531353135314E-5	1.0313531353135314E-5	1.0313531353135314E-5	2.165841584158416E-4	1.0313531353135314E-5	1.0313531353135314E-5	2.165841584158416E-4	1.0313531353135314E-5	0.0031043729372937294	0.06694513201320132	1.0313531353135314E-5	1.0313531353135314E-5	4.2285478547854783E-4	0.01929661716171617	1.0313531353135314E-5	1.0313531353135314E-5	1.0313531353135314E-5	1.0313531353135314E-5	2.165841584158416E-4	1.0313531353135314E-5	1.0313531353135314E-5	1.0313531353135314E-5	1.0313531353135314E-5	1.0313531353135314E-5	5.259900990099009E-4	1.0313531353135314E-5	6.291254125412541E-4	1.0313531353135314E-5	1.0313531353135314E-5	1.0313531353135314E-5	1.0313531353135314E-5	1.0313531353135314E-5	1.0313531353135314E-5	1.0313531353135314E-5	0.4431827557755776	3.1971947194719475E-4	0.021049917491749174	1.0313531353135314E-5
198	file:/data/Documents/UNAM/titulacion/codigo/analisis3/tema3/textos_a_id/2023_0833910.txt	0.025597995291973576	7.593591009188246E-6	7.593591009188246E-6	7.593591009188246E-6	0.0061584023084516664	0.00843647961120814	0.09204191662237071	8.428886020198952E-4	7.593591009188246E-6	0.06485686080947681	0.11254461234717897	7.593591009188246E-6	0.3117245045181867	0.0033487736350520164	0.07229857999848129	0.017396917002050268	0.009727390082770142	7.593591009188246E-6	0.02666109803325993	7.593591009188246E-6	0.00843647961120814	0.12689649935454475	7.593591009188246E-6	0.03835522818740983	7.593591009188246E-6	0.009803325992862023	7.593591009188246E-6	5.391449616523654E-4	7.593591009188246E-6	7.593591009188246E-6	0.05149214063330549	7.593591009188246E-6	7.593591009188246E-6	8.35295011010707E-5	7.593591009188246E-6	7.593591009188246E-6	7.593591009188246E-6	7.593591009188246E-6	0.004335940466246488	8.35295011010707E-5	0.005474979117624725	0.002437542713949427	7.593591009188246E-6	7.593591009188246E-6	7.593591009188246E-6	7.593591009188246E-6	2.3540132128483561E-4	7.593591009188246E-6	7.593591009188246E-6	7.593591009188246E-6
199	file:/data/Documents/UNAM/titulacion/codigo/analisis3/tema3/textos_a_id/2012_0723275.txt	1.0396091069757772E-5	1.0396091069757772E-5	0.0018816924836261566	1.0396091069757772E-5	1.0396091069757772E-5	1.0396091069757772E-5	0.009366878053851752	0.27145233392244517	1.0396091069757772E-5	0.05282253872543924	0.007287659839900197	1.143570017673355E-4	1.0396091069757772E-5	1.0396091069757772E-5	0.0018816924836261566	2.1831791246491322E-4	0.002505457947811623	1.143570017673355E-4	1.0396091069757772E-5	1.0396091069757772E-5	1.0396091069757772E-5	0.09877326125376859	1.0396091069757772E-5	1.0396091069757772E-5	1.0396091069757772E-5	0.051367085975673146	3.222788231624909E-4	1.0396091069757772E-5	1.0396091069757772E-5	7.381224659528018E-4	1.0396091069757772E-5	1.0396091069757772E-5	1.0396091069757772E-5	1.0396091069757772E-5	1.0396091069757772E-5	1.143570017673355E-4	1.143570017673355E-4	1.0396091069757772E-5	1.0396091069757772E-5	1.0396091069757772E-5	1.143570017673355E-4	1.0396091069757772E-5	2.1831791246491322E-4	1.0396091069757772E-5	1.0396091069757772E-5	1.0396091069757772E-5	0.5002702983678138	1.0396091069757772E-5	1.0396091069757772E-5	1.0396091069757772E-5
200	file:/data/Documents/UNAM/titulacion/codigo/analisis3/tema3/textos_a_id/2011_0721829.txt	6.9851913942442025E-6	6.9851913942442025E-6	6.9851913942442025E-6	6.9851913942442025E-6	6.9851913942442025E-6	6.9851913942442025E-6	0.007411288069293098	0.020683151718357086	6.9851913942442025E-6	0.10240989103101425	0.009367141659681475	0.027877898854428613	6.9851913942442025E-6	4.959485889913383E-4	6.9851913942442025E-6	7.683710533668623E-5	0.0011944677284157588	6.9851913942442025E-6	6.9851913942442025E-6	6.9851913942442025E-6	7.055043308186644E-4	0.0857152835987706	6.9851913942442025E-6	6.9851913942442025E-6	6.9851913942442025E-6	0.07188460463816708	6.9851913942442025E-6	6.9851913942442025E-6	6.9851913942442025E-6	6.9851913942442025E-6	7.683710533668623E-5	6.9851913942442025E-6	7.683710533668623E-5	6.9851913942442025E-6	6.9851913942442025E-6	6.9851913942442025E-6	6.9851913942442025E-6	6.9851913942442025E-6	6.9851913942442025E-6	6.9851913942442025E-6	6.9851913942442025E-6	6.9851913942442025E-6	6.9851913942442025E-6	6.9851913942442025E-6	0.6366373288628109	6.9851913942442025E-6	0.0350027940765577	6.9851913942442025E-6	7.683710533668623E-5	7.683710533668623E-5
201	file:/data/Documents/UNAM/titulacion/codigo/analisis3/tema3/textos_a_id/2022_0828322.txt	0.026484142043914343	9.035872413481523E-6	9.035872413481523E-6	0.003894461010210536	0.2544592030360531	9.035872413481523E-6	0.05323032438781965	0.006966657630794253	9.035872413481523E-6	0.06054938104273968	0.22373723683021596	9.035872413481523E-6	0.010852082768591308	5.511882172223728E-4	0.014647149182253546	9.035872413481523E-6	0.03235745911267733	9.035872413481523E-6	0.002268003975783862	9.035872413481523E-6	0.07816933224902864	0.1634679678322942	0.037146471491822534	0.0015451341827053403	9.035872413481523E-6	0.011213517665130568	9.939459654829674E-5	9.035872413481523E-6	9.035872413481523E-6	9.939459654829674E-5	0.004888406975693503	9.126231137616337E-4	8.222643896268184E-4	9.035872413481523E-6	9.035872413481523E-6	9.035872413481523E-6	9.035872413481523E-6	9.035872413481523E-6	9.035872413481523E-6	9.035872413481523E-6	0.007599168699737959	0.0031715912171320143	9.035872413481523E-6	9.035872413481523E-6	9.035872413481523E-6	9.035872413481523E-6	9.035872413481523E-6	2.801120448179272E-4	9.939459654829674E-5	2.801120448179272E-4
202	file:/data/Documents/UNAM/titulacion/codigo/analisis3/tema3/textos_a_id/2007_0614376.txt	0.13509924318149366	0.00743966871340854	2.9987148364986436E-4	7.282593174353848E-4	0.002013422818791946	0.0010138512066257318	0.03642724546622876	0.002441810652577467	1.427959445951735E-5	0.08811937740968157	0.054990718263601315	0.0012994430958160788	0.0010138512066257318	0.010866771383692702	0.2306297301156647	1.427959445951735E-5	0.12910181350849637	1.427959445951735E-5	0.002441810652577467	8.710552620305583E-4	0.017006997001285162	0.12396115950307011	0.0998286448664858	0.01200913894045409	1.427959445951735E-5	0.01400828216478652	1.427959445951735E-5	4.4266742824503784E-4	2.9987148364986436E-4	0.0034413822647436816	0.018006568613451377	2.9987148364986436E-4	1.427959445951735E-5	1.427959445951735E-5	1.427959445951735E-5	0.0011566471512209052	0.0018706268741967727	1.427959445951735E-5	1.427959445951735E-5	1.427959445951735E-5	1.427959445951735E-5	1.427959445951735E-5	2.9987148364986436E-4	1.427959445951735E-5	0.0018706268741967727	1.427959445951735E-5	1.427959445951735E-5	4.4266742824503784E-4	1.427959445951735E-5	1.427959445951735E-5
203	file:/data/Documents/UNAM/titulacion/codigo/analisis3/tema3/textos_a_id/2012_0725358.txt	0.016769878622739657	8.25695648583932E-6	0.0030633308562463876	0.005127569977706217	8.25695648583932E-6	0.03072413508380811	0.03642143505903724	8.25695648583932E-6	8.25695648583932E-6	0.14929403022046073	0.0660639088432004	0.18843200396333912	8.25695648583932E-6	8.25695648583932E-6	0.00884320039633391	1.7339608620262572E-4	8.25695648583932E-6	8.25695648583932E-6	0.0417058872099744	1.7339608620262572E-4	0.036504004623895636	0.06581620014862521	8.25695648583932E-6	1.7339608620262572E-4	8.25695648583932E-6	0.028494756832631495	8.25695648583932E-6	8.25695648583932E-6	0.24821236892081577	8.25695648583932E-6	8.25695648583932E-6	0.06854099578895219	8.25695648583932E-6	8.25695648583932E-6	8.25695648583932E-6	8.25695648583932E-6	3.3853521591941207E-4	8.25695648583932E-6	8.25695648583932E-6	8.25695648583932E-6	8.25695648583932E-6	0.004632152588555858	8.25695648583932E-6	8.25695648583932E-6	8.25695648583932E-6	8.25695648583932E-6	9.082652134423253E-5	8.25695648583932E-6	8.25695648583932E-6	1.7339608620262572E-4
204	file:/data/Documents/UNAM/titulacion/codigo/analisis3/tema3/textos_a_id/2016_0743828.txt	0.026124799143010177	0.0012185324049276915	0.13713176218532402	1.3390465988216391E-5	1.3390465988216391E-5	1.3390465988216391E-5	0.015680235672201392	0.1494509908944831	1.3390465988216391E-5	0.08450723085163364	0.00322710230316015	0.004298339582217462	1.3390465988216391E-5	5.49009105516872E-4	1.3390465988216391E-5	0.0012185324049276915	1.3390465988216391E-5	5.49009105516872E-4	1.3390465988216391E-5	2.811997857525442E-4	0.006039100160685592	0.08115961435457954	6.829137653990359E-4	1.3390465988216391E-5	1.3390465988216391E-5	0.019831280128548474	0.0013524370648098554	1.3390465988216391E-5	1.3390465988216391E-5	1.3390465988216391E-5	1.3390465988216391E-5	1.3390465988216391E-5	1.3390465988216391E-5	2.811997857525442E-4	1.3390465988216391E-5	1.3390465988216391E-5	1.3390465988216391E-5	1.3390465988216391E-5	1.3390465988216391E-5	1.3390465988216391E-5	1.3390465988216391E-5	1.3390465988216391E-5	2.811997857525442E-4	1.3390465988216391E-5	1.472951258703803E-4	1.3390465988216391E-5	0.46559989287627207	1.3390465988216391E-5	1.3390465988216391E-5	1.3390465988216391E-5
205	file:/data/Documents/UNAM/titulacion/codigo/analisis3/tema3/textos_a_id/2021_0813092.txt	0.03703573107663376	5.994358251057828E-4	1.1753643629525154E-5	1.1753643629525154E-5	0.1840738128819934	0.009179595674659143	0.042559943582510584	1.1753643629525154E-5	1.1753643629525154E-5	0.09650916784203104	0.1498707099200752	1.1753643629525154E-5	0.01047249647390691	0.011765397273154678	0.14751998119417017	9.520451339915374E-4	0.02974847202632816	0.00812176774800188	0.007534085566525623	0.00823930418429713	0.022461212976022566	0.17314292430653502	1.1753643629525154E-5	0.00964974141984015	1.2929007992477668E-4	0.017054536906440997	1.1753643629525154E-5	0.0022449459332393043	1.1753643629525154E-5	2.468265162200282E-4	0.021403385049365304	5.994358251057828E-4	1.1753643629525154E-5	1.1753643629525154E-5	1.1753643629525154E-5	1.1753643629525154E-5	1.2929007992477668E-4	1.1753643629525154E-5	1.1753643629525154E-5	1.1753643629525154E-5	1.2929007992477668E-4	3.643629525152797E-4	0.0011871180065820405	0.0022449459332393043	1.1753643629525154E-5	0.0037729196050775744	1.1753643629525154E-5	8.345086976962858E-4	1.1753643629525154E-5	1.1753643629525154E-5
206	file:/data/Documents/UNAM/titulacion/codigo/analisis3/tema3/textos_a_id/2019_0788300.txt	0.023377199467691852	1.4786337424220021E-5	1.4786337424220021E-5	1.4786337424220021E-5	6.062398343930208E-4	1.4786337424220021E-5	0.07054561585095372	0.030622504805559662	1.4786337424220021E-5	0.10514564542362857	0.1345704568978264	1.4786337424220021E-5	0.013470353393464437	1.4786337424220021E-5	0.024707969835871653	1.4786337424220021E-5	0.00681650155256543	1.4786337424220021E-5	0.07867810143427473	1.4786337424220021E-5	0.01391394351619104	0.16251663462960222	7.54103208635221E-4	1.4786337424220021E-5	1.4786337424220021E-5	0.03402336241313027	1.4786337424220021E-5	1.4786337424220021E-5	1.6264971166642025E-4	1.4786337424220021E-5	0.04614815910099069	3.1051308590862044E-4	1.4786337424220021E-5	1.4786337424220021E-5	1.4786337424220021E-5	1.4786337424220021E-5	0.0010498299571196214	1.4786337424220021E-5	1.4786337424220021E-5	1.4786337424220021E-5	0.004450687564690226	1.4786337424220021E-5	0.23142096702646753	1.4786337424220021E-5	3.1051308590862044E-4	3.1051308590862044E-4	0.01568830400709744	1.4786337424220021E-5	1.4786337424220021E-5	1.4786337424220021E-5
207	file:/data/Documents/UNAM/titulacion/codigo/analisis3/tema3/textos_a_id/2014_0723624.txt	0.20319249509126608	7.272198385571959E-6	0.006843138680823212	7.272198385571959E-6	2.981601338084503E-4	0.002843429568758636	0.043058686640971566	0.009606574067340556	7.272198385571959E-6	0.08101956221365718	0.03869536760962839	0.09985455603228856	7.272198385571959E-6	7.272198385571959E-6	0.003352483455748673	7.272198385571959E-6	0.012006399534579304	7.272198385571959E-6	7.272198385571959E-6	7.272198385571959E-6	0.15177805250527235	0.04385862846338448	0.2611519162242746	7.272198385571959E-6	7.272198385571959E-6	0.03367755072358374	7.272198385571959E-6	7.272198385571959E-6	7.272198385571959E-6	2.254381499527307E-4	7.999418224129155E-5	7.272198385571959E-6	7.272198385571959E-6	7.272198385571959E-6	5.16326085375609E-4	0.004661479165151625	7.272198385571959E-6	7.272198385571959E-6	5.890480692313286E-4	7.272198385571959E-6	7.272198385571959E-6	7.272198385571959E-6	7.272198385571959E-6	7.272198385571959E-6	0.001243545923932805	9.526579885099266E-4	7.272198385571959E-6	7.272198385571959E-6	7.272198385571959E-6	2.981601338084503E-4
208	file:/data/Documents/UNAM/titulacion/codigo/analisis3/tema3/textos_a_id/2022_0825992.txt	0.03233231991065335	0.4384873115344047	0.007203573866104113	4.4052863436123345E-4	0.01067816591177018	6.887137804802382E-4	0.027616802134392257	0.00286033380902153	6.20462865297512E-6	0.16107836445988707	0.023149469504250172	0.0013091766457777503	0.002798287522491779	0.006769249860395855	0.029540237016814547	6.20462865297512E-6	0.009685425327294162	6.20462865297512E-6	4.4052863436123345E-4	6.20462865297512E-6	0.008258360737109883	0.1275733697338214	8.748526400694918E-4	6.20462865297512E-6	6.20462865297512E-6	0.058019482533970344	6.825091518272632E-5	6.20462865297512E-6	1.302972017124775E-4	0.0018055469380157598	6.20462865297512E-6	0.04436929949742508	6.20462865297512E-6	6.20462865297512E-6	0.0022398709437240183	6.20462865297512E-6	6.20462865297512E-6	6.20462865297512E-6	8.748526400694918E-4	6.20462865297512E-6	1.302972017124775E-4	6.825091518272632E-5	6.20462865297512E-6	3.784823478314823E-4	6.20462865297512E-6	6.20462865297512E-6	6.20462865297512E-6	6.20462865297512E-6	6.20462865297512E-6	6.20462865297512E-6
209	file:/data/Documents/UNAM/titulacion/codigo/analisis3/tema3/textos_a_id/2021_0816493.txt	0.04561418463899071	8.524422470377632E-6	1.7901287187793027E-4	8.524422470377632E-6	8.524422470377632E-6	8.524422470377632E-6	0.060872900860966674	9.376864717415396E-5	8.524422470377632E-6	0.09019691415906572	0.044846986616656724	0.002224874264768562	8.524422470377632E-6	6.904782201005882E-4	0.06019094706333646	8.524422470377632E-6	0.0037592703094365357	8.524422470377632E-6	0.07297758076890291	9.376864717415396E-5	0.011005029409257521	0.09053789105788082	8.524422470377632E-6	8.524422470377632E-6	8.524422470377632E-6	0.008447702668144232	8.524422470377632E-6	8.524422470377632E-6	9.462108942119171E-4	8.524422470377632E-6	9.376864717415396E-5	0.00503793367999318	8.524422470377632E-6	8.524422470377632E-6	8.524422470377632E-6	8.524422470377632E-6	8.524422470377632E-6	8.524422470377632E-6	8.524422470377632E-6	8.524422470377632E-6	0.49877248316426565	0.0015429204671383516	8.524422470377632E-6	8.524422470377632E-6	6.052339953968118E-4	8.524422470377632E-6	8.524422470377632E-6	8.524422470377632E-6	0.0010314551189156934	8.524422470377632E-6
210	file:/data/Documents/UNAM/titulacion/codigo/analisis3/tema3/textos_a_id/2015_0735644.txt	0.05504507354104065	7.907638779060574E-6	7.907638779060574E-6	7.907638779060574E-6	7.907638779060574E-6	7.907638779060574E-6	0.03685750434920133	0.014953344931203542	7.907638779060574E-6	0.04547683061837735	0.15729084295429385	7.907638779060574E-6	0.012660129685275976	0.006571247825399335	0.02784279614107228	0.0011940534556381464	0.012739206073066582	7.907638779060574E-6	0.008390004744583268	7.907638779060574E-6	0.010287838051557804	0.1871817175391428	7.907638779060574E-6	7.907638779060574E-6	2.4513680215087775E-4	0.013925351889925667	7.907638779060574E-6	7.907638779060574E-6	7.907638779060574E-6	0.0023801992724972326	0.3956270757551795	7.907638779060574E-6	7.907638779060574E-6	7.907638779060574E-6	7.907638779060574E-6	7.907638779060574E-6	7.907638779060574E-6	7.907638779060574E-6	7.907638779060574E-6	7.907638779060574E-6	4.0328957773208915E-4	0.0023011228847066266	7.907638779060574E-6	4.0328957773208915E-4	7.907638779060574E-6	7.907638779060574E-6	0.007757393642258421	2.4513680215087775E-4	7.907638779060574E-6	7.907638779060574E-6
211	file:/data/Documents/UNAM/titulacion/codigo/analisis3/tema3/textos_a_id/2018_0782592.txt	0.017721031695110995	0.00886693186192737	1.2832028743744386E-5	0.0021942769151802903	0.004504042089054279	1.2832028743744386E-5	0.028628256127293725	0.03465930963685359	1.2832028743744386E-5	0.12076222250737842	0.0782882073655845	0.36059283972796097	1.2832028743744386E-5	0.018105992557423328	0.00822533042474015	1.2832028743744386E-5	0.0037341203644296163	1.2832028743744386E-5	1.4115231618118827E-4	5.261131784935198E-4	0.15720518413961246	0.07379699730527396	0.001167714615680739	1.2832028743744386E-5	1.2832028743744386E-5	0.011048376748363916	1.4115231618118827E-4	1.2832028743744386E-5	1.2832028743744386E-5	0.017079430257923776	0.009636853586552033	0.003477479789554729	2.694726036186321E-4	1.2832028743744386E-5	1.2832028743744386E-5	0.003477479789554729	0.015411266521237007	1.2832028743744386E-5	1.2832028743744386E-5	0.007968689849865264	1.2832028743744386E-5	0.008995252149364814	1.2832028743744386E-5	1.2832028743744386E-5	1.2832028743744386E-5	1.2832028743744386E-5	0.0027075580649300658	2.694726036186321E-4	1.2832028743744386E-5	1.4115231618118827E-4
212	file:/data/Documents/UNAM/titulacion/codigo/analisis3/tema3/textos_a_id/2014_0717058.txt	0.05986655883542257	6.267691063485645E-4	8.289526890416498E-4	2.0218358269308533E-5	2.0218358269308533E-5	2.0218358269308533E-5	0.09807925596441569	4.2458552365547917E-4	2.0218358269308533E-5	0.11607359482410029	0.11890416498180348	2.0218358269308533E-5	4.2458552365547917E-4	2.0218358269308533E-5	0.07968054993934492	0.19209462191670038	0.17955923978972907	2.0218358269308533E-5	2.0218358269308533E-5	2.0218358269308533E-5	0.023473513950667206	0.08736352608168217	2.0218358269308533E-5	8.289526890416498E-4	2.0218358269308533E-5	0.01619490497371613	2.0218358269308533E-5	4.2458552365547917E-4	2.0218358269308533E-5	6.267691063485645E-4	4.2458552365547917E-4	0.0075010109179134655	2.0218358269308533E-5	2.0218358269308533E-5	0.002244237767893247	2.0218358269308533E-5	0.0014355034371209057	2.0218358269308533E-5	2.0218358269308533E-5	2.0218358269308533E-5	0.007703194500606551	2.0218358269308533E-5	2.0218358269308533E-5	0.0014355034371209057	0.003255155681358674	2.0218358269308533E-5	2.0218358269308533E-5	2.0218358269308533E-5	2.0218358269308533E-5	2.0218358269308533E-5
213	file:/data/Documents/UNAM/titulacion/codigo/analisis3/tema3/textos_a_id/2021_0809997.txt	0.09525951936793592	1.097333479644464E-5	1.097333479644464E-5	2.3044003072533744E-4	1.2070668276089104E-4	1.097333479644464E-5	0.045769779435970596	1.097333479644464E-5	1.097333479644464E-5	0.11457258860967848	0.07397124986283332	0.145188192691759	0.0011083068144409085	0.006156040820805443	0.013727641830352244	0.005058707341160979	0.0394052452540327	1.2070668276089104E-4	0.011752441566992209	1.097333479644464E-5	0.11281685504224732	0.09076045210139362	1.097333479644464E-5	1.097333479644464E-5	1.097333479644464E-5	0.022835509711401296	1.097333479644464E-5	1.097333479644464E-5	1.097333479644464E-5	1.097333479644464E-5	0.0015472402062986941	0.005058707341160979	1.097333479644464E-5	1.097333479644464E-5	5.596400746186766E-4	1.097333479644464E-5	2.3044003072533744E-4	1.097333479644464E-5	2.3044003072533744E-4	1.097333479644464E-5	0.019104575880610118	3.4017337868978383E-4	1.097333479644464E-5	1.2070668276089104E-4	4.499067266542302E-4	1.097333479644464E-5	1.097333479644464E-5	0.19325139910018654	1.097333479644464E-5	1.097333479644464E-5
214	file:/data/Documents/UNAM/titulacion/codigo/analisis3/tema3/textos_a_id/2013_0690159.txt	0.07559981365012812	1.1646866992778942E-5	1.1646866992778942E-5	1.1646866992778942E-5	1.1646866992778942E-5	0.01561844863731656	0.12929187048683902	1.1646866992778942E-5	1.1646866992778942E-5	0.021558350803633823	0.21547868623340322	1.2811553692056838E-4	1.1646866992778942E-5	0.04892848823666434	0.0012928022361984625	0.013405543908688563	5.93990216631726E-4	1.1646866992778942E-5	0.004670393664104356	0.001409270906126252	0.031108781737712556	0.09866061029583043	5.93990216631726E-4	0.0015257395760540414	0.2254949918471931	0.0028068949452597254	1.1646866992778942E-5	1.1646866992778942E-5	0.007232704402515723	0.0037386443046820406	0.04124155602143024	0.006766829722804566	0.004320987654320988	1.1646866992778942E-5	3.6105287677614723E-4	1.1646866992778942E-5	1.1646866992778942E-5	0.0037386443046820406	0.009562077801071512	0.006068017703237829	1.1646866992778942E-5	0.02423713021197298	5.93990216631726E-4	1.1646866992778942E-5	1.1646866992778942E-5	1.1646866992778942E-5	1.1646866992778942E-5	1.1646866992778942E-5	1.2811553692056838E-4	0.0036221756347542514
215	file:/data/Documents/UNAM/titulacion/codigo/analisis3/tema3/textos_a_id/2021_0813410.txt	0.0014506351039260971	2.2372979214780602E-4	0.0031827367205542727	7.217090069284065E-6	0.001017609699769053	7.217090069284065E-6	7.217090069284065E-6	0.6701140300230947	7.217090069284065E-6	0.04836172055427252	0.008956408775981525	0.0011619515011547345	2.2372979214780602E-4	0.0013062933025404157	0.006502598152424942	7.217090069284065E-6	7.217090069284065E-6	7.217090069284065E-6	7.217090069284065E-6	7.217090069284065E-6	0.015812644341801387	0.07708573903002308	7.217090069284065E-6	7.938799076212472E-5	7.217090069284065E-6	0.05399105080831409	7.217090069284065E-6	2.959006928406466E-4	7.217090069284065E-6	7.217090069284065E-6	7.217090069284065E-6	7.217090069284065E-6	7.217090069284065E-6	7.938799076212472E-5	7.217090069284065E-6	7.217090069284065E-6	0.0011619515011547345	7.217090069284065E-6	7.217090069284065E-6	7.938799076212472E-5	7.217090069284065E-6	7.938799076212472E-5	7.217090069284065E-6	7.217090069284065E-6	7.217090069284065E-6	2.959006928406466E-4	0.10833573903002308	7.217090069284065E-6	7.217090069284065E-6	7.217090069284065E-6
216	file:/data/Documents/UNAM/titulacion/codigo/analisis3/tema3/textos_a_id/2015_0726288.txt	0.14137336589570465	0.0013072834362878897	1.4365752047119668E-5	0.0014509409567590862	1.4365752047119668E-5	0.0010199683953454964	0.091236891251257	0.011937939951156442	1.4365752047119668E-5	0.018402528372360293	0.2580232725183163	1.4365752047119668E-5	1.4365752047119668E-5	0.012368912512570033	0.010645022266915672	0.002025571038643873	0.006622611693722167	0.0018819135181726762	0.00777187185749174	1.4365752047119668E-5	0.04885792271225399	0.11824450509984198	1.4365752047119668E-5	1.4365752047119668E-5	0.19653785375664415	0.010214049705502081	1.4365752047119668E-5	1.4365752047119668E-5	0.0015945984772302829	1.4365752047119668E-5	0.03880189627927022	1.4365752047119668E-5	1.4365752047119668E-5	1.4365752047119668E-5	1.4365752047119668E-5	0.001163625915816693	7.32653354403103E-4	1.5802327251831635E-4	0.0014509409567590862	1.4365752047119668E-5	0.0013072834362878897	0.007197241775606953	1.4365752047119668E-5	1.4365752047119668E-5	1.4365752047119668E-5	1.4365752047119668E-5	0.007053584255135756	1.4365752047119668E-5	3.01680792989513E-4	1.4365752047119668E-5
217	file:/data/Documents/UNAM/titulacion/codigo/analisis3/tema3/textos_a_id/2009_0651949.txt	0.07435395777288661	8.151952392598027E-6	8.151952392598027E-6	8.151952392598027E-6	8.151952392598027E-6	0.03864840629330725	0.01843156435966414	3.342300480965191E-4	8.151952392598027E-6	0.029436700089671478	0.18856281079318496	0.0013124643352082825	8.151952392598027E-6	5.787886198744599E-4	0.13206978071248063	8.151952392598027E-6	0.05421863536316948	8.96714763185783E-5	0.076881063014592	8.151952392598027E-6	2.5271052417053885E-4	0.10883671639357625	8.151952392598027E-6	0.0035950110051357303	8.151952392598027E-6	0.007834026249286703	8.151952392598027E-6	8.151952392598027E-6	8.151952392598027E-6	8.151952392598027E-6	0.005469960055433275	8.96714763185783E-5	8.151952392598027E-6	4.972690959484797E-4	0.002046140050542105	8.151952392598027E-6	8.151952392598027E-6	8.151952392598027E-6	8.151952392598027E-6	8.151952392598027E-6	0.001230944811282302	8.151952392598027E-6	0.00970897529958425	8.151952392598027E-6	8.96714763185783E-5	0.005143881959729355	8.151952392598027E-6	8.151952392598027E-6	8.151952392598027E-6	0.2400831499144045
218	file:/data/Documents/UNAM/titulacion/codigo/analisis3/tema3/textos_a_id/2020_0800784.txt	0.07027784858526638	8.496898631999322E-6	9.346588495199253E-5	0.002387628515591809	8.496898631999322E-6	0.0037471322967117	0.10307587730478375	8.496898631999322E-6	1.7843487127198573E-4	0.051329764635907896	0.08956580847990482	0.001452969666071884	8.496898631999322E-6	0.003152349392471748	0.13043589089982155	0.0013680006797518907	0.06730393406406662	0.006890984790551448	0.1572011215906194	0.005276574050471578	0.003917070269351687	0.08412779335542526	0.1573710595632594	0.008420426544311325	0.0025575664882317955	0.0175121080805506	8.496898631999322E-6	8.496898631999322E-6	9.346588495199253E-5	8.496898631999322E-6	8.496898631999322E-6	9.346588495199253E-5	8.496898631999322E-6	8.496898631999322E-6	8.496898631999322E-6	8.496898631999322E-6	0.0012830316934318974	8.496898631999322E-6	6.882487891919449E-4	8.496898631999322E-6	0.026943665562069848	8.496898631999322E-6	8.496898631999322E-6	8.496898631999322E-6	8.496898631999322E-6	9.346588495199253E-5	0.0028974424335117682	8.496898631999322E-6	8.496898631999322E-6	9.346588495199253E-5
219	file:/data/Documents/UNAM/titulacion/codigo/analisis3/tema3/textos_a_id/2023_0834137.txt	0.06231884057971015	1.8821757952192737E-5	2.070393374741201E-4	1.8821757952192737E-5	2.070393374741201E-4	2.070393374741201E-4	0.08735177865612649	1.8821757952192737E-5	1.8821757952192737E-5	0.07191793713532844	0.12555994729907774	1.8821757952192737E-5	0.0026538678712591753	1.8821757952192737E-5	0.04500282326369283	1.8821757952192737E-5	0.08415207980425372	0.28046301524562395	3.952569169960474E-4	0.0020892151326933933	0.013946922642574815	0.11144362883493318	1.8821757952192737E-5	0.0024656502917372483	0.028816111424807077	0.013570487483530961	1.8821757952192737E-5	1.8821757952192737E-5	1.8821757952192737E-5	3.952569169960474E-4	1.8821757952192737E-5	7.716920760399021E-4	1.8821757952192737E-5	1.8821757952192737E-5	1.8821757952192737E-5	1.8821757952192737E-5	1.8821757952192737E-5	7.716920760399021E-4	2.070393374741201E-4	1.8821757952192737E-5	1.8821757952192737E-5	0.03766233766233766	0.018840579710144925	0.00453604366647845	1.8821757952192737E-5	1.8821757952192737E-5	5.834744965179748E-4	0.0030303030303030307	1.8821757952192737E-5	1.8821757952192737E-5
220	file:/data/Documents/UNAM/titulacion/codigo/analisis3/tema3/textos_a_id/2021_0812001.txt	0.026464577656675748	0.003530881017257039	1.1353315168029064E-5	1.1353315168029064E-5	0.011137602179836512	1.1353315168029064E-5	0.06290871934604905	0.004439146230699365	1.1353315168029064E-5	0.1216053587647593	0.07040190735694823	1.248864668483197E-4	0.004552679382379655	0.006596276112624887	0.10764078110808356	1.1353315168029064E-5	9.196185286103541E-4	1.248864668483197E-4	0.0961739327883742	1.1353315168029064E-5	0.038839691189827434	0.11377157129881926	1.1353315168029064E-5	0.002963215258855586	1.1353315168029064E-5	0.018517257039055404	1.1353315168029064E-5	1.1353315168029064E-5	1.1353315168029064E-5	1.1353315168029064E-5	1.1353315168029064E-5	0.08027929155313351	1.1353315168029064E-5	0.15725476839237057	1.1353315168029064E-5	1.1353315168029064E-5	4.654859218891916E-4	1.1353315168029064E-5	1.1353315168029064E-5	1.1353315168029064E-5	0.0623410535876476	0.006255676657584015	0.002395549500454133	1.1353315168029064E-5	1.1353315168029064E-5	1.1353315168029064E-5	1.1353315168029064E-5	1.1353315168029064E-5	1.1353315168029064E-5	1.1353315168029064E-5
221	file:/data/Documents/UNAM/titulacion/codigo/analisis3/tema3/textos_a_id/2021_0810623.txt	0.07737118256424055	1.3453518094981838E-5	1.3453518094981838E-5	1.3453518094981838E-5	1.3453518094981838E-5	0.006336607022736446	0.07669850665949146	1.3453518094981838E-5	1.3453518094981838E-5	0.127418269877573	0.1539217005246872	1.3453518094981838E-5	1.3453518094981838E-5	1.3453518094981838E-5	0.005663931117987354	0.010641732813130633	0.051405892640925606	1.3453518094981838E-5	0.005394860756087717	1.3453518094981838E-5	0.0199246602986681	0.17558186465760794	0.0017624108704426206	1.3453518094981838E-5	1.3453518094981838E-5	0.0023005515942418945	1.3453518094981838E-5	1.3453518094981838E-5	1.3453518094981838E-5	1.4798869904480023E-4	1.3453518094981838E-5	1.3453518094981838E-5	1.3453518094981838E-5	2.825238799946186E-4	1.3453518094981838E-5	2.825238799946186E-4	0.030552939593703754	1.4798869904480023E-4	1.3453518094981838E-5	1.3453518094981838E-5	1.3453518094981838E-5	0.24944167899905825	6.861294228440737E-4	1.3453518094981838E-5	1.3453518094981838E-5	1.3453518094981838E-5	1.3453518094981838E-5	1.3453518094981838E-5	1.3453518094981838E-5	0.003645903403740078
222	file:/data/Documents/UNAM/titulacion/codigo/analisis3/tema3/textos_a_id/2010_0663681.txt	0.0740156868835909	2.4073930263260077E-4	0.006142735109109264	0.003036421526753126	0.0011726333773394424	7.765783955890348E-6	0.10670963733788925	7.765783955890348E-6	7.765783955890348E-6	0.1281432010561466	0.06694882348373069	1.630814630736973E-4	7.765783955890348E-6	0.025324221480158424	0.049242836064300695	0.010336258445290052	7.765783955890348E-6	0.003036421526753126	8.542362351479383E-5	0.20028733400636795	0.026100799875747458	0.13823872019880407	7.765783955890348E-6	0.002958763687194222	8.620020191038285E-4	3.183971421915042E-4	7.765783955890348E-6	7.765783955890348E-6	7.765783955890348E-6	7.765783955890348E-6	7.765783955890348E-6	0.13078356760114934	3.183971421915042E-4	7.765783955890348E-6	1.630814630736973E-4	7.765783955890348E-6	7.765783955890348E-6	7.765783955890348E-6	7.765783955890348E-6	7.765783955890348E-6	0.004356604799254485	0.020509435427506408	7.765783955890348E-6	7.765783955890348E-6	7.765783955890348E-6	3.183971421915042E-4	7.765783955890348E-6	7.765783955890348E-6	7.765783955890348E-6	7.765783955890348E-6
223	file:/data/Documents/UNAM/titulacion/codigo/analisis3/tema3/textos_a_id/2007_0628636.txt	0.027522829730666973	0.001629869379262513	1.1559357299734135E-5	0.005791238007166802	1.1559357299734135E-5	0.017350595306900935	0.024979771124725464	0.00821870304011097	1.1559357299734135E-5	0.03052826262859785	0.23917466188879896	5.895272222864408E-4	1.1559357299734135E-5	0.03492081840249683	1.1559357299734135E-5	0.012611258814009941	0.00902785805109236	1.271529302970755E-4	0.006138018726158826	0.02544214541671483	0.08185180903941741	0.12173159172350016	0.03284013408854468	1.1559357299734135E-5	0.007987515894116287	0.02347705467576003	1.271529302970755E-4	1.1559357299734135E-5	2.4274650329441684E-4	1.1559357299734135E-5	0.25004045775054906	1.1559357299734135E-5	1.1559357299734135E-5	0.00220783724424922	1.1559357299734135E-5	1.1559357299734135E-5	1.1559357299734135E-5	0.0013986822332678302	0.0026702115362385852	1.1559357299734135E-5	1.1559357299734135E-5	0.019778060339845104	0.007987515894116287	1.1559357299734135E-5	1.1559357299734135E-5	1.1559357299734135E-5	1.1559357299734135E-5	1.1559357299734135E-5	1.1559357299734135E-5	0.0033637729742226332
224	file:/data/Documents/UNAM/titulacion/codigo/analisis3/tema3/textos_a_id/2023_0835829.txt	0.03415258576548899	1.7067759003242876E-5	1.7067759003242876E-5	1.8774534903567163E-4	8.704557091653865E-4	1.7067759003242876E-5	0.04610001706775901	0.003942652329749104	1.7067759003242876E-5	0.18946919269499912	0.1083973374295955	1.7067759003242876E-5	0.28880355009387265	0.005308073050008534	0.01827956989247312	1.8774534903567163E-4	0.04149172213688342	1.7067759003242876E-5	8.704557091653865E-4	1.7067759003242876E-5	0.031080389144905272	0.16608636286055642	1.7067759003242876E-5	6.997781191329578E-4	1.7067759003242876E-5	0.02869090288445127	1.7067759003242876E-5	1.7067759003242876E-5	1.7067759003242876E-5	1.7067759003242876E-5	0.029032258064516127	8.704557091653865E-4	1.7067759003242876E-5	3.5842293906810036E-4	1.8774534903567163E-4	1.7067759003242876E-5	1.7067759003242876E-5	1.7067759003242876E-5	3.5842293906810036E-4	1.7067759003242876E-5	1.7067759003242876E-5	1.7067759003242876E-5	1.7067759003242876E-5	1.8774534903567163E-4	1.7067759003242876E-5	0.002065198839392388	0.0017238436593275301	1.7067759003242876E-5	1.7067759003242876E-5	1.8774534903567163E-4
225	file:/data/Documents/UNAM/titulacion/codigo/analisis3/tema3/textos_a_id/2019_0787271.txt	0.06890791108656634	1.3806433798149938E-5	1.3806433798149938E-5	1.5187077177964933E-4	1.3806433798149938E-5	1.3806433798149938E-5	0.13904459478116804	1.3806433798149938E-5	1.3806433798149938E-5	0.03660085599889549	0.2276818997652906	1.3806433798149938E-5	1.3806433798149938E-5	0.011335082148281099	0.007331216346817617	0.014096368907911086	0.03880988540659948	1.3806433798149938E-5	0.002913157531409637	7.041281237056468E-4	0.0562059919922684	0.05827695706199089	1.3806433798149938E-5	1.3806433798149938E-5	1.3806433798149938E-5	0.014786690597818583	8.421924616871462E-4	4.279994477426481E-4	1.3806433798149938E-5	1.3806433798149938E-5	5.660637857241474E-4	8.421924616871462E-4	1.3806433798149938E-5	1.3806433798149938E-5	0.002498964517465139	7.041281237056468E-4	0.0020847715035206406	1.3806433798149938E-5	1.5187077177964933E-4	1.3806433798149938E-5	1.3806433798149938E-5	0.3138340466657462	2.899351097611487E-4	1.3806433798149938E-5	4.279994477426481E-4	1.3806433798149938E-5	1.3806433798149938E-5	1.3806433798149938E-5	1.5187077177964933E-4	1.3806433798149938E-5
226	file:/data/Documents/UNAM/titulacion/codigo/analisis3/tema3/textos_a_id/2010_0658780.txt	0.04916479280436878	0.05109219402505622	0.006761965949245102	1.76678445229682E-4	1.6061676839061998E-5	1.6061676839061998E-5	0.035191133954384834	1.6061676839061998E-5	1.6061676839061998E-5	0.1521201413427562	0.06586893671699326	1.6061676839061998E-5	0.0013009958239640217	0.02218117571474462	0.02298425955669772	1.6061676839061998E-5	1.6061676839061998E-5	9.797622871827818E-4	1.6061676839061998E-5	0.014953421137166719	0.006601349180854482	0.12160295534853839	1.6061676839061998E-5	1.6061676839061998E-5	0.33763250883392226	0.0033890138130420818	1.6061676839061998E-5	0.003228397044651462	1.6061676839061998E-5	0.002907163507870222	1.6061676839061998E-5	0.030372630902666238	0.005798265338901381	1.76678445229682E-4	1.6061676839061998E-5	1.6061676839061998E-5	9.797622871827818E-4	1.6061676839061998E-5	1.76678445229682E-4	0.0051557982653389015	1.6061676839061998E-5	0.035512367491166076	1.6061676839061998E-5	1.6061676839061998E-5	1.6061676839061998E-5	0.0035496305814327017	0.002585929971088982	0.006440732412463861	1.6061676839061998E-5	0.0107773851590106
227	file:/data/Documents/UNAM/titulacion/codigo/analisis3/tema3/textos_a_id/2011_0674722.txt	4.3715846994535526E-6	4.3715846994535526E-6	4.3715846994535526E-6	4.3715846994535526E-6	4.3715846994535526E-6	4.3715846994535526E-6	4.3715846994535526E-6	4.3715846994535526E-6	0.997774863387978	8.349726775956285E-4	4.3715846994535526E-6	4.3715846994535526E-6	4.3715846994535526E-6	4.3715846994535526E-6	4.3715846994535526E-6	4.3715846994535526E-6	4.808743169398908E-5	4.3715846994535526E-6	4.3715846994535526E-6	4.808743169398908E-5	4.3715846994535526E-6	4.3715846994535526E-6	4.3715846994535526E-6	4.3715846994535526E-6	4.3715846994535526E-6	8.78688524590164E-4	4.3715846994535526E-6	4.3715846994535526E-6	4.3715846994535526E-6	4.3715846994535526E-6	4.3715846994535526E-6	1.355191256830601E-4	4.3715846994535526E-6	4.3715846994535526E-6	4.3715846994535526E-6	4.3715846994535526E-6	4.3715846994535526E-6	4.3715846994535526E-6	4.3715846994535526E-6	4.3715846994535526E-6	4.3715846994535526E-6	4.3715846994535526E-6	4.3715846994535526E-6	4.3715846994535526E-6	4.3715846994535526E-6	4.3715846994535526E-6	9.18032786885246E-5	4.3715846994535526E-6	4.3715846994535526E-6	4.3715846994535526E-6
228	file:/data/Documents/UNAM/titulacion/codigo/analisis3/tema3/textos_a_id/2022_0821775.txt	0.056476534296028884	1.444043321299639E-5	0.0010252707581227436	1.444043321299639E-5	1.444043321299639E-5	1.588447653429603E-4	0.031783393501805056	1.444043321299639E-5	1.444043321299639E-5	0.06644043321299639	0.212	1.588447653429603E-4	0.0014584837545126353	0.0068014440433213	0.09012274368231048	4.476534296028881E-4	8.808664259927797E-4	4.476534296028881E-4	0.09575451263537907	1.444043321299639E-5	0.02051985559566787	0.1695451263537906	1.444043321299639E-5	5.920577617328519E-4	1.444043321299639E-5	0.007379061371841155	1.444043321299639E-5	1.444043321299639E-5	7.364620938628159E-4	0.21864259927797833	1.444043321299639E-5	1.444043321299639E-5	1.444043321299639E-5	1.444043321299639E-5	1.444043321299639E-5	0.004635379061371841	1.444043321299639E-5	1.444043321299639E-5	1.444043321299639E-5	1.444043321299639E-5	0.004490974729241878	1.444043321299639E-5	0.0029025270758122747	3.032490974729242E-4	1.588447653429603E-4	0.0017472924187725632	0.003624548736462094	1.588447653429603E-4	1.444043321299639E-5	3.032490974729242E-4
229	file:/data/Documents/UNAM/titulacion/codigo/analisis3/tema3/textos_a_id/2022_0825991.txt	1.0277492291880782E-5	1.0277492291880782E-5	1.0277492291880782E-5	1.0277492291880782E-5	0.005251798561151079	2.158273381294964E-4	0.0030935251798561154	0.04800616649537513	1.0277492291880782E-5	0.10915724563206576	0.015323741007194244	0.0030935251798561154	0.14173689619732785	0.004635149023638233	0.0765775950668037	1.130524152106886E-4	0.01265159301130524	1.0277492291880782E-5	0.03382322713257965	1.0277492291880782E-5	0.00658787255909558	0.16537512846865363	1.0277492291880782E-5	1.0277492291880782E-5	0.031048304213771843	0.29949640287769785	1.0277492291880782E-5	1.0277492291880782E-5	1.0277492291880782E-5	1.0277492291880782E-5	0.0011408016443987667	1.0277492291880782E-5	0.0036073997944501544	1.130524152106886E-4	1.0277492291880782E-5	1.0277492291880782E-5	0.005662898252826311	1.0277492291880782E-5	1.0277492291880782E-5	1.0277492291880782E-5	1.0277492291880782E-5	1.0277492291880782E-5	1.0277492291880782E-5	1.0277492291880782E-5	3.186022610483042E-4	1.0277492291880782E-5	0.03269270298047277	1.0277492291880782E-5	1.0277492291880782E-5	1.0277492291880782E-5
230	file:/data/Documents/UNAM/titulacion/codigo/analisis3/tema3/textos_a_id/2017_0758935.txt	0.03322690992018244	7.601672367920943E-6	7.601672367920943E-6	7.601672367920943E-6	8.361839604713038E-5	7.601672367920943E-6	0.05580387685290764	7.601672367920943E-6	7.601672367920943E-6	0.08917521854808057	0.1548536678069175	7.601672367920943E-6	0.3519650323071076	0.023648802736602054	8.361839604713038E-5	0.08879513492968452	0.0067730900798175595	7.601672367920943E-6	7.601672367920943E-6	0.0012998859749144814	0.04424933485366781	0.12171037628278221	3.116685670847586E-4	0.0076092740402888635	8.361839604713038E-5	0.01604713036868111	3.116685670847586E-4	7.601672367920943E-6	8.361839604713038E-5	7.601672367920943E-6	3.8768529076396805E-4	7.601672367920943E-6	6.157354618015963E-4	7.601672367920943E-6	9.958190801976434E-4	7.601672367920943E-6	0.0010718358038768528	7.601672367920943E-6	7.601672367920943E-6	7.601672367920943E-6	7.601672367920943E-6	7.601672367920943E-6	7.601672367920943E-6	3.116685670847586E-4	8.361839604713038E-5	2.3565184340554923E-4	7.601672367920943E-6	7.601672367920943E-6	7.601672367920943E-6	7.601672367920943E-6
231	file:/data/Documents/UNAM/titulacion/codigo/analisis3/tema3/textos_a_id/2006_0607538.txt	0.02512775587677033	1.4600671630895021E-5	0.0038107752956636006	1.4600671630895021E-5	1.6060738793984523E-4	0.18164695575996495	0.06688567674113009	0.007606949919696306	1.4600671630895021E-5	0.11535990655570157	0.01651335961454227	0.17201051248357424	1.4600671630895021E-5	0.04454664914586071	0.075938093152285	0.0010366476857935464	1.4600671630895021E-5	0.009651043948021609	0.0057088626076799535	0.002058694699956198	1.4600671630895021E-5	0.1972696744050226	1.4600671630895021E-5	1.4600671630895021E-5	1.4600671630895021E-5	0.0384143670608848	0.00337275514673675	1.4600671630895021E-5	0.008921010366476858	1.4600671630895021E-5	0.006146882756606804	0.004686815593517302	1.4600671630895021E-5	1.4600671630895021E-5	1.4600671630895021E-5	3.0661410424879544E-4	1.4600671630895021E-5	1.4600671630895021E-5	1.4600671630895021E-5	1.4600671630895021E-5	3.0661410424879544E-4	0.0029347349978098994	1.4600671630895021E-5	7.44634253175646E-4	1.4600671630895021E-5	1.4600671630895021E-5	0.006876916338151555	0.0016206745510293473	1.4600671630895021E-5	1.4600671630895021E-5
232	file:/data/Documents/UNAM/titulacion/codigo/analisis3/tema3/textos_a_id/2015_0733354.txt	0.1604179927859113	0.0030872056015276896	0.0020263102058137067	0.003829832378527477	1.0608953957139827E-5	0.008073413961383407	0.03799066412051772	0.01030129429238277	1.0608953957139827E-5	0.12286229577763631	0.043613409717801824	0.3133991088478676	4.349671122427328E-4	2.2278803309993636E-4	0.013165711860810524	8.593252705283258E-4	0.0017080415870995122	1.0608953957139827E-5	0.02441120305537874	9.654148100997241E-4	0.1115107150434967	0.059102482495225976	1.0608953957139827E-5	5.41056651814131E-4	1.0608953957139827E-5	0.04202206662423085	1.0608953957139827E-5	0.0026628474432420965	1.0608953957139827E-5	0.0019202206662423088	0.0018141311266709104	5.41056651814131E-4	1.0608953957139827E-5	0.005633354551241248	1.0608953957139827E-5	1.0608953957139827E-5	0.008285593040526203	1.0608953957139827E-5	0.0016019520475281136	1.0608953957139827E-5	1.0608953957139827E-5	1.0608953957139827E-5	0.0021323997453851053	1.0608953957139827E-5	0.0027689369828134947	1.0608953957139827E-5	0.003405474220241884	0.005527265011669849	0.0029811160619562915	1.0608953957139827E-5
233	file:/data/Documents/UNAM/titulacion/codigo/analisis3/tema3/textos_a_id/2016_0745604.txt	0.023298178331735378	1.3696753869332969E-5	1.5066429256266266E-4	1.3696753869332969E-5	1.3696753869332969E-5	1.3696753869332969E-5	0.07657855088344062	1.3696753869332969E-5	1.3696753869332969E-5	0.17040131488837143	0.052061361457334615	1.3696753869332969E-5	1.3696753869332969E-5	1.3696753869332969E-5	0.16766196411450485	0.0015203396794959594	0.08342692781810711	1.3696753869332969E-5	0.19779482262703738	0.014532255855362278	0.01754554170661553	0.16136145733461169	8.35501986029311E-4	1.5066429256266266E-4	1.3696753869332969E-5	5.615669086426517E-4	1.3696753869332969E-5	0.0012464046021093001	2.8763183125599237E-4	1.3696753869332969E-5	9.724695247226407E-4	0.0031639501438159158	1.3696753869332969E-5	1.5066429256266266E-4	1.3696753869332969E-5	1.3696753869332969E-5	0.021106697712642102	1.3696753869332969E-5	1.3696753869332969E-5	1.3696753869332969E-5	1.5066429256266266E-4	4.2459936994932205E-4	1.3696753869332969E-5	4.2459936994932205E-4	1.3696753869332969E-5	1.3696753869332969E-5	0.0038487878372825642	1.3696753869332969E-5	1.3696753869332969E-5	1.3696753869332969E-5
234	file:/data/Documents/UNAM/titulacion/codigo/analisis3/tema3/textos_a_id/2014_0723775.txt	0.007877146966748455	2.6228953380150606E-4	0.0363059480497504	8.46095270327439E-6	8.46095270327439E-6	8.46095270327439E-6	0.010330823250698028	0.1578052288687706	8.46095270327439E-6	0.06439631102462137	0.0020390896014891276	2.6228953380150606E-4	8.46095270327439E-6	8.46095270327439E-6	8.46095270327439E-6	1.7768000676876217E-4	2.6228953380150606E-4	9.307047973601829E-5	0.0017006514933581521	8.46095270327439E-6	0.005931127844995346	0.06261951095693376	2.6228953380150606E-4	8.46095270327439E-6	8.46095270327439E-6	0.1149928081902022	8.46095270327439E-6	8.46095270327439E-6	8.46095270327439E-6	8.46095270327439E-6	8.46095270327439E-6	8.46095270327439E-6	8.46095270327439E-6	8.46095270327439E-6	8.46095270327439E-6	8.46095270327439E-6	9.307047973601829E-5	8.46095270327439E-6	8.46095270327439E-6	1.7768000676876217E-4	8.46095270327439E-6	8.46095270327439E-6	8.46095270327439E-6	9.307047973601829E-5	8.46095270327439E-6	8.46095270327439E-6	0.5338099670022844	2.6228953380150606E-4	8.46095270327439E-6	8.46095270327439E-6
235	file:/data/Documents/UNAM/titulacion/codigo/analisis3/tema3/textos_a_id/2014_0714271.txt	0.04154653274443423	2.488621841580163E-4	2.242001659081228E-6	2.242001659081228E-6	0.001616483196197565	2.242001659081228E-6	0.09468197206465934	2.242001659081228E-6	2.242001659081228E-6	0.06916799318431495	0.04795865748940654	0.001280182947335381	0.0013250229805170056	0.006010806447996772	0.06878685290227114	4.954823666569513E-4	0.04833979777145035	6.972625159742618E-4	2.242001659081228E-6	0.004957065668228594	0.007894087841625003	0.11851444970069279	2.4662018249893508E-5	2.4662018249893508E-5	0.003454924556644172	0.003880904871869605	2.242001659081228E-6	2.242001659081228E-6	2.4662018249893508E-5	2.26442167567204E-4	5.627424164293882E-4	0.010853530031612223	2.242001659081228E-6	2.242001659081228E-6	2.4662018249893508E-5	2.242001659081228E-6	6.950205143151806E-5	4.7306235006613906E-4	0.4530210972356119	5.40322399838576E-4	2.242001659081228E-6	0.008813308521848306	2.242001659081228E-6	2.242001659081228E-6	2.242001659081228E-6	2.242001659081228E-6	2.242001659081228E-6	2.242001659081228E-6	2.242001659081228E-6	0.004441405286639912
236	file:/data/Documents/UNAM/titulacion/codigo/analisis3/tema3/textos_a_id/2010_0724377.txt	0.017594390507011864	1.0787486515641855E-5	0.052977346278317156	1.0787486515641855E-5	1.1866235167206042E-4	1.0787486515641855E-5	0.023419633225458467	0.07606256742179072	1.1866235167206042E-4	0.11446601941747572	1.0787486515641855E-5	0.002923408845738943	1.0787486515641855E-5	1.0787486515641855E-5	0.005080906148867314	1.0787486515641855E-5	1.0787486515641855E-5	1.0787486515641855E-5	1.0787486515641855E-5	4.42286947141316E-4	0.0038942826321467098	0.10572815533980583	1.0787486515641855E-5	1.0787486515641855E-5	1.0787486515641855E-5	0.026008629989212512	0.001952535059331176	2.2653721682847896E-4	1.1866235167206042E-4	1.0787486515641855E-5	1.0787486515641855E-5	1.0787486515641855E-5	1.0787486515641855E-5	1.0787486515641855E-5	1.0787486515641855E-5	1.0787486515641855E-5	1.0787486515641855E-5	1.0787486515641855E-5	1.0787486515641855E-5	1.0787486515641855E-5	1.0787486515641855E-5	1.0787486515641855E-5	1.0787486515641855E-5	0.02331175836030205	1.0787486515641855E-5	5.501618122977346E-4	0.5363646170442288	1.0787486515641855E-5	0.00831715210355987	1.0787486515641855E-5
237	file:/data/Documents/UNAM/titulacion/codigo/analisis3/tema3/textos_a_id/2023_0849461.txt	0.00723194748358862	1.2035010940919038E-4	1.0940919037199125E-5	1.0940919037199125E-5	1.0940919037199125E-5	0.001323851203501094	0.02386214442013129	1.0940919037199125E-5	1.0940919037199125E-5	0.13327133479212253	0.014015317286652078	4.485776805251641E-4	5.579868708971553E-4	1.2035010940919038E-4	0.12090809628008752	1.0940919037199125E-5	1.2035010940919038E-4	0.003949671772428884	0.13644420131291027	1.0940919037199125E-5	1.0940919037199125E-5	0.13163019693654265	1.0940919037199125E-5	0.002417943107221007	1.0940919037199125E-5	0.00526258205689278	1.2035010940919038E-4	1.0940919037199125E-5	1.0940919037199125E-5	1.0940919037199125E-5	1.0940919037199125E-5	0.39191466083150983	1.0940919037199125E-5	1.0940919037199125E-5	1.0940919037199125E-5	1.0940919037199125E-5	1.2035010940919038E-4	4.485776805251641E-4	1.0940919037199125E-5	3.3916849015317287E-4	0.015	1.0940919037199125E-5	1.0940919037199125E-5	0.006137855579868709	1.0940919037199125E-5	1.0940919037199125E-5	1.0940919037199125E-5	0.003949671772428884	1.0940919037199125E-5	1.0940919037199125E-5
238	file:/data/Documents/UNAM/titulacion/codigo/analisis3/tema3/textos_a_id/2022_0826706.txt	0.04206780538302278	1.2939958592132505E-5	1.2939958592132505E-5	1.2939958592132505E-5	6.599378881987577E-4	0.00920031055900621	0.05759575569358178	0.004671325051759835	1.2939958592132505E-5	0.0339156314699793	0.2236154244306418	0.001565734989648033	1.2939958592132505E-5	1.2939958592132505E-5	0.09020445134575569	1.2939958592132505E-5	1.2939958592132505E-5	1.2939958592132505E-5	0.06988871635610766	7.893374741200828E-4	0.018517080745341613	0.1910067287784679	0.00557712215320911	0.001695134575569358	1.2939958592132505E-5	0.01916407867494824	1.2939958592132505E-5	1.2939958592132505E-5	1.2939958592132505E-5	0.0349508281573499	0.03469202898550725	2.717391304347826E-4	1.2939958592132505E-5	1.2939958592132505E-5	1.2939958592132505E-5	0.001306935817805383	1.2939958592132505E-5	0.14235248447204968	1.4233954451345758E-4	1.2939958592132505E-5	0.008553312629399585	0.0038949275362318843	1.2939958592132505E-5	9.187370600414078E-4	1.2939958592132505E-5	1.2939958592132505E-5	5.305383022774327E-4	1.2939958592132505E-5	0.0019539337474120083	1.2939958592132505E-5
239	file:/data/Documents/UNAM/titulacion/codigo/analisis3/tema3/textos_a_id/2021_0812185.txt	0.06489454800035005	0.002717248621685482	0.008755578892097663	4.375601645226219E-6	4.375601645226219E-6	4.375601645226219E-6	0.04546687669554563	0.005736413756891572	4.375601645226219E-6	0.08475977946967708	0.0448105364487617	0.08594119191388816	4.856917826201103E-4	0.006961582217554913	0.0035048569178262007	4.375601645226219E-6	4.375601645226219E-6	4.375601645226219E-6	4.375601645226219E-6	4.375601645226219E-6	0.05023628248884221	0.0588124617134856	0.49685394241708236	4.375601645226219E-6	4.375601645226219E-6	0.012999912487967096	4.375601645226219E-6	4.375601645226219E-6	4.375601645226219E-6	0.00608646188850967	9.188763454975059E-5	0.003242320819112628	9.188763454975059E-5	3.544237332633237E-4	4.375601645226219E-6	0.006436510020127767	4.813161809748841E-5	4.375601645226219E-6	4.375601645226219E-6	4.375601645226219E-6	4.375601645226219E-6	0.010549575566640412	4.375601645226219E-6	4.375601645226219E-6	4.375601645226219E-6	4.375601645226219E-6	4.375601645226219E-6	4.375601645226219E-6	4.375601645226219E-6	4.813161809748841E-5
240	file:/data/Documents/UNAM/titulacion/codigo/analisis3/tema3/textos_a_id/2017_0755849.txt	0.02681716395327725	0.003274223809235611	6.052169702838468E-6	0.0035768322943775343	6.052169702838468E-6	6.052169702838468E-6	0.10791623797131271	0.011021001028868849	6.052169702838468E-6	0.07069539429885613	0.06313018217030805	0.02046238576529686	6.052169702838468E-6	0.45180052048659447	0.006845003933910306	0.004484657749803304	6.052169702838468E-6	6.052169702838468E-6	6.052169702838468E-6	6.052169702838468E-6	0.07293469708890636	0.07347939236216183	6.052169702838468E-6	6.657386673122314E-5	6.052169702838468E-6	0.04285541366579919	6.052169702838468E-6	6.052169702838468E-6	6.052169702838468E-6	1.2709556375960782E-4	6.052169702838468E-6	0.028390728076015254	6.052169702838468E-6	6.052169702838468E-6	6.052169702838468E-6	6.052169702838468E-6	6.657386673122314E-5	8.533559281002239E-4	6.052169702838468E-6	6.052169702838468E-6	6.717908370150699E-4	0.004363614355746535	6.052169702838468E-6	6.052169702838468E-6	6.052169702838468E-6	6.052169702838468E-6	1.2709556375960782E-4	9.138776251286086E-4	6.052169702838468E-6	0.0049688313260303815
241	file:/data/Documents/UNAM/titulacion/codigo/analisis3/tema3/textos_a_id/2009_0641033.txt	0.052444915753505364	1.1782726522917404E-5	1.1782726522917404E-5	1.1782726522917404E-5	1.2960999175209143E-4	0.2658300930835395	0.13138918345705194	0.007906209496877576	1.1782726522917404E-5	0.037009544008483566	0.09568752209261223	1.1782726522917404E-5	1.1782726522917404E-5	0.022163308589607633	0.049027925061859316	1.2960999175209143E-4	0.006610109579356664	2.4743725698126546E-4	0.1053493578414045	1.1782726522917404E-5	7.187463178979616E-4	0.13457051961823965	1.1782726522917404E-5	1.1782726522917404E-5	1.1782726522917404E-5	0.027701190055378813	1.2960999175209143E-4	1.1782726522917404E-5	1.1782726522917404E-5	1.1782726522917404E-5	0.015800636267232236	2.4743725698126546E-4	1.1782726522917404E-5	1.1782726522917404E-5	0.009084482149169317	1.1782726522917404E-5	2.4743725698126546E-4	1.1782726522917404E-5	1.1782726522917404E-5	1.1782726522917404E-5	1.1782726522917404E-5	1.1782726522917404E-5	0.0011900553788146576	1.1782726522917404E-5	4.8309178743961346E-4	2.4743725698126546E-4	0.0044892188052315304	1.1782726522917404E-5	1.1782726522917404E-5	0.030882526216566515
242	file:/data/Documents/UNAM/titulacion/codigo/analisis3/tema3/textos_a_id/2022_0830828.txt	0.016494986952341712	1.373437714599643E-5	4.257656915258893E-4	1.373437714599643E-5	1.373437714599643E-5	9.751407773657464E-4	0.10933937645927758	0.017181705809641533	1.373437714599643E-5	0.1391429748660898	0.14202719406674907	1.373437714599643E-5	1.373437714599643E-5	0.06071968136245021	0.04190358467243511	1.373437714599643E-5	0.044375772558714464	0.17677516824612002	0.00427139129240489	1.373437714599643E-5	0.011413267408323031	0.14628485098200794	1.5107814860596073E-4	1.373437714599643E-5	4.257656915258893E-4	0.004683422606784783	1.373437714599643E-5	1.373437714599643E-5	1.373437714599643E-5	1.373437714599643E-5	7.004532344458179E-4	1.373437714599643E-5	0.004546078835324818	1.373437714599643E-5	1.373437714599643E-5	8.377970059057821E-4	1.373437714599643E-5	1.373437714599643E-5	1.373437714599643E-5	1.373437714599643E-5	1.373437714599643E-5	0.07321796456530696	1.373437714599643E-5	1.373437714599643E-5	0.0015245158632056035	0.0011124845488257107	1.373437714599643E-5	0.0011124845488257107	1.373437714599643E-5	1.373437714599643E-5
243	file:/data/Documents/UNAM/titulacion/codigo/analisis3/tema3/textos_a_id/2016_0751449.txt	0.04062709816033302	6.7141130656640265E-6	6.7141130656640265E-6	6.7141130656640265E-6	0.05546528803545052	0.005243722304283604	0.13556465690882233	6.7141130656640265E-6	6.7141130656640265E-6	0.07554048610178594	0.11904793876728884	0.005109440042970323	6.7141130656640265E-6	0.0065194037867597684	0.013703504767020275	0.0010809722035719082	1.4099637437894454E-4	6.7141130656640265E-6	0.06493218745803679	6.7141130656640265E-6	0.022901839666979992	0.07641332080032227	6.7141130656640265E-6	6.7141130656640265E-6	6.7141130656640265E-6	0.00396804082180744	6.7141130656640265E-6	0.0035651940378675978	6.7141130656640265E-6	9.466899422586276E-4	1.4099637437894454E-4	5.43843158318786E-4	1.4099637437894454E-4	2.081375050355848E-4	6.7141130656640265E-6	1.4099637437894454E-4	3.424197663488653E-4	6.7141130656640265E-6	6.7141130656640265E-6	3.424197663488653E-4	7.385524372230429E-5	0.0031623472539277562	0.008265073183832416	6.7141130656640265E-6	6.7141130656640265E-6	6.7141130656640265E-6	0.0010809722035719082	0.3546461662414395	6.7141130656640265E-6	6.7141130656640265E-6
244	file:/data/Documents/UNAM/titulacion/codigo/analisis3/tema3/textos_a_id/2008_0628716.txt	0.036871080139372826	6.968641114982579E-6	7.665505226480837E-5	6.968641114982579E-6	6.968641114982579E-6	0.306418118466899	0.03289895470383276	6.968641114982579E-6	6.968641114982579E-6	0.17366550522648083	0.05213240418118467	6.968641114982579E-6	6.968641114982579E-6	0.00286411149825784	0.1271149825783972	6.968641114982579E-6	0.03875261324041812	0.0018885017421602789	0.026905923344947735	6.968641114982579E-6	0.002515679442508711	0.1620278745644599	7.665505226480837E-5	1.4634146341463414E-4	0.00154006968641115	0.010320557491289198	6.968641114982579E-6	2.1602787456445992E-4	6.968641114982579E-6	6.968641114982579E-6	7.038327526132404E-4	0.003142857142857143	6.968641114982579E-6	6.968641114982579E-6	5.644599303135889E-4	0.0013310104529616726	0.00732404181184669	6.968641114982579E-6	0.010181184668989547	6.968641114982579E-6	6.968641114982579E-6	6.968641114982579E-6	6.968641114982579E-6	6.968641114982579E-6	6.968641114982579E-6	1.4634146341463414E-4	6.968641114982579E-6	6.968641114982579E-6	6.968641114982579E-6	6.968641114982579E-6
245	file:/data/Documents/UNAM/titulacion/codigo/analisis3/tema3/textos_a_id/2017_0754540.txt	0.014316730523627075	1.277139208173691E-5	1.277139208173691E-5	1.277139208173691E-5	1.277139208173691E-5	1.4048531289910602E-4	0.1539080459770115	1.277139208173691E-5	1.277139208173691E-5	0.21355044699872286	0.05582375478927203	0.0024393358876117497	1.277139208173691E-5	0.041775223499361434	0.049948914431673055	0.0020561941251596425	0.13257982120051084	1.277139208173691E-5	1.277139208173691E-5	0.0018007662835249042	1.277139208173691E-5	0.1857088122605364	1.277139208173691E-5	1.277139208173691E-5	1.277139208173691E-5	5.236270753512133E-4	1.277139208173691E-5	1.277139208173691E-5	5.236270753512133E-4	1.277139208173691E-5	3.959131545338442E-4	1.277139208173691E-5	2.681992337164751E-4	1.277139208173691E-5	1.277139208173691E-5	1.277139208173691E-5	1.277139208173691E-5	1.277139208173691E-5	1.277139208173691E-5	1.277139208173691E-5	1.4048531289910602E-4	0.006015325670498084	1.277139208173691E-5	1.277139208173691E-5	1.277139208173691E-5	1.277139208173691E-5	0.0028224776500638572	1.277139208173691E-5	0.13449553001277137	3.959131545338442E-4
246	file:/data/Documents/UNAM/titulacion/codigo/analisis3/tema3/textos_a_id/2019_0788753.txt	0.05485940339997862	2.245268897679889E-4	1.0691756655618519E-5	1.0691756655618519E-5	1.0691756655618519E-5	0.02706083609537047	0.08415481663637336	1.0691756655618519E-5	1.0691756655618519E-5	0.023104886132791616	0.14028653907837058	1.0691756655618519E-5	9.729498556612851E-4	9.729498556612851E-4	0.04235004811290495	0.28783278092590614	0.025563990163583877	0.037324922484764246	0.10072703945258206	1.0691756655618519E-5	0.0051427349513525076	0.11644392173634127	1.0691756655618519E-5	0.02085961723511173	1.0691756655618519E-5	1.0691756655618519E-5	4.383620228803592E-4	3.3144445632417405E-4	1.0691756655618519E-5	1.0691756655618519E-5	0.006104993050358174	3.3144445632417405E-4	1.0691756655618519E-5	3.3144445632417405E-4	0.0014006201218860258	1.0691756655618519E-5	1.0691756655618519E-5	1.0691756655618519E-5	3.3144445632417405E-4	2.245268897679889E-4	0.0017213728215545816	0.0012937025553298406	0.019148936170212766	1.0691756655618519E-5	1.0691756655618519E-5	1.0691756655618519E-5	1.0691756655618519E-5	2.245268897679889E-4	1.0691756655618519E-5	1.0691756655618519E-5
247	file:/data/Documents/UNAM/titulacion/codigo/analisis3/tema3/textos_a_id/2014_0716134.txt	0.034451242540977416	7.553440592189743E-6	0.009524888586751264	7.553440592189743E-6	0.002726792053780497	7.553440592189743E-6	0.011564317546642494	0.014132487347987008	7.553440592189743E-6	0.16452148953848478	0.030372384621194955	0.0024246544300929075	7.553440592189743E-6	0.006352443538031573	0.07380466802628598	7.553440592189743E-6	0.0699524133242692	7.553440592189743E-6	7.553440592189743E-6	7.553440592189743E-6	0.011564317546642494	0.20085353878691745	7.553440592189743E-6	7.553440592189743E-6	0.0015182415590301384	0.01171538635848629	2.3415665835788203E-4	7.553440592189743E-6	7.553440592189743E-6	7.553440592189743E-6	1.586222524359846E-4	0.002726792053780497	8.308784651408718E-5	7.553440592189743E-6	7.553440592189743E-6	8.308784651408718E-5	0.004086411360374651	2.3415665835788203E-4	2.3415665835788203E-4	8.308784651408718E-5	7.553440592189743E-6	7.553440592189743E-6	7.553440592189743E-6	0.33930810484175544	7.553440592189743E-6	3.0969106427977943E-4	0.006201374726187778	5.362942820454717E-4	7.553440592189743E-6	8.308784651408718E-5
248	file:/data/Documents/UNAM/titulacion/codigo/analisis3/tema3/textos_a_id/2011_0669831.txt	0.2017287365405512	0.16330139286772696	9.878494517435543E-6	9.878494517435543E-6	0.0034673515756198756	9.878494517435543E-6	0.029052652375777935	9.878494517435543E-6	9.878494517435543E-6	0.08338437222167341	0.053847673614541146	0.11815667292304652	0.0020843623431788996	0.0031709967400968095	0.008505383779512002	0.005146695643583918	0.01611182455793737	9.878494517435543E-6	9.878494517435543E-6	9.878494517435543E-6	0.15599130692482466	0.07637064111429419	0.008702953669860713	6.025881655635681E-4	0.0012940827817840561	0.024409759952583227	9.878494517435543E-6	9.977279462609898E-4	0.0020843623431788996	9.878494517435543E-6	9.878494517435543E-6	9.878494517435543E-6	9.878494517435543E-6	0.0013928677269584115	7.013731107379235E-4	0.010085942902301689	9.878494517435543E-6	9.878494517435543E-6	0.022730415884619184	5.038032203892127E-4	0.0020843623431788996	9.878494517435543E-6	9.878494517435543E-6	9.878494517435543E-6	8.00158055912279E-4	9.878494517435543E-6	0.0024795021238763213	9.878494517435543E-6	6.025881655635681E-4	9.878494517435543E-6
249	file:/data/Documents/UNAM/titulacion/codigo/analisis3/tema3/textos_a_id/2016_0745008.txt	0.05231310307511949	0.10380557309044999	9.017945711966815E-6	0.0010009919740283162	6.402741455496438E-4	9.017945711966815E-6	0.003976914058977365	6.402741455496438E-4	9.017945711966815E-6	0.12319415637117864	0.03112093065199748	0.0019929660023446662	9.017945711966815E-6	0.04392641356299035	0.033645955451348186	0.0010009919740283162	9.017945711966815E-6	9.017945711966815E-6	9.017945711966815E-6	0.004517990801695374	0.011281450085670483	0.10533862386148435	9.017945711966815E-6	9.017945711966815E-6	9.017945711966815E-6	0.004337631887456037	9.017945711966815E-6	1.893768599513031E-4	9.017945711966815E-6	9.017945711966815E-6	3.6973577419063933E-4	0.18884480115429705	9.017945711966815E-6	9.919740283163496E-5	9.017945711966815E-6	3.6973577419063933E-4	9.017945711966815E-6	9.017945711966815E-6	9.017945711966815E-6	0.2552168815943728	9.017945711966815E-6	0.02715303453873208	9.017945711966815E-6	9.017945711966815E-6	1.893768599513031E-4	9.017945711966815E-6	0.002714401659302011	0.0017224276309856616	9.017945711966815E-6	1.893768599513031E-4
250	file:/data/Documents/UNAM/titulacion/codigo/analisis3/tema3/textos_a_id/2019_0787405.txt	0.03197686218794398	1.0148163182463974E-5	1.0148163182463974E-5	1.0148163182463974E-5	1.0148163182463974E-5	0.06577024558554902	0.03674649888370205	1.0148163182463974E-5	1.0148163182463974E-5	0.04780799675258778	0.1607570529734118	2.1311142683174347E-4	1.1162979500710373E-4	0.005185711386239091	0.0876902780596712	1.0148163182463974E-5	0.028323523442256953	1.0148163182463974E-5	0.0624213517353359	1.0148163182463974E-5	0.005693119545362289	0.13528516338542723	4.160746904810229E-4	7.205195859549421E-4	1.0148163182463974E-5	1.0148163182463974E-5	1.0148163182463974E-5	1.0148163182463974E-5	1.0148163182463974E-5	1.0148163182463974E-5	1.0148163182463974E-5	1.0148163182463974E-5	1.0148163182463974E-5	1.0148163182463974E-5	0.3290135985386645	1.0148163182463974E-5	1.0148163182463974E-5	1.0148163182463974E-5	1.0148163182463974E-5	1.0148163182463974E-5	1.0148163182463974E-5	4.160746904810229E-4	0.0011264461132535011	1.0148163182463974E-5	1.0148163182463974E-5	1.0148163182463974E-5	1.0148163182463974E-5	1.0148163182463974E-5	1.0148163182463974E-5	1.0148163182463974E-5
251	file:/data/Documents/UNAM/titulacion/codigo/analisis3/tema3/textos_a_id/2011_0669771.txt	0.021062779577356163	8.483726669751658E-5	7.712478790683326E-6	7.712478790683326E-6	7.712478790683326E-6	8.483726669751658E-5	0.13952645380225204	0.0017815826006478484	7.712478790683326E-6	0.09425420330094092	0.16999074502545117	7.712478790683326E-6	0.006409069875057843	0.029932130186641988	0.01203917939225667	0.0017815826006478484	0.017823538485269165	7.712478790683326E-6	0.08677309887397809	7.712478790683326E-6	0.011499305876908839	0.14014345210550672	7.018355699521826E-4	7.712478790683326E-6	7.712478790683326E-6	3.1621163041801635E-4	7.712478790683326E-6	7.712478790683326E-6	7.712478790683326E-6	7.712478790683326E-6	7.712478790683326E-6	7.712478790683326E-6	7.712478790683326E-6	7.712478790683326E-6	0.2576816288755206	7.712478790683326E-6	6.247107820453494E-4	7.712478790683326E-6	7.712478790683326E-6	7.712478790683326E-6	7.712478790683326E-6	7.712478790683326E-6	8.483726669751658E-5	3.1621163041801635E-4	7.712478790683326E-6	7.712478790683326E-6	7.712478790683326E-6	0.003555452722505013	0.0017815826006478484	0.0015502082369273486
252	file:/data/Documents/UNAM/titulacion/codigo/analisis3/tema3/textos_a_id/2017_0754206.txt	0.016146955980265366	0.009105714422570292	0.0023039708770417207	0.0044594529865402115	1.484887675432294E-4	0.007093931120371701	0.05758011208506969	0.0028787661062413183	4.789960243329981E-6	0.059352397375101784	0.08473918666475068	0.10758729702543468	0.0015854768405422237	0.04670690233271064	0.0324807204100206	0.008387220386070796	4.789960243329981E-6	4.789960243329981E-6	0.004315754179240312	0.0018249748527087227	0.26718877233318966	0.08756526320831537	0.00493844901087321	4.789960243329981E-6	0.0011543804186425254	0.03516309814628539	4.789960243329981E-6	0.0024955692867749198	0.0028787661062413183	0.0032140633232744164	0.022996599128227237	4.789960243329981E-6	4.789960243329981E-6	0.0024476696843416202	0.0011064808162092256	0.10035445705800641	0.0013459788283757246	4.789960243329981E-6	4.789960243329981E-6	5.795851894429276E-4	7.71183599176127E-4	0.005944340661972506	0.0023997700819083203	0.0017770752502754227	5.268956267662979E-5	4.789960243329981E-6	0.005273746227906308	0.003549360540307515	5.268956267662979E-5	4.789960243329981E-6
253	file:/data/Documents/UNAM/titulacion/codigo/analisis3/tema3/textos_a_id/2018_0783844.txt	0.0072056863616170586	8.88494002665482E-6	0.005961794757885384	0.004451354953354065	8.88494002665482E-6	0.005961794757885384	0.04141270546423812	1.8658374055975123E-4	1.8658374055975123E-4	0.06318080852954243	0.08983562860950689	0.060693025322079076	8.88494002665482E-6	0.1925455353176366	2.754331408262994E-4	8.88494002665482E-6	9.86228342958685E-4	0.013869391381608174	8.88494002665482E-6	0.007294535761883607	0.12679697912039092	0.054473567303420706	8.88494002665482E-6	0.0024078187472234562	3.642825410928476E-4	0.037147934251443804	0.024353620613060865	9.773434029320302E-5	8.88494002665482E-6	9.773434029320302E-5	0.004451354953354065	8.88494002665482E-6	0.009871168369613504	0.004984451354953354	8.085295424255886E-4	8.88494002665482E-6	0.18614837849844512	0.004806752554420258	8.88494002665482E-6	0.005428698356286095	2.754331408262994E-4	0.012447800977343403	0.0039182585517547755	8.88494002665482E-6	8.88494002665482E-6	0.0015193247445579744	8.88494002665482E-6	8.88494002665482E-6	0.024886717014660154	5.41981341625944E-4
254	file:/data/Documents/UNAM/titulacion/codigo/analisis3/tema3/textos_a_id/2011_0674294.txt	0.07166326827847364	5.825808330905913E-6	5.825808330905913E-6	5.825808330905913E-6	5.825808330905913E-6	5.825808330905913E-6	0.10690940868045441	5.825808330905913E-6	5.825808330905913E-6	0.03187299737838625	0.10533644043110982	5.825808330905913E-6	5.825808330905913E-6	0.10265656859889309	0.02406641421497233	5.825808330905913E-6	4.136323914943198E-4	5.825808330905913E-6	0.0057151179726187004	5.825808330905913E-6	0.01521118555199534	0.10970579667928924	5.825808330905913E-6	0.0018700844742207982	2.3885814156714242E-4	5.884066414214972E-4	2.3885814156714242E-4	0.0036178269734925723	5.825808330905913E-6	5.825808330905913E-6	0.004608214389746577	0.04066996795805418	0.005598601806000582	5.825808330905913E-6	5.825808330905913E-6	1.223419749490242E-4	5.825808330905913E-6	5.825808330905913E-6	5.825808330905913E-6	1.806000582580833E-4	5.825808330905913E-6	0.025697640547625984	5.825808330905913E-6	5.825808330905913E-6	0.0011709874745120885	6.408389163996504E-5	5.825808330905913E-6	0.3361549665016021	0.0011709874745120885	0.004316923973201281
255	file:/data/Documents/UNAM/titulacion/codigo/analisis3/tema3/textos_a_id/2022_0825487.txt	0.03226283257188928	1.3437248051599033E-5	1.3437248051599033E-5	1.3437248051599033E-5	4.1655468959957E-4	2.821822090835797E-4	0.035084654662725076	0.004716474066111261	1.3437248051599033E-5	0.07391830153184628	0.21581564095673206	1.3437248051599033E-5	1.3437248051599033E-5	1.4780972856758936E-4	0.045565708142972325	1.3437248051599033E-5	4.1655468959957E-4	1.3437248051599033E-5	0.1858505778016662	1.3437248051599033E-5	1.3437248051599033E-5	0.17053211502284332	1.3437248051599033E-5	1.3437248051599033E-5	1.3437248051599033E-5	8.19672131147541E-4	1.3437248051599033E-5	1.3437248051599033E-5	1.4780972856758936E-4	1.3437248051599033E-5	1.3437248051599033E-5	1.3437248051599033E-5	2.821822090835797E-4	1.3437248051599033E-5	1.3437248051599033E-5	1.3437248051599033E-5	1.3437248051599033E-5	1.3437248051599033E-5	1.3437248051599033E-5	1.3437248051599033E-5	1.3437248051599033E-5	0.007403923676431067	1.4780972856758936E-4	0.22575920451491532	1.3437248051599033E-5	1.3437248051599033E-5	1.3437248051599033E-5	1.3437248051599033E-5	1.3437248051599033E-5	1.3437248051599033E-5
256	file:/data/Documents/UNAM/titulacion/codigo/analisis3/tema3/textos_a_id/2010_0725141.txt	0.09552369077306734	1.2468827930174564E-5	1.2468827930174564E-5	0.0015087281795511222	1.2468827930174564E-5	1.2468827930174564E-5	0.003129675810473816	1.2468827930174564E-5	1.2468827930174564E-5	0.16372817955112218	0.12258104738154614	0.21360349127182043	1.2468827930174564E-5	1.2468827930174564E-5	0.07295511221945138	1.371571072319202E-4	1.2468827930174564E-5	1.2468827930174564E-5	6.359102244389027E-4	1.2468827930174564E-5	0.0804364089775561	0.08018703241895263	1.2468827930174564E-5	1.2468827930174564E-5	1.2468827930174564E-5	0.003379052369077307	1.2468827930174564E-5	1.2468827930174564E-5	1.2468827930174564E-5	1.2468827930174564E-5	1.2468827930174564E-5	0.1405361596009975	1.2468827930174564E-5	1.2468827930174564E-5	1.2468827930174564E-5	5.112219451371571E-4	1.2468827930174564E-5	1.2468827930174564E-5	1.2468827930174564E-5	1.2468827930174564E-5	0.00899002493765586	1.2468827930174564E-5	1.2468827930174564E-5	1.2468827930174564E-5	1.2468827930174564E-5	0.011733167082294264	1.2468827930174564E-5	1.2468827930174564E-5	1.2468827930174564E-5	1.2468827930174564E-5
257	file:/data/Documents/UNAM/titulacion/codigo/analisis3/tema3/textos_a_id/2010_0655349.txt	0.005946601941747573	1.348435814455232E-5	1.348435814455232E-5	1.348435814455232E-5	0.013497842502696871	1.348435814455232E-5	0.01848705501618123	0.0025755124056094933	1.348435814455232E-5	0.04923139158576052	0.17193905070118662	1.348435814455232E-5	2.831715210355987E-4	0.07903182308522115	1.348435814455232E-5	0.04208468176914779	0.0035194174757281556	0.0032497303128371092	0.054085760517799356	0.00244066882416397	0.07161542610571738	0.07296386192017261	1.348435814455232E-5	0.012958468176914779	4.180151024811219E-4	0.022532362459546925	1.348435814455232E-5	1.348435814455232E-5	1.348435814455232E-5	1.348435814455232E-5	1.348435814455232E-5	1.4832793959007552E-4	1.348435814455232E-5	4.180151024811219E-4	0.001901294498381877	1.348435814455232E-5	0.3543824163969795	1.348435814455232E-5	1.348435814455232E-5	1.348435814455232E-5	0.0028451995685005397	0.006890507011866235	4.180151024811219E-4	1.348435814455232E-5	6.877022653721682E-4	1.348435814455232E-5	1.348435814455232E-5	0.005137540453074434	1.348435814455232E-5	1.348435814455232E-5
258	file:/data/Documents/UNAM/titulacion/codigo/analisis3/tema3/textos_a_id/2009_0643887.txt	0.08709677419354839	0.0033169953265701586	1.1398609369656902E-5	9.23287358942209E-4	1.1398609369656902E-5	1.1398609369656902E-5	0.030559671720050155	1.1398609369656902E-5	1.1398609369656902E-5	0.05563661233329534	0.20849196398039438	0.003544967513963297	0.001265245640031916	0.010270147042060867	0.013347771571868231	1.1398609369656902E-5	0.025886241878490823	1.1398609369656902E-5	0.01688134047646187	0.0026330787643907443	0.033067365781374675	0.12174854667730536	1.1398609369656902E-5	0.0013792317337284852	0.34139974923059385	0.004000911888749572	1.1398609369656902E-5	1.1398609369656902E-5	1.1398609369656902E-5	1.1398609369656902E-5	0.0067365781374672295	1.1398609369656902E-5	2.3937079676279496E-4	1.1398609369656902E-5	1.1398609369656902E-5	1.1398609369656902E-5	1.2538470306622593E-4	0.0011512595463353472	1.1398609369656902E-5	1.1398609369656902E-5	1.1398609369656902E-5	0.00548273110680497	1.1398609369656902E-5	1.1398609369656902E-5	1.1398609369656902E-5	1.1398609369656902E-5	0.0011512595463353472	1.1398609369656902E-5	1.1398609369656902E-5	0.023378547817166306
259	file:/data/Documents/UNAM/titulacion/codigo/analisis3/tema3/textos_a_id/2017_0758877.txt	0.039484025286178025	1.7085255424568598E-5	1.7085255424568598E-5	1.879378096702546E-4	1.7085255424568598E-5	1.7085255424568598E-5	0.08834785580044421	1.7085255424568598E-5	1.7085255424568598E-5	0.1153425593712626	0.060498889458397404	1.7085255424568598E-5	1.7085255424568598E-5	0.055373312831026825	0.039484025286178025	1.7085255424568598E-5	1.7085255424568598E-5	1.7085255424568598E-5	0.0861267725952503	1.7085255424568598E-5	0.010439091064411413	0.10731248932171536	1.7085255424568598E-5	0.011293353835639841	1.7085255424568598E-5	1.7085255424568598E-5	1.7085255424568598E-5	1.7085255424568598E-5	1.7085255424568598E-5	0.008218007859217495	1.7085255424568598E-5	0.004288399111566719	1.879378096702546E-4	1.7085255424568598E-5	1.879378096702546E-4	0.007705450196480438	1.7085255424568598E-5	1.7085255424568598E-5	1.7085255424568598E-5	1.7085255424568598E-5	1.7085255424568598E-5	0.01693148812574748	1.7085255424568598E-5	1.879378096702546E-4	1.7085255424568598E-5	1.7085255424568598E-5	1.7085255424568598E-5	0.3345463864684777	1.7085255424568598E-5	0.013343584486588074
260	file:/data/Documents/UNAM/titulacion/codigo/analisis3/tema3/textos_a_id/2012_0702399.txt	0.04440642902609803	7.95671546785487E-6	7.95671546785487E-6	7.95671546785487E-6	7.95671546785487E-6	0.037484086569064295	0.11418682367918523	7.95671546785487E-6	7.95671546785487E-6	0.06469605346912795	0.09334022915340547	1.6709102482495228E-4	7.95671546785487E-6	0.03255092297899427	0.062229471674092936	2.4665817950350095E-4	0.015921387651177593	7.95671546785487E-6	7.95671546785487E-6	0.32742679821769577	0.001838001273074475	0.17091820496499044	7.95671546785487E-6	0.011545194143857416	7.95671546785487E-6	0.005975493316359007	7.95671546785487E-6	7.95671546785487E-6	7.95671546785487E-6	7.95671546785487E-6	0.013454805856142584	7.95671546785487E-6	7.95671546785487E-6	1.6709102482495228E-4	7.95671546785487E-6	7.240611075747931E-4	7.95671546785487E-6	3.2622533418204963E-4	7.95671546785487E-6	3.2622533418204963E-4	7.95671546785487E-6	7.95671546785487E-6	7.95671546785487E-6	0.0012014640356460852	8.752387014640358E-5	1.6709102482495228E-4	7.95671546785487E-6	7.95671546785487E-6	7.95671546785487E-6	4.057924888605983E-4
261	file:/data/Documents/UNAM/titulacion/codigo/analisis3/tema3/textos_a_id/2023_0834878.txt	0.14714544357272177	1.2070006035003018E-5	1.2070006035003018E-5	1.2070006035003018E-5	1.2070006035003018E-5	0.010150875075437537	0.07122510561255281	1.327700663850332E-4	1.2070006035003018E-5	0.0587929993964997	0.1692335546167773	1.2070006035003018E-5	1.327700663850332E-4	1.2070006035003018E-5	0.015461677730838865	1.2070006035003018E-5	0.025600482800241398	1.2070006035003018E-5	0.02753168376584188	1.327700663850332E-4	0.011840675920337959	0.08257091128545564	1.2070006035003018E-5	0.0030295715147857574	1.2070006035003018E-5	1.2070006035003018E-5	1.2070006035003018E-5	2.5347012673506336E-4	1.2070006035003018E-5	1.2070006035003018E-5	1.2070006035003018E-5	1.2070006035003018E-5	1.2070006035003018E-5	1.2070006035003018E-5	0.36742305371152684	1.2070006035003018E-5	1.2070006035003018E-5	1.2070006035003018E-5	1.2070006035003018E-5	3.7417018708509357E-4	1.2070006035003018E-5	0.008581774290887145	1.2070006035003018E-5	1.2070006035003018E-5	1.2070006035003018E-5	1.2070006035003018E-5	1.2070006035003018E-5	1.2070006035003018E-5	1.2070006035003018E-5	1.2070006035003018E-5
262	file:/data/Documents/UNAM/titulacion/codigo/analisis3/tema3/textos_a_id/2020_0805015.txt	0.05235351801912234	0.005283157636675656	1.225790634959549E-5	1.225790634959549E-5	0.2944471684236332	0.005528315763667566	0.11719784260848247	0.008225055160578573	1.225790634959549E-5	0.09476587398872273	0.10775925471929394	0.032005393478793824	1.225790634959549E-5	1.225790634959549E-5	0.0350698700661927	1.225790634959549E-5	0.015702378033831822	2.574160333415053E-4	0.013986271144888452	1.225790634959549E-5	0.014966903652856092	0.11732042167197843	1.225790634959549E-5	1.225790634959549E-5	0.004057367001716107	0.023302279970581024	1.225790634959549E-5	1.225790634959549E-5	1.225790634959549E-5	0.014108850208384408	0.006508948271635205	1.225790634959549E-5	1.225790634959549E-5	0.0025864182397646483	0.0013606276048050993	1.225790634959549E-5	0.023302279970581024	1.3483696984555038E-4	1.3483696984555038E-4	1.225790634959549E-5	3.799950968374602E-4	0.004179946065212062	7.477322873253247E-4	1.225790634959549E-5	1.225790634959549E-5	1.225790634959549E-5	0.004057367001716107	1.225790634959549E-5	1.225790634959549E-5	1.225790634959549E-5
263	file:/data/Documents/UNAM/titulacion/codigo/analisis3/tema3/textos_a_id/2021_0810915.txt	0.04301798279906177	3.28381548084441E-4	1.563721657544957E-5	1.563721657544957E-5	1.7200938232994528E-4	0.013932759968725566	0.061469898358092266	0.002204847537138389	1.563721657544957E-5	0.09696637998436279	0.14184519155590306	1.563721657544957E-5	1.563721657544957E-5	1.563721657544957E-5	0.14919468334636435	1.563721657544957E-5	0.013463643471462079	0.12354964816262706	0.08664581704456607	1.563721657544957E-5	0.051931196247068025	0.15200938232994526	1.563721657544957E-5	1.7200938232994528E-4	1.563721657544957E-5	0.008928850664581704	1.563721657544957E-5	1.563721657544957E-5	1.563721657544957E-5	1.563721657544957E-5	1.563721657544957E-5	1.563721657544957E-5	1.563721657544957E-5	1.7200938232994528E-4	0.002204847537138389	1.563721657544957E-5	0.015183737294761532	1.563721657544957E-5	0.012525410476935105	1.563721657544957E-5	0.00799061767005473	1.563721657544957E-5	6.411258795934324E-4	1.563721657544957E-5	1.563721657544957E-5	1.563721657544957E-5	0.01455824863174355	1.563721657544957E-5	4.847537138389367E-4	1.563721657544957E-5
264	file:/data/Documents/UNAM/titulacion/codigo/analisis3/tema3/textos_a_id/2008_0638048.txt	0.026614090431125132	0.007055730809674027	1.0515247108307046E-5	0.0016929547844374345	0.0015878023133543639	2.2082018927444797E-4	0.020199789695057833	0.0037960042060988437	1.0515247108307046E-5	0.07109358569926394	0.07971608832807571	0.0737223974763407	1.0515247108307046E-5	0.029348054679284967	1.0515247108307046E-5	0.002008412197686646	2.2082018927444797E-4	1.0515247108307046E-5	0.020935856992639328	1.0515247108307046E-5	0.3808727655099895	0.0662565720294427	0.0017981072555205049	1.0515247108307046E-5	1.0515247108307046E-5	0.02577287066246057	1.0515247108307046E-5	0.003165089379600421	0.16899053627760252	7.465825446898002E-4	0.0021135646687697163	0.0015878023133543639	1.0515247108307046E-5	8.517350157728706E-4	2.2082018927444797E-4	0.004111461619348055	0.0028496319663512096	1.0515247108307046E-5	1.0515247108307046E-5	1.0515247108307046E-5	1.0515247108307046E-5	4.311251314405888E-4	3.259726603575184E-4	1.0515247108307046E-5	1.0515247108307046E-5	0.0014826498422712932	1.0515247108307046E-5	1.0515247108307046E-5	1.0515247108307046E-5	1.0515247108307046E-5
265	file:/data/Documents/UNAM/titulacion/codigo/analisis3/tema3/textos_a_id/2014_0722160.txt	0.038127427009923776	1.4382281029771322E-5	1.4382281029771322E-5	1.4382281029771322E-5	1.5820509132748455E-4	1.4382281029771322E-5	0.10299151445419244	1.4382281029771322E-5	1.4382281029771322E-5	0.018136056378541637	0.2606213145404861	1.5820509132748455E-4	1.4382281029771322E-5	0.021300158205091325	1.4382281029771322E-5	1.4382281029771322E-5	0.002315547245793183	1.4382281029771322E-5	0.14326190133755215	1.4382281029771322E-5	0.019861930102114195	0.09738242485258163	1.5820509132748455E-4	1.4382281029771322E-5	1.4382281029771322E-5	0.008212282467999425	1.4382281029771322E-5	1.4382281029771322E-5	1.4382281029771322E-5	1.4382281029771322E-5	0.004329066589961168	0.00174025600460233	1.4382281029771322E-5	1.5820509132748455E-4	0.014109017690205667	1.5820509132748455E-4	1.4382281029771322E-5	1.4382281029771322E-5	1.4382281029771322E-5	3.0202790162519775E-4	0.26421688479792893	0.00174025600460233	1.4382281029771322E-5	1.4382281029771322E-5	1.4382281029771322E-5	1.4382281029771322E-5	1.5820509132748455E-4	1.4382281029771322E-5	1.4382281029771322E-5	1.4382281029771322E-5
266	file:/data/Documents/UNAM/titulacion/codigo/analisis3/tema3/textos_a_id/2021_0812367.txt	0.07429307161597512	3.4496161694684677E-4	4.858614323195025E-6	4.858614323195025E-6	5.3444757555145274E-5	0.005397920513069672	0.12545428043921872	4.858614323195025E-6	4.858614323195025E-6	0.09518511320571373	0.05495578660965892	0.0046691283645904184	1.5061704401904578E-4	0.017981731610144786	0.11559129336313283	0.27986104363035663	0.019876591196190847	0.00875036439607424	4.907200466426975E-4	0.0010251676221941504	0.0207997279175979	0.08517636769993198	4.858614323195025E-6	4.858614323195025E-6	4.858614323195025E-6	0.011325429987367602	5.3444757555145274E-5	3.4496161694684677E-4	1.0203090078709552E-4	0.001559615197745603	0.017495870177825286	0.0018511320571373046	4.858614323195025E-6	4.858614323195025E-6	0.0012195121951219512	5.3444757555145274E-5	4.858614323195025E-6	4.858614323195025E-6	0.014386357010980469	4.858614323195025E-6	0.0014138567680497523	0.030808473423379654	4.858614323195025E-6	4.858614323195025E-6	0.0013166844815858517	4.858614323195025E-6	4.858614323195025E-6	4.858614323195025E-6	4.858614323195025E-6	0.007924399961131085
267	file:/data/Documents/UNAM/titulacion/codigo/analisis3/tema3/textos_a_id/2017_0769021.txt	0.13134144191785652	1.7627357659086903E-5	1.7627357659086903E-5	1.7627357659086903E-5	1.7627357659086903E-5	0.11124625418649745	0.09062224572536577	1.7627357659086903E-5	1.7627357659086903E-5	0.0654151242728715	0.24591926670192138	1.7627357659086903E-5	3.7017451084082496E-4	1.7627357659086903E-5	1.7627357659086903E-5	1.7627357659086903E-5	0.03915036136083201	1.7627357659086903E-5	0.02645866384628944	1.7627357659086903E-5	0.028750220341970736	0.08727304777013926	1.7627357659086903E-5	1.7627357659086903E-5	1.7627357659086903E-5	1.7627357659086903E-5	1.7627357659086903E-5	1.7627357659086903E-5	1.7627357659086903E-5	0.16324695928080382	1.7627357659086903E-5	1.7627357659086903E-5	1.7627357659086903E-5	1.7627357659086903E-5	1.7627357659086903E-5	1.7627357659086903E-5	1.7627357659086903E-5	1.7627357659086903E-5	1.7627357659086903E-5	0.004071919619249075	1.7627357659086903E-5	0.00125154239379517	0.003014278159703861	1.7627357659086903E-5	8.989952406134319E-4	1.7627357659086903E-5	1.7627357659086903E-5	3.7017451084082496E-4	1.7627357659086903E-5	1.7627357659086903E-5
268	file:/data/Documents/UNAM/titulacion/codigo/analisis3/tema3/textos_a_id/2023_0840929.txt	0.019263016250905703	0.002391056826415485	1.0350895352447988E-5	1.0350895352447988E-5	1.0350895352447988E-5	1.0350895352447988E-5	0.06946485871027844	0.015329676016975468	1.0350895352447988E-5	0.08571576441362178	0.20268088189628403	1.0350895352447988E-5	1.0350895352447988E-5	0.024024428113031775	0.023920919159507295	1.0350895352447988E-5	1.0350895352447988E-5	1.0350895352447988E-5	0.03127005485974537	4.2438670945036744E-4	0.017813890901562983	0.16841941827968118	1.0350895352447988E-5	1.0350895352447988E-5	1.0350895352447988E-5	7.34913570023807E-4	1.0350895352447988E-5	1.0350895352447988E-5	6.314046164993272E-4	1.0350895352447988E-5	1.0350895352447988E-5	0.015950729738122348	6.314046164993272E-4	1.0350895352447988E-5	1.1385984887692787E-4	1.0350895352447988E-5	1.0350895352447988E-5	1.0350895352447988E-5	1.0350895352447988E-5	1.0350895352447988E-5	1.0350895352447988E-5	0.003219128454611324	1.0350895352447988E-5	1.0350895352447988E-5	1.0350895352447988E-5	1.0350895352447988E-5	1.0350895352447988E-5	0.31767932926198117	1.0350895352447988E-5	1.0350895352447988E-5
269	file:/data/Documents/UNAM/titulacion/codigo/analisis3/tema3/textos_a_id/2009_0645539.txt	0.062191934279312924	1.8670649738610905E-5	1.8670649738610905E-5	0.00207244212098581	0.00207244212098581	0.014581777445855114	0.025037341299477222	1.8670649738610905E-5	1.8670649738610905E-5	0.03773338312173263	0.17813666915608664	1.8670649738610905E-5	1.8670649738610905E-5	0.059578043315907395	0.02335698282300224	0.0080470500373413	0.02111650485436893	1.8670649738610905E-5	0.002259148618371919	0.03250560119492158	0.029891710231516055	0.15143764002987303	1.8670649738610905E-5	0.032318894697535475	0.20408887229275577	0.024103808812546677	1.8670649738610905E-5	1.8670649738610905E-5	1.8670649738610905E-5	1.8670649738610905E-5	0.05098954443614638	1.8670649738610905E-5	1.8670649738610905E-5	1.8670649738610905E-5	1.8670649738610905E-5	1.8670649738610905E-5	0.008420463032113518	1.8670649738610905E-5	1.8670649738610905E-5	0.01756908140403286	1.8670649738610905E-5	0.011221060492905154	7.65496639283047E-4	1.8670649738610905E-5	1.8670649738610905E-5	1.8670649738610905E-5	1.8670649738610905E-5	1.8670649738610905E-5	1.8670649738610905E-5	1.8670649738610905E-5
270	file:/data/Documents/UNAM/titulacion/codigo/analisis3/tema3/textos_a_id/2012_0697321.txt	0.041858617950754566	0.004710698356448952	6.109855196431845E-6	6.109855196431845E-6	6.109855196431845E-6	6.109855196431845E-6	0.05444491965540417	0.004344107044663041	6.109855196431845E-6	0.31826846703733125	0.048762754322722555	6.720840716075029E-5	0.011920327488238529	3.7270116698234247E-4	0.013081199975560578	6.109855196431845E-6	0.11511578175597238	6.109855196431845E-6	0.002327854829840533	6.109855196431845E-6	0.005749373739842366	0.12593022545365673	1.2830695912506874E-4	6.109855196431845E-6	6.109855196431845E-6	0.03416020040325044	6.109855196431845E-6	0.0029999389014480357	6.109855196431845E-6	6.109855196431845E-6	0.0025722490376978067	7.392924787682531E-4	6.720840716075029E-5	6.109855196431845E-6	6.720840716075029E-5	6.109855196431845E-6	6.109855196431845E-6	6.109855196431845E-6	0.21146819820370258	6.109855196431845E-6	6.109855196431845E-6	2.505040630537056E-4	1.894055110893872E-4	6.109855196431845E-6	1.894055110893872E-4	6.109855196431845E-6	6.109855196431845E-6	6.109855196431845E-6	6.720840716075029E-5	6.109855196431845E-6
271	file:/data/Documents/UNAM/titulacion/codigo/analisis3/tema3/textos_a_id/2006_0603306.txt	0.01563063363824531	6.676904587033452E-6	0.04788008279361688	6.676904587033452E-6	6.676904587033452E-6	2.0698404219803698E-4	0.04313948053682313	0.11752019763637576	6.676904587033452E-6	0.06931294651799424	0.007551579087934833	0.003078053014622421	6.676904587033452E-6	6.676904587033452E-6	0.01416171462909795	6.676904587033452E-6	6.676904587033452E-6	6.676904587033452E-6	6.676904587033452E-6	1.402149963277025E-4	6.07598317420044E-4	0.09782332910462709	6.676904587033452E-6	6.676904587033452E-6	6.676904587033452E-6	0.02905121185818255	6.676904587033452E-6	6.676904587033452E-6	6.676904587033452E-6	6.676904587033452E-6	6.676904587033452E-6	0.0010749816385123858	6.676904587033452E-6	6.676904587033452E-6	6.676904587033452E-6	6.676904587033452E-6	6.676904587033452E-6	7.344595045736797E-5	6.676904587033452E-6	6.676904587033452E-6	6.676904587033452E-6	2.737530880683715E-4	6.676904587033452E-6	6.676904587033452E-6	6.676904587033452E-6	6.676904587033452E-6	0.5522534552981239	6.676904587033452E-6	6.676904587033452E-6	6.676904587033452E-6
272	file:/data/Documents/UNAM/titulacion/codigo/analisis3/tema3/textos_a_id/2006_0609028.txt	0.060145962240203084	1.58654608916389E-5	0.004458194510550532	1.7452006980802793E-4	0.0028716484213866414	0.026352530541012217	0.06490560050769476	1.58654608916389E-5	1.58654608916389E-5	0.058083452324290026	0.26401713469776295	8.091385054735839E-4	1.58654608916389E-5	0.006679359035379978	0.045391083610978905	9.67793114389973E-4	1.58654608916389E-5	0.008424559733460258	0.01286688878311915	1.58654608916389E-5	0.021116928446771377	0.1410598127875615	1.58654608916389E-5	1.58654608916389E-5	1.58654608916389E-5	0.008424559733460258	1.58654608916389E-5	1.58654608916389E-5	1.58654608916389E-5	1.58654608916389E-5	0.006679359035379978	1.58654608916389E-5	1.58654608916389E-5	1.58654608916389E-5	0.0027129938124702524	1.7452006980802793E-4	4.91829287640806E-4	1.58654608916389E-5	1.58654608916389E-5	1.58654608916389E-5	0.009217832778042202	0.008900523560209424	0.243233380929716	1.58654608916389E-5	1.58654608916389E-5	1.58654608916389E-5	9.67793114389973E-4	1.58654608916389E-5	1.58654608916389E-5	4.91829287640806E-4
273	file:/data/Documents/UNAM/titulacion/codigo/analisis3/tema3/textos_a_id/2022_0833509.txt	0.08482065687121867	1.08038029386344E-5	0.0010911840968020742	1.08038029386344E-5	0.0015233362143474503	0.0021715643906655142	0.0266961970613656	0.006601123595505618	1.08038029386344E-5	0.07142394122731202	0.07282843560933448	0.0019554883318928266	1.08038029386344E-5	1.08038029386344E-5	0.10491573033707866	4.4295592048401033E-4	0.07736603284356093	1.08038029386344E-5	0.3051101987899741	1.08038029386344E-5	0.016324546240276575	0.10956136560069145	7.670700086430423E-4	0.0024956784788245463	1.08038029386344E-5	0.028316767502160764	1.08038029386344E-5	1.08038029386344E-5	1.08038029386344E-5	3.3491789109766636E-4	8.751080380293863E-4	0.004440363007778738	1.08038029386344E-5	1.08038029386344E-5	1.08038029386344E-5	1.08038029386344E-5	0.010814606741573033	1.08038029386344E-5	1.08038029386344E-5	1.08038029386344E-5	0.060836214347450304	1.08038029386344E-5	1.188418323249784E-4	1.08038029386344E-5	1.08038029386344E-5	1.08038029386344E-5	1.08038029386344E-5	0.007897579948141746	1.08038029386344E-5	1.08038029386344E-5
274	file:/data/Documents/UNAM/titulacion/codigo/analisis3/tema3/textos_a_id/2006_0610004.txt	0.0168371467025572	1.3458950201884254E-5	4.1722745625841185E-4	1.3458950201884254E-5	0.0016285329744279945	0.0630013458950202	0.06394347240915209	1.3458950201884254E-5	1.3458950201884254E-5	0.11387617765814267	0.08036339165545088	0.0058008075370121134	1.3458950201884254E-5	0.024374158815612383	0.03648721399730821	1.3458950201884254E-5	0.1177792732166891	0.25909825033647377	1.3458950201884254E-5	1.3458950201884254E-5	0.019125168236877522	0.10418573351278601	5.518169582772543E-4	1.3458950201884254E-5	1.4804845222072678E-4	0.02598923283983849	0.002166890982503365	1.3458950201884254E-5	1.3458950201884254E-5	1.4804845222072678E-4	1.3458950201884254E-5	0.0033781965006729475	1.3458950201884254E-5	1.3458950201884254E-5	1.3458950201884254E-5	1.3458950201884254E-5	0.035141318977119786	2.8263795423956933E-4	0.014414535666218035	1.3458950201884254E-5	1.3458950201884254E-5	1.3458950201884254E-5	0.010107671601615074	1.3458950201884254E-5	1.3458950201884254E-5	1.3458950201884254E-5	1.3458950201884254E-5	1.3458950201884254E-5	1.3458950201884254E-5	4.1722745625841185E-4
275	file:/data/Documents/UNAM/titulacion/codigo/analisis3/tema3/textos_a_id/2018_0773000.txt	0.09217028380634391	1.669449081803005E-5	0.008530884808013357	1.669449081803005E-5	1.669449081803005E-5	0.059282136894824713	0.04459098497495827	1.669449081803005E-5	1.669449081803005E-5	0.06629382303839733	0.16612687813021704	0.012370617696160267	1.669449081803005E-5	1.8363939899833056E-4	0.13490818030050084	1.669449081803005E-5	1.8363939899833056E-4	1.669449081803005E-5	0.016377295492487478	1.669449081803005E-5	0.013539232053422369	0.12372287145242071	1.669449081803005E-5	0.008196994991652756	1.669449081803005E-5	0.0021869782971619366	1.669449081803005E-5	1.8363939899833056E-4	1.669449081803005E-5	1.669449081803005E-5	1.669449081803005E-5	1.8363939899833056E-4	1.669449081803005E-5	1.669449081803005E-5	0.2330717863105175	1.669449081803005E-5	0.008030050083472455	1.669449081803005E-5	1.669449081803005E-5	1.669449081803005E-5	1.669449081803005E-5	1.669449081803005E-5	0.007362270450751252	1.669449081803005E-5	0.0015191986644407345	5.175292153589316E-4	1.669449081803005E-5	1.669449081803005E-5	1.669449081803005E-5	1.669449081803005E-5
276	file:/data/Documents/UNAM/titulacion/codigo/analisis3/tema3/textos_a_id/2008_0630836.txt	0.08289791207638234	0.0023187493442450953	1.0492078480747036E-5	1.0492078480747036E-5	1.0492078480747036E-5	1.0492078480747036E-5	0.24027908928758787	0.01260098625537719	1.0492078480747036E-5	0.054044696254327985	0.17333962858042176	1.0492078480747036E-5	7.449375721330395E-4	0.025506242786696044	0.0068303430909663196	1.154128632882174E-4	0.002633511698667506	2.2033364809568776E-4	0.002003986989822684	0.004417165040394503	0.022148777672856994	0.11783653341726995	1.0492078480747036E-5	7.449375721330395E-4	1.0492078480747036E-5	0.004627006610009443	1.0492078480747036E-5	0.001479383065785332	1.154128632882174E-4	1.0492078480747036E-5	0.23576749554086662	1.0492078480747036E-5	1.0492078480747036E-5	1.0492078480747036E-5	1.0492078480747036E-5	1.0492078480747036E-5	1.0492078480747036E-5	1.0492078480747036E-5	1.0492078480747036E-5	0.001479383065785332	1.0492078480747036E-5	0.0029482740530899173	1.154128632882174E-4	0.003158115622704858	1.0492078480747036E-5	1.0492078480747036E-5	1.0492078480747036E-5	3.252544329031581E-4	0.0010596999265554505	1.0492078480747036E-5
277	file:/data/Documents/UNAM/titulacion/codigo/analisis3/tema3/textos_a_id/2018_0774506.txt	0.10942332707038589	1.4452955629426218E-5	0.00290504408151467	0.0011706894059835236	0.0062292238762827	1.4452955629426218E-5	0.1365948836537072	0.009408874114756468	1.4452955629426218E-5	0.05984968926145397	0.10104061280531869	4.4804162451221277E-4	0.006662812545165486	1.4452955629426218E-5	0.1449775979187744	1.4452955629426218E-5	0.07054487642722937	0.0017488076311605724	7.371007371007371E-4	0.004639398757045816	0.005940164763694176	0.13413788119670472	1.4452955629426218E-5	3.035120682179506E-4	1.4452955629426218E-5	0.017936117936117935	1.4452955629426218E-5	1.4452955629426218E-5	1.4452955629426218E-5	1.4452955629426218E-5	0.023139181962711374	1.4452955629426218E-5	1.4452955629426218E-5	0.13298164474635063	1.4452955629426218E-5	1.4452955629426218E-5	1.4452955629426218E-5	1.4452955629426218E-5	1.4452955629426218E-5	1.4452955629426218E-5	1.4452955629426218E-5	1.4452955629426218E-5	1.4452955629426218E-5	1.4452955629426218E-5	1.4452955629426218E-5	1.4452955629426218E-5	0.01677988148576384	1.4452955629426218E-5	1.4452955629426218E-5	0.012010406128053186
278	file:/data/Documents/UNAM/titulacion/codigo/analisis3/tema3/textos_a_id/2017_0759636.txt	0.0874592454587797	1.1644154634373546E-5	0.002689799720540289	1.1644154634373546E-5	0.001176059618071728	0.014450395901257568	0.04484163949697252	0.013053097345132743	1.1644154634373546E-5	0.0798905449464369	0.17304378202142523	5.938518863530507E-4	1.1644154634373546E-5	0.007114578481602236	0.002224033535165347	1.1644154634373546E-5	0.01922449930135072	1.1644154634373546E-5	0.040416860735910574	1.1644154634373546E-5	0.026793199813693526	0.1729273404750815	1.1644154634373546E-5	1.1644154634373546E-5	1.1644154634373546E-5	0.012121564974382859	1.1644154634373546E-5	1.1644154634373546E-5	1.1644154634373546E-5	8.267349790405216E-4	0.007231020027945971	1.1644154634373546E-5	1.1644154634373546E-5	7.102934326967861E-4	2.4452724732184445E-4	1.1644154634373546E-5	1.1644154634373546E-5	1.28085700978109E-4	1.1644154634373546E-5	1.1644154634373546E-5	1.1644154634373546E-5	1.1644154634373546E-5	0.2829646017699115	1.1644154634373546E-5	1.1644154634373546E-5	1.1644154634373546E-5	0.007463903120633442	0.0021075919888216116	1.1644154634373546E-5	1.1644154634373546E-5
279	file:/data/Documents/UNAM/titulacion/codigo/analisis3/tema3/textos_a_id/2022_0833151.txt	0.06645913886886427	6.553509404285995E-6	6.553509404285995E-6	6.553509404285995E-6	0.002627957271118684	6.553509404285995E-6	0.07170194639229306	2.0315879153286586E-4	6.553509404285995E-6	0.08952749197195098	0.14228324267645323	0.002627957271118684	0.0023658168949472445	0.02589291565633397	0.029890556392948426	2.0315879153286586E-4	0.028710924700176946	6.553509404285995E-6	0.005183825938790222	6.553509404285995E-6	0.012654826659676256	0.11626581034143783	4.6529916770430565E-4	0.0017760010485615048	0.013572317976276296	5.963693557900255E-4	6.553509404285995E-6	0.36647879939707717	6.553509404285995E-6	0.0035454485877187236	6.553509404285995E-6	0.004135264434104463	6.553509404285995E-6	6.553509404285995E-6	6.553509404285995E-6	6.553509404285995E-6	6.553509404285995E-6	6.553509404285995E-6	0.005970247067304541	6.619044498328855E-4	6.553509404285995E-6	0.0037420538698473035	6.553509404285995E-6	6.553509404285995E-6	6.553509404285995E-6	7.929746379186054E-4	1.376236974900059E-4	0.0013827904843043452	6.553509404285995E-6	6.553509404285995E-6
280	file:/data/Documents/UNAM/titulacion/codigo/analisis3/tema3/textos_a_id/2019_0785180.txt	0.03303250948620654	1.0255358424776947E-5	0.18819608245308173	1.0255358424776947E-5	1.0255358424776947E-5	1.0255358424776947E-5	0.06749051379345708	1.0255358424776947E-5	1.0255358424776947E-5	0.0812326940826582	0.16399343657060814	1.0255358424776947E-5	1.0255358424776947E-5	0.020418418623730897	0.12461286021946466	0.006676238334529791	0.025238437083376062	1.0255358424776947E-5	0.05723515536868014	1.0255358424776947E-5	0.0056507024920520975	0.17609475951184492	1.0255358424776947E-5	4.2046969541585476E-4	1.0255358424776947E-5	1.0255358424776947E-5	1.0255358424776947E-5	1.0255358424776947E-5	1.0255358424776947E-5	0.0010357912009024714	7.281304481591631E-4	0.013547328479130346	1.0255358424776947E-5	1.0255358424776947E-5	0.0025740949646190134	1.0255358424776947E-5	0.017136703927802276	1.0255358424776947E-5	1.0255358424776947E-5	1.0255358424776947E-5	0.005343041739308789	0.008624756435237411	1.0255358424776947E-5	1.0255358424776947E-5	3.179161111680853E-4	1.0255358424776947E-5	1.0255358424776947E-5	1.1280894267254641E-4	1.0255358424776947E-5	1.0255358424776947E-5
281	file:/data/Documents/UNAM/titulacion/codigo/analisis3/tema3/textos_a_id/2016_0748506.txt	8.254397834912043E-4	1.3531799729364006E-5	4.194857916102842E-4	1.3531799729364006E-5	0.007320703653585927	1.3531799729364006E-5	0.028836265223274694	0.01774018944519621	1.3531799729364006E-5	0.13397834912043302	0.1755209742895805	0.004749661705006766	1.3531799729364006E-5	0.07200270635994588	0.012598105548037888	1.3531799729364006E-5	1.4884979702300407E-4	0.0013667117726657645	2.8416779431664413E-4	1.3531799729364006E-5	0.027347767253044653	0.12166441136671177	1.3531799729364006E-5	1.3531799729364006E-5	6.901217861975642E-4	0.024235453315290933	1.3531799729364006E-5	1.3531799729364006E-5	1.3531799729364006E-5	0.07281461434370771	0.0031258457374830854	0.0015020297699594046	0.051028416779431665	1.3531799729364006E-5	1.3531799729364006E-5	1.3531799729364006E-5	1.3531799729364006E-5	0.011244925575101488	1.4884979702300407E-4	1.3531799729364006E-5	1.3531799729364006E-5	0.22978349120433017	1.3531799729364006E-5	1.4884979702300407E-4	1.3531799729364006E-5	1.3531799729364006E-5	1.3531799729364006E-5	1.3531799729364006E-5	1.3531799729364006E-5	1.4884979702300407E-4
282	file:/data/Documents/UNAM/titulacion/codigo/analisis3/tema3/textos_a_id/2021_0810691.txt	0.03322264942327857	1.7476406850751487E-5	8.912967493883257E-4	1.7476406850751487E-5	0.0010660608178958406	1.7476406850751487E-5	0.08547710590702552	1.7476406850751487E-5	1.7476406850751487E-5	0.0935162530583712	0.14926599091226844	1.7476406850751487E-5	8.912967493883257E-4	0.010852848654316672	0.027455435162530583	0.0038622859140160786	0.03794127927298147	1.7476406850751487E-5	1.7476406850751487E-5	0.31756378888500525	0.0070080391471513456	0.22738552953512756	1.7476406850751487E-5	1.7476406850751487E-5	1.7476406850751487E-5	1.7476406850751487E-5	1.7476406850751487E-5	1.7476406850751487E-5	5.41768612373296E-4	1.7476406850751487E-5	1.7476406850751487E-5	7.165326808808108E-4	1.9224047535826636E-4	1.7476406850751487E-5	1.7476406850751487E-5	1.7476406850751487E-5	8.912967493883257E-4	1.7476406850751487E-5	1.7476406850751487E-5	1.7476406850751487E-5	1.7476406850751487E-5	1.7476406850751487E-5	1.7476406850751487E-5	1.7476406850751487E-5	7.165326808808108E-4	1.7476406850751487E-5	1.7476406850751487E-5	1.7476406850751487E-5	1.7476406850751487E-5	1.7476406850751487E-5
283	file:/data/Documents/UNAM/titulacion/codigo/analisis3/tema3/textos_a_id/2022_0833110.txt	0.021817807937487145	2.0563438206868188E-5	2.0563438206868188E-5	2.0563438206868188E-5	2.0563438206868188E-5	0.0121529919802591	0.11640962368908082	0.00454451984371787	2.0563438206868188E-5	0.0473164713140037	0.06253341558708617	2.0563438206868188E-5	2.0563438206868188E-5	0.007423401192679416	0.011330454451984372	2.0563438206868188E-5	2.0563438206868188E-5	2.0563438206868188E-5	0.26570018507094384	2.0563438206868188E-5	2.0563438206868188E-5	0.14766604976352046	2.0563438206868188E-5	2.0563438206868188E-5	2.0563438206868188E-5	0.041147439851943246	2.0563438206868188E-5	0.16288299403660292	0.001871272876825005	2.0563438206868188E-5	0.05492494345054494	2.0563438206868188E-5	2.0563438206868188E-5	2.0563438206868188E-5	2.0563438206868188E-5	2.0563438206868188E-5	0.011330454451984372	2.0563438206868188E-5	2.0563438206868188E-5	2.0563438206868188E-5	2.0563438206868188E-5	2.0563438206868188E-5	0.030248817602303104	2.0563438206868188E-5	2.0563438206868188E-5	2.0563438206868188E-5	2.0563438206868188E-5	2.0563438206868188E-5	2.0563438206868188E-5	2.0563438206868188E-5
284	file:/data/Documents/UNAM/titulacion/codigo/analisis3/tema3/textos_a_id/2018_0774148.txt	0.05776485788113695	1.2919896640826875E-5	1.2919896640826875E-5	1.2919896640826875E-5	0.3120284237726098	1.2919896640826875E-5	0.01990956072351421	1.2919896640826875E-5	1.4211886304909562E-4	0.15156330749354005	0.1281782945736434	1.2919896640826875E-5	1.2919896640826875E-5	1.2919896640826875E-5	0.09846253229974161	1.2919896640826875E-5	0.025981912144702843	0.0010465116279069766	0.015258397932816537	1.2919896640826875E-5	0.0232687338501292	0.13179586563307494	0.002080103359173127	1.4211886304909562E-4	1.2919896640826875E-5	0.003113695090439277	1.2919896640826875E-5	1.2919896640826875E-5	4.0051679586563307E-4	0.01189922480620155	1.2919896640826875E-5	0.005568475452196383	1.2919896640826875E-5	1.2919896640826875E-5	1.2919896640826875E-5	0.0010465116279069766	0.004405684754521964	1.2919896640826875E-5	0.002080103359173127	1.4211886304909562E-4	1.2919896640826875E-5	1.2919896640826875E-5	1.4211886304909562E-4	1.4211886304909562E-4	0.0014341085271317828	1.2919896640826875E-5	1.2919896640826875E-5	0.0016925064599483204	1.2919896640826875E-5	1.2919896640826875E-5
285	file:/data/Documents/UNAM/titulacion/codigo/analisis3/tema3/textos_a_id/2007_0621235.txt	0.002680397040782185	3.7176103200862487E-6	0.0012677051191494109	7.100635711364735E-4	3.7176103200862487E-6	0.0021599315959701104	0.009111862894531395	0.0014907617383545858	3.7176103200862487E-6	0.06271980371017509	0.08647533365552622	3.7176103200862487E-6	3.7176103200862487E-6	0.04617643778579129	0.012829473214617644	3.7176103200862487E-6	0.0021599315959701104	3.7176103200862487E-6	0.0020112271831666606	0.0011561768095468233	0.011751366221792632	0.10669913379679542	7.806981672181122E-5	3.7176103200862487E-6	7.806981672181122E-5	0.015840737573887508	3.7176103200862487E-6	0.0013792334287519982	3.7176103200862487E-6	3.7176103200862487E-6	3.7176103200862487E-6	0.004687906613628759	0.046585374921000774	3.7176103200862487E-6	3.7176103200862487E-6	3.7176103200862487E-6	5.24183055132161E-4	0.5529610766199488	4.4983084873043605E-4	0.02219785122123499	3.7176103200862487E-6	0.0029034536599873598	3.7176103200862487E-6	3.7176103200862487E-6	3.7176103200862487E-6	0.0019368749767649355	5.24183055132161E-4	3.7176103200862487E-6	3.7176103200862487E-6	3.754786423287111E-4
286	file:/data/Documents/UNAM/titulacion/codigo/analisis3/tema3/textos_a_id/2011_0668451.txt	0.022847081421406467	1.1738341692455449E-4	1.0671219720414043E-5	1.0671219720414043E-5	0.0027851883470280656	3.3080781133283535E-4	0.04514993063707182	4.3752000853697576E-4	1.0671219720414043E-5	0.1589051328566855	0.09178316081528119	1.0671219720414043E-5	0.0414150037349269	0.023060505815814748	0.033945149930637075	0.011108739728951019	0.020819549674527798	0.013349695870237968	1.0671219720414043E-5	0.002144915163803223	0.023167218013018888	0.15975883043431863	1.1738341692455449E-4	7.576566001493971E-4	0.10064027318322484	0.01377654465905453	1.0671219720414043E-5	8.643687973535375E-4	1.0671219720414043E-5	1.1738341692455449E-4	0.012922847081421406	0.003638885924661189	1.0671219720414043E-5	1.0671219720414043E-5	1.0671219720414043E-5	1.0671219720414043E-5	0.18547646996051648	1.0671219720414043E-5	0.00897449578486821	1.0671219720414043E-5	1.0671219720414043E-5	0.01420339344787109	1.1738341692455449E-4	1.0671219720414043E-5	1.0671219720414043E-5	1.0671219720414043E-5	1.0671219720414043E-5	1.0671219720414043E-5	1.0671219720414043E-5	0.007053676235193682
287	file:/data/Documents/UNAM/titulacion/codigo/analisis3/tema3/textos_a_id/2015_0729792.txt	0.04172807226051819	1.3073449013548848E-4	2.495840266222962E-4	1.188495364868077E-5	1.188495364868077E-5	1.188495364868077E-5	0.0481459472308058	1.188495364868077E-5	1.188495364868077E-5	0.07500594247682435	0.19361777989065843	1.188495364868077E-5	1.188495364868077E-5	2.495840266222962E-4	0.058248157832184455	2.495840266222962E-4	0.038756833848347993	6.061326360827193E-4	0.0033396719752792968	1.188495364868077E-5	0.03281435702400761	0.10614452103636796	1.188495364868077E-5	3.684335631091039E-4	1.188495364868077E-5	0.0028642738293320658	1.188495364868077E-5	1.3073449013548848E-4	1.188495364868077E-5	1.188495364868077E-5	1.188495364868077E-5	1.188495364868077E-5	1.188495364868077E-5	1.188495364868077E-5	1.188495364868077E-5	3.684335631091039E-4	1.188495364868077E-5	4.872830995959115E-4	1.188495364868077E-5	1.188495364868077E-5	1.188495364868077E-5	0.004052769194200142	1.188495364868077E-5	0.39209650582362726	1.188495364868077E-5	1.188495364868077E-5	1.188495364868077E-5	1.188495364868077E-5	1.188495364868077E-5	1.188495364868077E-5
288	file:/data/Documents/UNAM/titulacion/codigo/analisis3/tema3/textos_a_id/2016_0752009.txt	0.033861287095698564	0.007019006335445149	3.5011670556852286E-4	1.6672224074691564E-5	0.0033511170390130044	1.6672224074691564E-5	0.06637212404134712	1.6672224074691564E-5	1.6672224074691564E-5	0.10005001667222407	0.12755918639546515	1.8339446482160723E-4	0.006685561853951317	0.027692564188062686	1.6672224074691564E-5	0.011687229076358786	0.02935978659553184	1.6672224074691564E-5	0.029693231077025675	0.014688229409803267	0.039863287762587525	0.15440146715571856	3.5011670556852286E-4	0.007852617539179726	3.5011670556852286E-4	0.016188729576525507	1.6672224074691564E-5	1.6672224074691564E-5	0.007019006335445149	1.6672224074691564E-5	1.6672224074691564E-5	0.005018339446482161	1.6672224074691564E-5	1.6672224074691564E-5	1.6672224074691564E-5	1.6672224074691564E-5	0.026858952984328107	1.6672224074691564E-5	0.023524508169389797	1.6672224074691564E-5	1.6672224074691564E-5	0.002850950316772258	0.0055185061687229075	1.6672224074691564E-5	0.0010170056685561853	1.6672224074691564E-5	1.6672224074691564E-5	0.25026675558519507	1.6672224074691564E-5	1.6672224074691564E-5
289	file:/data/Documents/UNAM/titulacion/codigo/analisis3/tema3/textos_a_id/2007_0623397.txt	0.0711134903640257	2.1413276231263384E-5	2.1413276231263384E-5	2.1413276231263384E-5	2.1413276231263384E-5	2.3554603854389724E-4	0.1698286937901499	2.1413276231263384E-5	2.1413276231263384E-5	0.13385438972162741	0.07154175588865097	8.779443254817986E-4	0.00430406852248394	0.012012847965738758	0.00815845824411135	0.0013062098501070664	0.07946466809421843	2.1413276231263384E-5	0.0028051391862955032	0.02271948608137045	0.019293361884368306	0.04948608137044968	2.1413276231263384E-5	2.1413276231263384E-5	2.1413276231263384E-5	0.05483940042826553	8.779443254817986E-4	2.3554603854389724E-4	2.1413276231263384E-5	2.1413276231263384E-5	2.1413276231263384E-5	0.010085653104925053	2.1413276231263384E-5	0.004732334047109208	0.016295503211991434	0.0021627408993576016	0.21179871520342614	2.1413276231263384E-5	0.0021627408993576016	2.1413276231263384E-5	0.0023768736616702354	2.1413276231263384E-5	0.04670235546038544	2.1413276231263384E-5	2.1413276231263384E-5	2.3554603854389724E-4	2.1413276231263384E-5	2.1413276231263384E-5	2.1413276231263384E-5	2.1413276231263384E-5
290	file:/data/Documents/UNAM/titulacion/codigo/analisis3/tema3/textos_a_id/2016_0745000.txt	0.03719472660471147	0.0017505943375837475	2.161227577263886E-5	0.004776312945753188	4.538577912254161E-4	2.161227577263886E-5	0.044975145882861466	0.005424681218932354	2.161227577263886E-5	0.0577263885887184	0.2187378430948779	2.161227577263886E-5	0.017095310136157338	0.059455370650529506	2.161227577263886E-5	0.023362870110222606	0.04713637346012535	2.3773503349902746E-4	0.011259995677544845	2.161227577263886E-5	0.08085152366544197	0.09511562567538362	2.161227577263886E-5	0.16449103090555436	2.161227577263886E-5	0.03784309487789064	2.3773503349902746E-4	2.161227577263886E-5	2.161227577263886E-5	2.161227577263886E-5	0.004560190188026799	2.161227577263886E-5	2.161227577263886E-5	2.161227577263886E-5	2.161227577263886E-5	2.161227577263886E-5	0.019256537713421222	2.161227577263886E-5	2.161227577263886E-5	4.538577912254161E-4	0.0015344715798573589	0.01990490598660039	4.538577912254161E-4	0.040220445212880915	2.161227577263886E-5	0.0017505943375837475	8.861033066781931E-4	2.161227577263886E-5	2.3773503349902746E-4	0.002182839853036525
291	file:/data/Documents/UNAM/titulacion/codigo/analisis3/tema3/textos_a_id/2015_0727527.txt	0.08195459032576506	4.146100691016782E-4	2.1717670286278384E-4	2.1717670286278384E-4	1.974333662388944E-5	0.02588351431391905	0.08195459032576506	1.974333662388944E-5	1.974333662388944E-5	0.14552813425468905	0.07326752221125371	1.974333662388944E-5	1.974333662388944E-5	0.0023889437314906217	0.17158933859822312	0.0031786771964461996	0.209101678183613	0.001994076999012833	0.003770977295162883	0.016011846001974334	0.009693978282329714	0.0910365251727542	1.974333662388944E-5	1.974333662388944E-5	1.974333662388944E-5	0.019170779861796643	1.974333662388944E-5	1.974333662388944E-5	1.974333662388944E-5	1.974333662388944E-5	2.1717670286278384E-4	1.974333662388944E-5	2.1717670286278384E-4	1.974333662388944E-5	1.974333662388944E-5	1.974333662388944E-5	1.974333662388944E-5	1.974333662388944E-5	6.120434353405726E-4	1.974333662388944E-5	1.974333662388944E-5	1.974333662388944E-5	0.0015992102665350443	8.094768015794668E-4	0.00811451135241856	1.974333662388944E-5	1.974333662388944E-5	1.974333662388944E-5	0.02983218163869694	0.020750246791707797
292	file:/data/Documents/UNAM/titulacion/codigo/analisis3/tema3/textos_a_id/2008_0632916.txt	0.04876367094626723	2.615311459819306E-4	2.3775558725630054E-5	2.3775558725630054E-5	2.3775558725630054E-5	0.0012125534950071326	0.06778411792677129	2.3775558725630054E-5	2.3775558725630054E-5	0.05423204945316215	0.212339514978602	2.3775558725630054E-5	2.3775558725630054E-5	2.3775558725630054E-5	0.0718259629101284	2.3775558725630054E-5	7.370423204945317E-4	0.01904422253922967	2.3775558725630054E-5	2.3775558725630054E-5	0.015953399904897764	0.14671897289586305	4.992867332382311E-4	2.3775558725630054E-5	2.3775558725630054E-5	2.3775558725630054E-5	2.3775558725630054E-5	2.3775558725630054E-5	2.3775558725630054E-5	2.3775558725630054E-5	2.3775558725630054E-5	0.023086067522586778	2.3775558725630054E-5	2.3775558725630054E-5	2.3775558725630054E-5	2.3775558725630054E-5	7.370423204945317E-4	2.3775558725630054E-5	0.007156443176414646	2.3775558725630054E-5	2.3775558725630054E-5	0.040442225392296714	0.2159058487874465	2.3775558725630054E-5	2.3775558725630054E-5	2.615311459819306E-4	2.3775558725630054E-5	2.3775558725630054E-5	4.992867332382311E-4	0.0718259629101284
293	file:/data/Documents/UNAM/titulacion/codigo/analisis3/tema3/textos_a_id/2015_0727430.txt	0.02554668063375671	1.3094146916328402E-5	1.3094146916328402E-5	1.4403561607961241E-4	0.002370040591855441	1.3094146916328402E-5	0.01703548513814325	0.004203221160141417	1.3094146916328402E-5	0.09913578630352232	0.23230326044258215	0.004857928505957837	1.3094146916328402E-5	0.043223778970800056	0.02122561215136834	0.004072279690978133	0.006691109074243813	0.002239099122692157	0.05356815503469949	1.3094146916328402E-5	0.03143904674610449	0.14732224695561083	1.3094146916328402E-5	0.01572607044651041	1.3094146916328402E-5	0.002762864999345293	1.3094146916328402E-5	0.006298284666753961	1.3094146916328402E-5	1.3094146916328402E-5	1.3094146916328402E-5	6.678014927327485E-4	1.3094146916328402E-5	4.0591855440618043E-4	1.3094146916328402E-5	1.3094146916328402E-5	0.256658373706953	1.3094146916328402E-5	1.3094146916328402E-5	1.3094146916328402E-5	1.3094146916328402E-5	0.004072279690978133	2.7497708524289643E-4	1.3094146916328402E-5	1.3094146916328402E-5	1.3094146916328402E-5	1.3094146916328402E-5	0.017166426607306533	1.3094146916328402E-5	2.7497708524289643E-4
294	file:/data/Documents/UNAM/titulacion/codigo/analisis3/tema3/textos_a_id/2006_0610033.txt	0.045982100800753656	9.420631182289214E-6	9.420631182289214E-6	9.420631182289214E-6	9.420631182289214E-6	9.420631182289214E-6	0.08065002355157795	9.420631182289214E-6	9.420631182289214E-6	0.04937352802637777	0.24211964201601507	9.420631182289214E-6	9.420631182289214E-6	0.08112105511069242	9.420631182289214E-6	0.007263306641544983	0.005190767781441357	0.006509656146961846	0.011691003297220913	0.001987753179463024	0.0573810645313236	0.14263777673104097	3.862458784738577E-4	0.007545925577013659	1.0362694300518136E-4	0.018379651436646254	9.420631182289214E-6	0.001328308996702779	9.420631182289214E-6	1.0362694300518136E-4	0.01564766839378238	3.862458784738577E-4	9.420631182289214E-6	9.420631182289214E-6	0.1841827602449364	9.420631182289214E-6	0.007734338200659443	9.420631182289214E-6	9.420631182289214E-6	9.420631182289214E-6	0.003212435233160622	0.02827131417804993	9.420631182289214E-6	2.9203956665096564E-4	2.9203956665096564E-4	9.420631182289214E-6	9.420631182289214E-6	9.420631182289214E-6	9.420631182289214E-6	9.420631182289214E-6
295	file:/data/Documents/UNAM/titulacion/codigo/analisis3/tema3/textos_a_id/2012_0680729.txt	0.08803405075489881	3.37295213620302E-4	1.6061676839061998E-5	1.76678445229682E-4	1.6061676839061998E-5	1.76678445229682E-4	0.029248313523931896	1.6061676839061998E-5	1.6061676839061998E-5	0.09156761965949245	0.21122711211050432	1.6061676839061998E-5	1.6061676839061998E-5	1.6061676839061998E-5	0.058962415676196596	1.6061676839061998E-5	0.054786379698040476	1.6061676839061998E-5	0.01591712174751044	1.6061676839061998E-5	0.023305493093478957	0.09253132026983618	1.6061676839061998E-5	1.6061676839061998E-5	1.6061676839061998E-5	1.6061676839061998E-5	1.76678445229682E-4	6.585287504015418E-4	0.0011403790555734017	1.6061676839061998E-5	1.6061676839061998E-5	0.01061676839061998	1.6061676839061998E-5	1.6061676839061998E-5	0.3149855444908448	1.6061676839061998E-5	1.6061676839061998E-5	1.6061676839061998E-5	1.6061676839061998E-5	1.6061676839061998E-5	1.76678445229682E-4	0.004352714423385802	1.6061676839061998E-5	1.6061676839061998E-5	1.6061676839061998E-5	1.6061676839061998E-5	1.6061676839061998E-5	0.0011403790555734017	1.6061676839061998E-5	1.6061676839061998E-5
296	file:/data/Documents/UNAM/titulacion/codigo/analisis3/tema3/textos_a_id/2013_0688135.txt	0.021565952803164642	0.0013777110898922384	0.003696630746146501	1.3640703860319194E-5	1.3640703860319194E-5	0.0011048970126858546	0.05225753648888283	1.3640703860319194E-5	1.3640703860319194E-5	0.2759650797981176	0.06971763743009139	0.0016505251670986222	1.3640703860319194E-5	0.009016505251670985	0.14092211158095758	1.3640703860319194E-5	0.04161778747783386	0.002468967398717774	4.2286181966989496E-4	1.3640703860319194E-5	0.009698540444686946	0.1452871368162597	2.864547810667031E-4	1.3640703860319194E-5	1.3640703860319194E-5	0.010516982676306097	1.3640703860319194E-5	1.3640703860319194E-5	1.5004774246351113E-4	0.17652434865639066	8.320829354794707E-4	0.008880098213067794	1.3640703860319194E-5	1.3640703860319194E-5	5.592688582730869E-4	8.320829354794707E-4	0.0045150729777656525	1.3640703860319194E-5	1.3640703860319194E-5	1.3640703860319194E-5	1.3640703860319194E-5	1.3640703860319194E-5	1.3640703860319194E-5	1.3640703860319194E-5	8.320829354794707E-4	0.009562133406083754	1.3640703860319194E-5	1.3640703860319194E-5	1.3640703860319194E-5	0.00942572636748056
297	file:/data/Documents/UNAM/titulacion/codigo/analisis3/tema3/textos_a_id/2018_0783354.txt	0.03568224094539884	0.0027464711675237994	1.09421162052741E-5	0.004716052084473137	0.001652259546996389	1.09421162052741E-5	0.036667031403873514	0.0031841558157347633	1.09421162052741E-5	0.02900755006018164	0.32083378925484185	1.2036327825801511E-4	1.09421162052741E-5	0.09498851077798447	0.00285589232957654	1.09421162052741E-5	0.007561002297844403	1.09421162052741E-5	0.009311740890688258	0.21305394463289198	0.06916511653353759	0.07573038625670205	1.09421162052741E-5	1.09421162052741E-5	1.09421162052741E-5	0.0446547762337236	1.09421162052741E-5	1.09421162052741E-5	0.001105153736732684	0.018503118503118504	1.2036327825801511E-4	5.580479264689791E-4	1.09421162052741E-5	3.392056023634971E-4	0.0012145748987854252	4.486267644162381E-4	1.09421162052741E-5	1.09421162052741E-5	1.09421162052741E-5	1.09421162052741E-5	0.0019805230331546124	0.02266112266112266	1.09421162052741E-5	1.09421162052741E-5	2.297844403107561E-4	1.09421162052741E-5	1.09421162052741E-5	1.09421162052741E-5	6.674690885217201E-4	1.09421162052741E-5
298	file:/data/Documents/UNAM/titulacion/codigo/analisis3/tema3/textos_a_id/2008_0632795.txt	0.032427877466045404	1.0905125408942204E-4	0.004371963913948647	1.0905125408942204E-4	2.0818875780707842E-4	9.91375037176564E-6	0.037483890155645884	0.003876276395360365	9.91375037176564E-6	0.13453950629523148	0.0517596906909884	0.08001387925052048	9.91375037176564E-6	0.27323287399623275	0.05731139089917716	9.91375037176564E-6	0.0014969763061366114	9.91375037176564E-6	9.91375037176564E-6	0.010419351640725686	0.04303559036383464	0.11679389312977098	9.91375037176564E-6	9.91375037176564E-6	9.91375037176564E-6	0.031039952413998217	9.91375037176564E-6	9.91375037176564E-6	1.0905125408942204E-4	0.001596113809854268	9.91375037176564E-6	0.1169921681372063	9.91375037176564E-6	9.91375037176564E-6	9.91375037176564E-6	9.91375037176564E-6	7.038762763953604E-4	9.91375037176564E-6	9.91375037176564E-6	9.91375037176564E-6	9.91375037176564E-6	1.0905125408942204E-4	0.0018935263210072373	1.0905125408942204E-4	9.91375037176564E-6	9.91375037176564E-6	9.91375037176564E-6	9.91375037176564E-6	9.91375037176564E-6	9.91375037176564E-6
299	file:/data/Documents/UNAM/titulacion/codigo/analisis3/tema3/textos_a_id/2016_0751321.txt	0.06041450777202073	1.4803849000740193E-5	1.4803849000740193E-5	1.4803849000740193E-5	1.4803849000740193E-5	1.4803849000740193E-5	0.10201332346410066	1.4803849000740193E-5	1.4803849000740193E-5	0.04857142857142858	0.1995706883789785	1.4803849000740193E-5	1.4803849000740193E-5	0.10837897853441895	0.03939304219096965	0.002087342709104367	0.0065284974093264255	1.4803849000740193E-5	0.003123612139156181	1.4803849000740193E-5	0.009045151739452258	0.10201332346410066	1.4803849000740193E-5	1.4803849000740193E-5	4.58919319022946E-4	0.002235381199111769	1.4803849000740193E-5	1.4803849000740193E-5	1.4803849000740193E-5	1.4803849000740193E-5	0.0037157660991857886	0.011857883049592894	1.4803849000740193E-5	1.4803849000740193E-5	1.4803849000740193E-5	1.4803849000740193E-5	1.4803849000740193E-5	1.4803849000740193E-5	1.4803849000740193E-5	1.4803849000740193E-5	0.007416728349370837	0.027253886010362695	1.4803849000740193E-5	1.4803849000740193E-5	1.4803849000740193E-5	1.4803849000740193E-5	7.549962990377497E-4	1.4803849000740193E-5	1.4803849000740193E-5	0.26470762398223535
300	file:/data/Documents/UNAM/titulacion/codigo/analisis3/tema3/textos_a_id/2012_0700125.txt	0.1673115832068791	0.002035912999494183	1.2645422357106728E-5	1.2645422357106728E-5	1.2645422357106728E-5	1.2645422357106728E-5	0.11268335862417805	1.2645422357106728E-5	1.2645422357106728E-5	0.03997218007081437	0.03301719777440567	0.07183864441072332	1.2645422357106728E-5	0.04148963075366718	0.001024279210925645	0.03213201820940819	1.2645422357106728E-5	2.655538694992413E-4	1.2645422357106728E-5	0.004438543247344461	0.15327516439049063	0.017842690945877593	1.2645422357106728E-5	0.008737986848760747	1.2645422357106728E-5	0.004438543247344461	1.2645422357106728E-5	0.0019094587759231159	1.2645422357106728E-5	1.2645422357106728E-5	1.2645422357106728E-5	0.0742412746585736	0.03630500758725342	1.2645422357106728E-5	1.2645422357106728E-5	0.0016565503287809813	0.01139352554375316	1.2645422357106728E-5	1.2645422357106728E-5	0.0017830045523520486	0.005450177035913	0.0193601416287304	1.2645422357106728E-5	1.2645422357106728E-5	1.2645422357106728E-5	1.2645422357106728E-5	3.9200809307030857E-4	0.013037430450177035	1.2645422357106728E-5	0.14366464339908952
301	file:/data/Documents/UNAM/titulacion/codigo/analisis3/tema3/textos_a_id/2006_0604231.txt	0.040480792461947336	2.536844648465813E-4	1.2080212611741968E-5	1.2080212611741968E-5	1.2080212611741968E-5	0.04845373278569703	0.04144720947088669	1.2080212611741968E-5	1.2080212611741968E-5	0.021273254409277603	0.26239429813964726	1.2080212611741968E-5	1.2080212611741968E-5	1.2080212611741968E-5	0.02139405653539502	1.2080212611741968E-5	1.2080212611741968E-5	1.2080212611741968E-5	0.08070790045904808	2.536844648465813E-4	0.0015825078521381976	0.15041072722879922	1.2080212611741968E-5	0.0019449142304904569	1.2080212611741968E-5	1.2080212611741968E-5	1.2080212611741968E-5	1.2080212611741968E-5	1.2080212611741968E-5	1.2080212611741968E-5	1.2080212611741968E-5	3.74486590964001E-4	1.2080212611741968E-5	1.2080212611741968E-5	0.32690263348634935	1.2080212611741968E-5	1.2080212611741968E-5	1.2080212611741968E-5	1.2080212611741968E-5	2.536844648465813E-4	1.2080212611741968E-5	0.0013409035999033582	1.2080212611741968E-5	1.2080212611741968E-5	1.2080212611741968E-5	1.2080212611741968E-5	1.3288233872916166E-4	1.2080212611741968E-5	1.2080212611741968E-5	1.2080212611741968E-5
302	file:/data/Documents/UNAM/titulacion/codigo/analisis3/tema3/textos_a_id/2009_0643199.txt	0.08685417034032798	0.0012431669899488627	8.816787162757892E-6	1.8515253041791573E-4	8.816787162757892E-6	8.816787162757892E-6	0.04929465702697937	8.816787162757892E-6	8.816787162757892E-6	0.04673778874977958	0.21910597778169635	0.0010668312466937048	1.8515253041791573E-4	0.03651031564098043	0.02584200317404338	0.010059954152706753	0.010412625639217068	8.816787162757892E-6	0.001948509962969494	0.005651560571327808	0.07459883618409452	0.08253394463057662	8.816787162757892E-6	0.002653852935990125	8.816787162757892E-6	0.013057661788044437	8.816787162757892E-6	8.816787162757892E-6	7.141597601833891E-4	0.0027420208076177044	0.0016840063480867574	8.816787162757892E-6	0.0030946922941280197	8.816787162757892E-6	8.816787162757892E-6	8.816787162757892E-6	2.733204020454946E-4	1.8515253041791573E-4	9.698465879033681E-5	8.816787162757892E-6	8.816787162757892E-6	0.010677129254099806	8.816787162757892E-6	8.816787162757892E-6	8.816787162757892E-6	0.005122553341562335	8.816787162757892E-6	0.0015076706048315995	8.816787162757892E-6	0.3057749955916064
303	file:/data/Documents/UNAM/titulacion/codigo/analisis3/tema3/textos_a_id/2017_0767425.txt	0.10039020452099032	0.003646393972012917	1.3455328310010765E-5	0.002166307857911733	4.171151776103337E-4	0.0010898815931108718	0.19592303552206672	1.3455328310010765E-5	1.3455328310010765E-5	0.13739235737351993	0.0683665231431647	2.8256189451022606E-4	1.3455328310010765E-5	0.025040365984930032	0.028269644779332616	1.3455328310010765E-5	0.001358988159311087	0.0024354144241119486	0.0027045209903121636	1.3455328310010765E-5	0.009970398277717975	0.12245694294940797	1.4800861141011843E-4	1.3455328310010765E-5	0.18946447793326157	0.007413885898815932	1.3455328310010765E-5	1.3455328310010765E-5	1.3455328310010765E-5	1.3455328310010765E-5	0.019658234660925727	0.0648681377825619	1.3455328310010765E-5	1.3455328310010765E-5	1.3455328310010765E-5	1.3455328310010765E-5	1.3455328310010765E-5	1.3455328310010765E-5	1.3455328310010765E-5	1.3455328310010765E-5	1.3455328310010765E-5	0.015217976318622173	1.4800861141011843E-4	1.3455328310010765E-5	1.3455328310010765E-5	1.3455328310010765E-5	8.207750269106566E-4	1.3455328310010765E-5	1.3455328310010765E-5	1.3455328310010765E-5
304	file:/data/Documents/UNAM/titulacion/codigo/analisis3/tema3/textos_a_id/2011_0723240.txt	0.40073239998007076	0.005136764486074435	0.004489063823426834	4.9823127895969315E-6	0.0010512679986049525	0.0013502067659807682	0.18898410642220118	0.05062528025509441	4.9823127895969315E-6	0.02576353943500573	0.010816601066214937	0.004140301928155049	0.006830750834537392	0.01863883214588212	3.039210801654128E-4	0.009521199740919735	0.0031438393702356636	0.023920083702854866	0.0010512679986049525	0.002097553684420308	0.0071296896019132075	0.022624682377559664	4.9823127895969315E-6	4.9823127895969315E-6	4.9823127895969315E-6	0.02237556673807982	4.9823127895969315E-6	4.9823127895969315E-6	2.0427482437347414E-4	4.9823127895969315E-6	0.0018982611728364308	0.026909471376613026	4.9823127895969315E-6	0.0012505605101888297	4.9823127895969315E-6	4.9823127895969315E-6	0.005983757660305913	4.9823127895969315E-6	4.9823127895969315E-6	4.9823127895969315E-6	4.9823127895969315E-6	0.013756165612077128	5.4805440685566246E-5	0.02287379801703951	0.002247023068108216	0.0025459618354840316	0.09432016341985949	8.519754870210752E-4	0.0018484380449404615	0.014453689402620698
305	file:/data/Documents/UNAM/titulacion/codigo/analisis3/tema3/textos_a_id/2009_0646356.txt	0.13011929824561405	4.350877192982456E-4	0.0014175438596491228	1.4035087719298246E-5	1.4035087719298246E-5	0.04492631578947369	0.04254035087719298	0.002259649122807018	1.4035087719298246E-5	0.02429473684210526	0.19313684210526313	1.4035087719298246E-5	0.0018385964912280702	0.0011368421052631579	1.4035087719298246E-5	1.4035087719298246E-5	0.010540350877192982	1.4035087719298246E-5	0.05096140350877193	1.4035087719298246E-5	0.010680701754385964	0.14176842105263157	1.4035087719298246E-5	1.4035087719298246E-5	1.4035087719298246E-5	0.04618947368421053	1.4035087719298246E-5	1.4035087719298246E-5	0.2673824561403509	4.350877192982456E-4	0.011522807017543858	1.4035087719298246E-5	1.4035087719298246E-5	1.543859649122807E-4	4.350877192982456E-4	1.4035087719298246E-5	2.9473684210526316E-4	1.4035087719298246E-5	1.4035087719298246E-5	1.4035087719298246E-5	1.4035087719298246E-5	1.4035087719298246E-5	0.014329824561403508	1.4035087719298246E-5	1.4035087719298246E-5	1.4035087719298246E-5	0.002680701754385965	1.4035087719298246E-5	1.543859649122807E-4	1.4035087719298246E-5
306	file:/data/Documents/UNAM/titulacion/codigo/analisis3/tema3/textos_a_id/2013_0693987.txt	0.01604535974973931	7.950990615224192E-4	1.3034410844629824E-5	0.00666058394160584	5.344108446298227E-4	1.3034410844629824E-5	0.04967413972888426	1.3034410844629824E-5	1.3034410844629824E-5	0.0391162669447341	0.20165537017726798	0.001837851929092805	1.3034410844629824E-5	0.1495177267987487	0.007964025026068822	0.0020985401459854016	1.3034410844629824E-5	1.3034410844629824E-5	0.0026199165797705947	1.3034410844629824E-5	0.007964025026068822	0.11184827945776851	1.3034410844629824E-5	6.647549530761209E-4	1.3034410844629824E-5	0.03468456725755996	1.3034410844629824E-5	1.3034410844629824E-5	1.3034410844629824E-5	0.0037930135557872786	2.737226277372263E-4	0.008485401459854014	0.0024895724713242962	1.3034410844629824E-5	1.3034410844629824E-5	1.3034410844629824E-5	6.647549530761209E-4	1.3034410844629824E-5	1.3034410844629824E-5	1.3034410844629824E-5	5.344108446298227E-4	0.04576381647549531	1.3034410844629824E-5	1.3034410844629824E-5	1.3034410844629824E-5	1.3034410844629824E-5	0.0062695516162669445	0.2977189781021898	1.3034410844629824E-5	1.3034410844629824E-5
307	file:/data/Documents/UNAM/titulacion/codigo/analisis3/tema3/textos_a_id/2021_0809778.txt	0.02701301242539869	9.783778495254868E-6	9.783778495254868E-6	4.011349183054495E-4	9.783778495254868E-6	1.0762156344780356E-4	0.25859504940808137	0.003629781821739556	9.783778495254868E-6	0.043058409157616676	0.09090108599941298	0.07612758047157812	9.783778495254868E-6	0.009793562273750122	0.019381665199099892	9.783778495254868E-6	9.783778495254868E-6	9.783778495254868E-6	9.783778495254868E-6	9.783778495254868E-6	0.012630858037374033	0.1337540358086293	9.783778495254868E-6	0.0028470795421191666	9.783778495254868E-6	0.025349770081205363	9.783778495254868E-6	9.783778495254868E-6	9.783778495254868E-6	1.0762156344780356E-4	0.27757557968887586	9.783778495254868E-6	9.783778495254868E-6	9.783778495254868E-6	9.783778495254868E-6	9.783778495254868E-6	9.783778495254868E-6	9.783778495254868E-6	4.011349183054495E-4	9.783778495254868E-6	9.783778495254868E-6	0.0018687016925936798	9.783778495254868E-6	9.783778495254868E-6	9.783778495254868E-6	9.783778495254868E-6	0.016055180510713238	9.783778495254868E-6	1.0762156344780356E-4	9.783778495254868E-6
308	file:/data/Documents/UNAM/titulacion/codigo/analisis3/tema3/textos_a_id/2014_0708668.txt	0.0074487179487179485	1.2820512820512822E-5	1.2820512820512822E-5	1.2820512820512822E-5	1.2820512820512822E-5	1.2820512820512822E-5	0.07052564102564103	0.010269230769230768	1.2820512820512822E-5	0.10796153846153847	0.07591025641025641	1.2820512820512822E-5	1.2820512820512822E-5	0.045910256410256416	0.01808974358974359	2.692307692307692E-4	0.020653846153846155	0.0027051282051282054	0.0012948717948717949	1.4102564102564104E-4	0.012833333333333332	0.11514102564102564	1.2820512820512822E-5	1.2820512820512822E-5	0.0011666666666666665	0.013217948717948718	1.2820512820512822E-5	0.0010384615384615384	1.2820512820512822E-5	1.2820512820512822E-5	1.4102564102564104E-4	0.02732051282051282	0.4303974358974359	1.2820512820512822E-5	1.4102564102564104E-4	1.4102564102564104E-4	1.2820512820512822E-5	0.00732051282051282	1.2820512820512822E-5	0.0018076923076923077	1.2820512820512822E-5	0.027705128205128205	1.4102564102564104E-4	1.2820512820512822E-5	1.2820512820512822E-5	1.2820512820512822E-5	1.2820512820512822E-5	1.2820512820512822E-5	1.2820512820512822E-5	1.2820512820512822E-5
309	file:/data/Documents/UNAM/titulacion/codigo/analisis3/tema3/textos_a_id/2021_0820517.txt	9.900990099009901E-4	9.900990099009901E-4	9.900990099009901E-4	9.900990099009901E-4	9.900990099009901E-4	9.900990099009901E-4	9.900990099009901E-4	0.020792079207920793	0.010891089108910892	0.26831683168316833	0.1297029702970297	9.900990099009901E-4	9.900990099009901E-4	9.900990099009901E-4	9.900990099009901E-4	9.900990099009901E-4	0.060396039603960394	9.900990099009901E-4	0.010891089108910892	9.900990099009901E-4	9.900990099009901E-4	0.09999999999999999	9.900990099009901E-4	9.900990099009901E-4	9.900990099009901E-4	0.28811881188118815	9.900990099009901E-4	9.900990099009901E-4	9.900990099009901E-4	9.900990099009901E-4	9.900990099009901E-4	9.900990099009901E-4	9.900990099009901E-4	9.900990099009901E-4	9.900990099009901E-4	9.900990099009901E-4	9.900990099009901E-4	9.900990099009901E-4	9.900990099009901E-4	9.900990099009901E-4	9.900990099009901E-4	9.900990099009901E-4	9.900990099009901E-4	9.900990099009901E-4	0.020792079207920793	9.900990099009901E-4	9.900990099009901E-4	0.04059405940594059	9.900990099009901E-4	0.010891089108910892
310	file:/data/Documents/UNAM/titulacion/codigo/analisis3/tema3/textos_a_id/2015_0742504.txt	0.01270643747893495	0.004617458712504213	0.008212560386473429	0.01102123356926188	0.003156948657454219	0.0021458263116503765	0.05461184136613864	0.019334906190315693	1.1234692731153803E-5	0.10168520390967307	0.01686327378946186	0.0671946972250309	1.1234692731153803E-5	0.08539489944950006	0.005740927985619594	5.729693292888439E-4	1.1234692731153803E-5	2.3592854735422986E-4	1.1234692731153803E-5	0.0029322548028311427	0.0329288843950118	0.07348612515447703	1.1234692731153803E-5	0.003943377148634985	1.1234692731153803E-5	0.3588473205257836	1.1234692731153803E-5	0.003493989439388833	4.606224019773059E-4	0.01045949893270419	0.005740927985619594	0.005853274912931131	1.1234692731153803E-5	1.1234692731153803E-5	1.2358162004269185E-4	1.1234692731153803E-5	1.1234692731153803E-5	0.08236153241208853	0.0024828670935849906	0.0027075609482080667	1.1234692731153803E-5	1.1234692731153803E-5	1.1234692731153803E-5	1.1234692731153803E-5	0.0022581732389619145	1.1234692731153803E-5	0.015964498370969554	1.1234692731153803E-5	0.0022581732389619145	1.1234692731153803E-5
311	file:/data/Documents/UNAM/titulacion/codigo/analisis3/tema3/textos_a_id/2020_0800575.txt	0.014869198312236286	1.6877637130801688E-5	1.6877637130801688E-5	1.6877637130801688E-5	1.6877637130801688E-5	1.6877637130801688E-5	0.05858227848101266	1.6877637130801688E-5	1.6877637130801688E-5	0.15562869198312237	0.11360337552742616	0.006430379746835443	0.1527594936708861	0.005586497890295359	0.039848101265822784	0.10685232067510549	0.028540084388185654	1.6877637130801688E-5	1.6877637130801688E-5	0.005417721518987342	0.09368776371308017	0.1269367088607595	1.8565400843881857E-4	0.025670886075949365	1.6877637130801688E-5	0.028540084388185654	0.005924050632911393	1.6877637130801688E-5	1.6877637130801688E-5	1.6877637130801688E-5	1.6877637130801688E-5	0.0033924050632911395	1.6877637130801688E-5	1.6877637130801688E-5	1.6877637130801688E-5	1.6877637130801688E-5	0.008455696202531646	1.8565400843881857E-4	1.6877637130801688E-5	3.5443037974683546E-4	1.6877637130801688E-5	3.5443037974683546E-4	1.6877637130801688E-5	0.013350210970464134	1.6877637130801688E-5	1.6877637130801688E-5	1.6877637130801688E-5	1.6877637130801688E-5	1.6877637130801688E-5	0.004405063291139241
312	file:/data/Documents/UNAM/titulacion/codigo/analisis3/tema3/textos_a_id/2006_0606395.txt	0.021967507866178643	6.421370320426379E-6	0.40166313491299044	2.6327618313748153E-4	1.3484877672895396E-4	6.421370320426379E-6	0.020940088614910424	0.1186733448917999	6.421370320426379E-6	0.05779875425415784	0.009060553522121621	6.421370320426379E-6	6.421370320426379E-6	7.063507352469018E-5	6.421370320426379E-6	6.421370320426379E-6	6.421370320426379E-6	6.421370320426379E-6	6.421370320426379E-6	6.421370320426379E-6	7.063507352469018E-5	0.08059461889167148	7.063507352469018E-5	2.6327618313748153E-4	6.421370320426379E-6	0.006813073909972388	0.007390997238810762	6.421370320426379E-6	6.421370320426379E-6	6.421370320426379E-6	7.063507352469018E-5	6.421370320426379E-6	1.9906247993321775E-4	6.421370320426379E-6	6.421370320426379E-6	6.421370320426379E-6	6.421370320426379E-6	6.421370320426379E-6	6.421370320426379E-6	6.421370320426379E-6	6.421370320426379E-6	6.421370320426379E-6	6.421370320426379E-6	6.421370320426379E-6	6.421370320426379E-6	7.063507352469018E-5	0.26270468117896356	6.421370320426379E-6	0.010986964618249533	6.421370320426379E-6
313	file:/data/Documents/UNAM/titulacion/codigo/analisis3/tema3/textos_a_id/2022_0821801.txt	0.017339841366687002	1.2202562538133008E-5	0.005503355704697987	1.2202562538133008E-5	0.002818791946308725	1.2202562538133008E-5	0.02722391702257474	1.2202562538133008E-5	1.2202562538133008E-5	0.19696156192800487	0.08189139719341063	0.004039048200122026	0.0030628431970713852	1.2202562538133008E-5	0.14095179987797438	1.2202562538133008E-5	0.0286882245271507	1.2202562538133008E-5	0.04381940207443563	1.2202562538133008E-5	0.020512507626601586	0.11203172666259915	1.2202562538133008E-5	1.2202562538133008E-5	1.2202562538133008E-5	0.007699816961561928	1.2202562538133008E-5	1.2202562538133008E-5	1.2202562538133008E-5	0.003917022574740696	1.2202562538133008E-5	1.2202562538133008E-5	1.2202562538133008E-5	2.5625381330079315E-4	1.2202562538133008E-5	2.5625381330079315E-4	1.2202562538133008E-5	1.2202562538133008E-5	1.2202562538133008E-5	1.2202562538133008E-5	0.29653447223917023	1.342281879194631E-4	1.2202562538133008E-5	1.2202562538133008E-5	1.2202562538133008E-5	0.005747406955460647	1.2202562538133008E-5	1.2202562538133008E-5	1.2202562538133008E-5	2.5625381330079315E-4
314	file:/data/Documents/UNAM/titulacion/codigo/analisis3/tema3/textos_a_id/2020_0800073.txt	0.07252551625919773	1.186802753382388E-5	2.4922857821030146E-4	1.186802753382388E-5	1.186802753382388E-5	0.0014360313315926892	0.0785782103014479	1.186802753382388E-5	1.186802753382388E-5	0.11097792546878708	0.08059577498219796	1.305483028720627E-4	0.006895323997151674	4.8658912888677896E-4	0.10100878234037504	3.6790885354854024E-4	0.10836695941134583	1.186802753382388E-5	0.08130785663422739	0.0016733918822691668	1.186802753382388E-5	0.10480655115119868	0.023985283645858058	1.186802753382388E-5	1.186802753382388E-5	1.186802753382388E-5	1.186802753382388E-5	1.186802753382388E-5	1.186802753382388E-5	2.4922857821030146E-4	1.186802753382388E-5	0.0013173510562544506	1.186802753382388E-5	1.186802753382388E-5	1.186802753382388E-5	1.186802753382388E-5	0.22040113933064323	1.186802753382388E-5	0.001079990505577973	1.186802753382388E-5	1.186802753382388E-5	1.186802753382388E-5	6.052694042250178E-4	1.186802753382388E-5	1.186802753382388E-5	1.186802753382388E-5	1.186802753382388E-5	0.0019107524329456445	1.186802753382388E-5	7.239496795632566E-4
315	file:/data/Documents/UNAM/titulacion/codigo/analisis3/tema3/textos_a_id/2013_0723716.txt	0.07387950981232325	8.569714628502872E-6	8.569714628502872E-6	6.084497386237038E-4	8.569714628502872E-6	8.569714628502872E-6	0.0949610077984403	0.0033507584197446224	8.569714628502872E-6	0.07576484703059388	0.08099237295398064	0.0632530636729797	5.227525923386751E-4	0.02014739909161025	8.569714628502872E-6	8.569714628502872E-6	8.569714628502872E-6	8.569714628502872E-6	3.5135829976861766E-4	8.569714628502872E-6	0.0680521038649413	0.10807267118004969	8.569714628502872E-6	5.227525923386751E-4	8.569714628502872E-6	0.03025966235324364	8.569714628502872E-6	8.569714628502872E-6	8.569714628502872E-6	9.426686091353158E-5	0.37878995629445544	8.569714628502872E-6	8.569714628502872E-6	8.569714628502872E-6	8.569714628502872E-6	8.569714628502872E-6	8.569714628502872E-6	8.569714628502872E-6	8.569714628502872E-6	8.569714628502872E-6	8.569714628502872E-6	8.569714628502872E-6	8.569714628502872E-6	8.569714628502872E-6	8.569714628502872E-6	8.569714628502872E-6	8.569714628502872E-6	8.569714628502872E-6	9.426686091353158E-5	8.569714628502872E-6
316	file:/data/Documents/UNAM/titulacion/codigo/analisis3/tema3/textos_a_id/2011_0680884.txt	9.910802775024778E-6	0.003577799801783945	0.0032804757185332014	9.910802775024778E-6	9.910802775024778E-6	9.910802775024778E-6	0.034796828543111995	3.072348860257681E-4	9.910802775024778E-6	0.17087215064420216	0.05095143706640238	0.12082259663032704	0.14183349851337956	0.07513379583746284	0.006947472745292368	0.007839444995044598	0.008830525272547076	9.910802775024778E-6	4.063429137760158E-4	2.0812685827552034E-4	0.18335976214073338	0.09356788899900892	0.0059563924677898915	9.910802775024778E-6	9.910802775024778E-6	0.06670961347869178	1.0901883052527256E-4	9.910802775024778E-6	9.910802775024778E-6	9.910802775024778E-6	9.910802775024778E-6	6.045589692765113E-4	9.910802775024778E-6	9.910802775024778E-6	9.910802775024778E-6	9.910802775024778E-6	0.01844400396432111	9.910802775024778E-6	9.910802775024778E-6	7.036669970267591E-4	9.910802775024778E-6	9.910802775024778E-6	9.910802775024778E-6	9.910802775024778E-6	0.0013974231912784935	2.0812685827552034E-4	9.910802775024778E-6	0.0012983151635282458	9.910802775024778E-6	0.0015956392467789892
317	file:/data/Documents/UNAM/titulacion/codigo/analisis3/tema3/textos_a_id/2012_0686399.txt	0.050643153526970956	0.40022821576763484	0.02595435684647303	2.074688796680498E-5	2.2821576763485478E-4	0.003962655601659751	0.028236514522821575	2.074688796680498E-5	2.074688796680498E-5	0.17927385892116182	0.05022821576763485	0.007697095435684647	2.074688796680498E-5	0.01433609958506224	0.03840248962655601	2.074688796680498E-5	0.07657676348547718	2.074688796680498E-5	2.074688796680498E-5	6.431535269709543E-4	0.016825726141078835	0.062468879668049794	2.074688796680498E-5	2.074688796680498E-5	2.074688796680498E-5	0.014958506224066389	2.074688796680498E-5	2.074688796680498E-5	2.074688796680498E-5	2.074688796680498E-5	0.001058091286307054	0.02346473029045643	2.074688796680498E-5	2.074688796680498E-5	2.074688796680498E-5	0.0025103734439834023	8.50622406639004E-4	2.074688796680498E-5	2.074688796680498E-5	2.074688796680498E-5	2.074688796680498E-5	2.074688796680498E-5	2.074688796680498E-5	8.50622406639004E-4	2.074688796680498E-5	2.074688796680498E-5	2.074688796680498E-5	2.074688796680498E-5	2.074688796680498E-5	2.074688796680498E-5
318	file:/data/Documents/UNAM/titulacion/codigo/analisis3/tema3/textos_a_id/2010_0657628.txt	9.723363462065187E-4	1.3694878115584772E-5	1.3694878115584772E-5	1.3694878115584772E-5	1.3694878115584772E-5	1.506436592714325E-4	0.07355519035880581	1.3694878115584772E-5	1.3694878115584772E-5	0.10080799780881951	0.04027663653793481	1.3694878115584772E-5	1.3694878115584772E-5	0.06684470008216928	0.041372226787181596	1.3694878115584772E-5	2.875924404272802E-4	1.3694878115584772E-5	0.002204875376609148	0.0026157217200766915	0.005217748562037798	0.10080799780881951	1.3694878115584772E-5	8.35387565050671E-4	1.506436592714325E-4	0.02110380717611613	0.012476033963297726	1.3694878115584772E-5	0.0035743631881676257	1.3694878115584772E-5	6.984387838948233E-4	0.49220761435223226	0.0033004656258559303	1.3694878115584772E-5	1.3694878115584772E-5	1.3694878115584772E-5	1.506436592714325E-4	0.0026157217200766915	1.3694878115584772E-5	1.3694878115584772E-5	1.3694878115584772E-5	0.017269241303752396	1.3694878115584772E-5	1.3694878115584772E-5	1.3694878115584772E-5	1.3694878115584772E-5	1.3694878115584772E-5	0.0020679265954533003	1.3694878115584772E-5	0.0080936729663106
319	file:/data/Documents/UNAM/titulacion/codigo/analisis3/tema3/textos_a_id/2008_0627762.txt	0.05965947690217391	8.916440217391304E-5	4.245923913043478E-6	4.245923913043478E-6	4.245923913043478E-6	4.245923913043478E-6	0.09269276494565216	3.0146059782608695E-4	4.245923913043478E-6	0.11455927309782608	0.10292544157608695	0.03826002038043479	8.109714673913044E-4	0.020681895380434783	0.02365404211956522	0.04653957201086956	0.012105129076086957	0.1762100883152174	4.245923913043478E-6	0.0022970448369565217	0.18495669157608696	0.11281844429347826	4.245923913043478E-6	4.712975543478261E-4	4.245923913043478E-6	4.245923913043478E-6	4.245923913043478E-6	4.245923913043478E-6	4.245923913043478E-6	4.245923913043478E-6	4.245923913043478E-6	4.245923913043478E-6	4.670516304347826E-5	4.245923913043478E-6	4.245923913043478E-6	4.245923913043478E-6	0.002212126358695652	4.245923913043478E-6	4.245923913043478E-6	4.245923913043478E-6	4.245923913043478E-6	0.0034434442934782607	4.245923913043478E-6	4.245923913043478E-6	1.3162364130434783E-4	0.002042289402173913	3.0146059782608695E-4	0.002042289402173913	4.245923913043478E-6	6.411345108695652E-4
320	file:/data/Documents/UNAM/titulacion/codigo/analisis3/tema3/textos_a_id/2012_0702673.txt	0.013364947256363108	9.677731539727089E-6	1.0645504693699797E-4	9.677731539727089E-6	0.0028162198780605826	9.677731539727089E-6	0.09310945514371431	9.677731539727089E-6	9.677731539727089E-6	0.13888512532662342	0.0649472563631085	4.935643085260815E-4	2.0323236233426887E-4	0.004751766186006001	0.052075873415271465	8.806735701151649E-4	0.014816606987322171	9.677731539727089E-6	0.08710926158908353	5.903416239233523E-4	0.0024291106164714992	0.13840123874963708	2.0323236233426887E-4	0.005525984709184167	9.677731539727089E-6	0.001751669408690603	9.677731539727089E-6	9.677731539727089E-6	3.9678699312881057E-4	9.677731539727089E-6	4.935643085260815E-4	0.005525984709184167	9.677731539727089E-6	0.33553663021387786	9.677731539727089E-6	9.677731539727089E-6	0.01017129584825317	9.677731539727089E-6	0.0015581147778960614	9.677731539727089E-6	8.806735701151649E-4	0.00581631665537598	5.903416239233523E-4	9.677731539727089E-6	2.0323236233426887E-4	9.677731539727089E-6	9.677731539727089E-6	0.016171489402883963	9.677731539727089E-6	9.677731539727089E-6
321	file:/data/Documents/UNAM/titulacion/codigo/analisis3/tema3/textos_a_id/2015_0729293.txt	0.004702309745099844	9.202171712524156E-6	9.202171712524156E-6	0.0024017668169688047	1.0122388883776572E-4	9.294193429649397E-4	0.10380969908898499	9.202171712524156E-6	9.202171712524156E-6	0.1206496733229042	0.04997699457071869	9.202171712524156E-6	1.0122388883776572E-4	0.020714088524891875	0.0318487162970461	9.202171712524156E-6	0.007002852673230882	9.202171712524156E-6	0.006450722370479433	9.202171712524156E-6	1.9324560596300727E-4	0.1304039753381798	9.202171712524156E-6	4.693107573387319E-4	9.202171712524156E-6	9.202171712524156E-6	9.202171712524156E-6	9.202171712524156E-6	9.202171712524156E-6	9.202171712524156E-6	2.8526732308824883E-4	0.05954725315174381	0.4281862519554615	9.202171712524156E-6	9.202171712524156E-6	9.202171712524156E-6	9.202171712524156E-6	7.453759087144566E-4	2.8526732308824883E-4	0.004150179442348394	0.0031379405539707374	0.01749332842550842	9.202171712524156E-6	9.202171712524156E-6	9.202171712524156E-6	2.8526732308824883E-4	0.002953897119720254	0.002953897119720254	9.202171712524156E-6	9.202171712524156E-6
322	file:/data/Documents/UNAM/titulacion/codigo/analisis3/tema3/textos_a_id/2012_0680719.txt	0.02046791818436537	0.0025357242925189132	1.4009526478005044E-5	0.002255533762958812	1.4009526478005044E-5	1.4009526478005044E-5	0.007439058559820679	1.4009526478005044E-5	1.4009526478005044E-5	0.04064163631269264	0.15706080134491454	1.4009526478005044E-5	1.4009526478005044E-5	0.06179602129448025	0.012062202297562342	1.4009526478005044E-5	1.4009526478005044E-5	1.4009526478005044E-5	0.05759316335107874	1.4009526478005044E-5	0.025511347716447183	0.1628047072008966	1.4009526478005044E-5	1.4009526478005044E-5	0.004216867469879518	0.013042869151022695	1.4009526478005044E-5	1.4009526478005044E-5	1.4009526478005044E-5	1.4009526478005044E-5	1.4009526478005044E-5	0.0049173437937797704	0.4078313253012048	1.4009526478005044E-5	1.4009526478005044E-5	1.4009526478005044E-5	1.4009526478005044E-5	0.0011347716447184086	2.942000560381059E-4	1.4009526478005044E-5	1.5410479125805548E-4	0.015144298122723452	1.4009526478005044E-5	2.942000560381059E-4	1.4009526478005044E-5	9.94676379938358E-4	1.4009526478005044E-5	0.0014149621742785092	1.4009526478005044E-5	1.4009526478005044E-5
323	file:/data/Documents/UNAM/titulacion/codigo/analisis3/tema3/textos_a_id/2009_0725149.txt	0.011329436637234173	1.3679890560875513E-4	0.0013804253202338017	1.2436264146250467E-5	1.2436264146250467E-5	1.2436264146250467E-5	0.019039920407909465	0.08818554906106206	1.2436264146250467E-5	0.08171869170501182	1.2436264146250467E-5	6.342494714587737E-4	1.2436264146250467E-5	1.2436264146250467E-5	0.004738216639721428	1.2436264146250467E-5	1.3679890560875513E-4	1.2436264146250467E-5	0.004738216639721428	1.2436264146250467E-5	1.2436264146250467E-5	0.09117025245616217	1.2436264146250467E-5	1.2436264146250467E-5	1.2436264146250467E-5	0.029237657007834844	1.2436264146250467E-5	1.2436264146250467E-5	1.2436264146250467E-5	7.586121129212784E-4	1.2436264146250467E-5	1.2436264146250467E-5	3.855241885337645E-4	1.2436264146250467E-5	1.2436264146250467E-5	1.2436264146250467E-5	2.611615470712598E-4	3.855241885337645E-4	1.2436264146250467E-5	1.2436264146250467E-5	1.2436264146250467E-5	1.2436264146250467E-5	1.3679890560875513E-4	0.0015047879616963064	1.2436264146250467E-5	1.2436264146250467E-5	0.6554035567715458	1.2436264146250467E-5	0.008344733242134063	1.2436264146250467E-5
324	file:/data/Documents/UNAM/titulacion/codigo/analisis3/tema3/textos_a_id/2023_0837074.txt	0.05850209299694536	0.031123430252290987	0.0014820681072519515	1.1313497001923295E-5	1.1313497001923295E-5	8.032582871365538E-4	0.07852698269034959	1.1313497001923295E-5	1.1313497001923295E-5	0.10319040615454238	0.10952596447561942	2.3758343704038918E-4	0.002839687747482747	0.0018214730173096506	0.03429120941282951	0.0013689331372327186	0.0053286570879058715	0.0020477429573481165	0.31441339518045025	5.76988347098088E-4	0.008270166308405928	0.13203982350944676	0.002387147867405815	0.0015952030772711846	2.3758343704038918E-4	0.013248104989252177	1.1313497001923295E-5	0.0026134178074442814	1.1313497001923295E-5	0.0018214730173096506	1.1313497001923295E-5	0.08282611155108044	1.1313497001923295E-5	8.032582871365538E-4	6.90123317117321E-4	1.2444846702115624E-4	0.0020477429573481165	1.1313497001923295E-5	1.1313497001923295E-5	1.1313497001923295E-5	0.0047629822378097075	1.1313497001923295E-5	1.1313497001923295E-5	1.1313497001923295E-5	1.1313497001923295E-5	1.1313497001923295E-5	1.1313497001923295E-5	1.2444846702115624E-4	1.2444846702115624E-4	1.1313497001923295E-5
325	file:/data/Documents/UNAM/titulacion/codigo/analisis3/tema3/textos_a_id/2010_0656183.txt	0.02192635423006695	0.005493000608642727	1.5216068167985394E-5	0.009297017650639075	1.5216068167985394E-5	0.003819233110164334	0.013557516737674984	0.003210590383444918	1.5216068167985394E-5	0.13680766889835666	0.09070298234936093	0.16891357273280583	6.23858794887401E-4	1.5216068167985394E-5	0.013557516737674984	3.1953743152769324E-4	0.004884357881923311	1.5216068167985394E-5	0.06955264759586123	1.5216068167985394E-5	0.3265520389531345	0.06377054169202678	1.5216068167985394E-5	1.5216068167985394E-5	1.5216068167985394E-5	0.014318320146074254	1.5216068167985394E-5	1.5216068167985394E-5	4.716981132075472E-4	1.5216068167985394E-5	1.5216068167985394E-5	1.5216068167985394E-5	7.760194765672549E-4	1.5216068167985394E-5	1.5216068167985394E-5	0.003819233110164334	0.025273889227023737	1.5216068167985394E-5	1.5216068167985394E-5	1.5216068167985394E-5	0.009601339013998783	1.5216068167985394E-5	0.011579427875836884	1.5216068167985394E-5	1.5216068167985394E-5	1.5216068167985394E-5	1.5216068167985394E-5	1.5216068167985394E-5	1.5216068167985394E-5	7.760194765672549E-4
326	file:/data/Documents/UNAM/titulacion/codigo/analisis3/tema3/textos_a_id/2019_0790028.txt	0.036212752322973406	5.831464274271067E-4	6.408202499198975E-6	6.408202499198975E-6	6.408202499198975E-6	6.408202499198975E-6	0.06953540531880807	6.408202499198975E-6	6.408202499198975E-6	0.04954181352130727	0.1550849086831144	6.408202499198975E-6	6.408202499198975E-6	0.02493431592438321	0.06453700736943288	6.408202499198975E-6	6.408202499198975E-6	7.049022749118873E-5	6.408202499198975E-6	1.3457225248317847E-4	0.015962832425504645	0.11958346683755205	2.6273630246715794E-4	6.408202499198975E-6	1.3457225248317847E-4	6.408202499198975E-6	6.408202499198975E-6	0.3669400833066325	6.408202499198975E-6	6.408202499198975E-6	6.408202499198975E-6	0.026728612624158925	0.0034027555270746556	6.408202499198975E-6	7.049022749118873E-5	6.408202499198975E-6	3.268183274591477E-4	6.408202499198975E-6	6.408202499198975E-6	0.00468439602691445	6.408202499198975E-6	0.041916052547260496	6.408202499198975E-6	6.408202499198975E-6	6.408202499198975E-6	6.408202499198975E-6	6.408202499198975E-6	0.019038769625120154	6.408202499198975E-6	1.3457225248317847E-4
327	file:/data/Documents/UNAM/titulacion/codigo/analisis3/tema3/textos_a_id/2014_0723625.txt	1.6469038208168645E-5	1.6469038208168645E-5	1.6469038208168645E-5	1.8115942028985507E-4	1.6469038208168645E-5	1.6469038208168645E-5	1.6469038208168645E-5	0.11118247694334651	1.6469038208168645E-5	0.0372364953886693	0.006439393939393939	1.6469038208168645E-5	1.6469038208168645E-5	1.6469038208168645E-5	0.012532938076416337	1.6469038208168645E-5	1.6469038208168645E-5	1.6469038208168645E-5	1.6469038208168645E-5	1.6469038208168645E-5	8.399209486166007E-4	0.14972002635046114	1.6469038208168645E-5	1.6469038208168645E-5	1.6469038208168645E-5	0.08005599472990778	1.6469038208168645E-5	1.6469038208168645E-5	1.6469038208168645E-5	1.6469038208168645E-5	1.6469038208168645E-5	1.6469038208168645E-5	1.6469038208168645E-5	1.6469038208168645E-5	1.6469038208168645E-5	1.6469038208168645E-5	1.6469038208168645E-5	3.458498023715415E-4	1.6469038208168645E-5	1.6469038208168645E-5	1.6469038208168645E-5	1.6469038208168645E-5	1.6469038208168645E-5	1.6469038208168645E-5	1.6469038208168645E-5	1.6469038208168645E-5	0.6008069828722002	1.6469038208168645E-5	1.6469038208168645E-5	1.6469038208168645E-5
328	file:/data/Documents/UNAM/titulacion/codigo/analisis3/tema3/textos_a_id/2007_0615389.txt	0.05213921901528014	1.697792869269949E-5	0.0022241086587436332	1.697792869269949E-5	0.0017147707979626484	0.2514601018675721	0.06809847198641766	0.0017147707979626484	1.697792869269949E-5	0.13533106960950764	0.11937181663837013	1.697792869269949E-5	1.697792869269949E-5	0.013938879456706282	0.06079796264855688	0.010882852292020373	0.09713073005093378	0.011222410865874362	5.263157894736842E-4	0.014617996604414261	0.00867572156196944	0.13397283531409168	1.697792869269949E-5	1.697792869269949E-5	1.697792869269949E-5	0.005280135823429542	1.697792869269949E-5	1.697792869269949E-5	1.697792869269949E-5	1.697792869269949E-5	0.008166383701188456	1.697792869269949E-5	1.697792869269949E-5	1.697792869269949E-5	1.697792869269949E-5	1.697792869269949E-5	1.8675721561969442E-4	3.5653650254668934E-4	0.0010356536502546688	1.697792869269949E-5	1.697792869269949E-5	1.697792869269949E-5	5.263157894736842E-4	1.697792869269949E-5	1.697792869269949E-5	1.697792869269949E-5	1.8675721561969442E-4	1.697792869269949E-5	1.697792869269949E-5	1.697792869269949E-5
329	file:/data/Documents/UNAM/titulacion/codigo/analisis3/tema3/textos_a_id/2011_0676189.txt	0.05291635267520724	0.023978899773926147	0.009811605124340617	1.5071590052750567E-5	1.5071590052750567E-5	1.5071590052750567E-5	0.09134890730972117	0.012223059532780708	1.5071590052750567E-5	0.22533534287867368	0.020512434061793518	1.5071590052750567E-5	1.5071590052750567E-5	0.008605877920120573	0.09436322532027129	1.6578749058025622E-4	0.008756593820648079	0.002275810097965335	1.5071590052750567E-5	0.0031801055011303693	0.0074001507159005275	0.17107761868877167	1.5071590052750567E-5	1.5071590052750567E-5	1.5071590052750567E-5	0.02292388847023361	1.5071590052750567E-5	1.5071590052750567E-5	1.5071590052750567E-5	1.5071590052750567E-5	0.004687264506405426	0.23829691032403919	1.5071590052750567E-5	6.179351921627731E-4	1.6578749058025622E-4	4.6721929163526753E-4	3.165033911077619E-4	1.5071590052750567E-5	1.6578749058025622E-4	1.5071590052750567E-5	1.5071590052750567E-5	1.5071590052750567E-5	1.5071590052750567E-5	1.5071590052750567E-5	1.5071590052750567E-5	1.5071590052750567E-5	1.5071590052750567E-5	1.5071590052750567E-5	1.5071590052750567E-5	1.5071590052750567E-5
330	file:/data/Documents/UNAM/titulacion/codigo/analisis3/tema3/textos_a_id/2022_0824040.txt	0.04492245069829462	7.018036353428311E-6	7.018036353428311E-6	1.4737876342199452E-4	7.719839988771142E-5	0.0017615271247105062	0.12092778440592322	1.4737876342199452E-4	7.018036353428311E-6	0.07552108919924204	0.1205768825882518	7.018036353428311E-6	0.0067443329356446065	0.010112990385290196	0.12626149203452874	0.005130184574356095	0.07706505719699627	7.018036353428311E-6	2.1755912695627764E-4	0.0026036914871219036	0.010744613657098744	0.1745455821461155	7.018036353428311E-6	7.018036353428311E-6	7.719839988771142E-5	0.0027440522141904695	7.018036353428311E-6	7.018036353428311E-6	0.19019580321426063	0.010744613657098744	0.007235595480384588	7.018036353428311E-6	7.018036353428311E-6	7.018036353428311E-6	7.018036353428311E-6	2.1755912695627764E-4	7.018036353428311E-6	7.018036353428311E-6	7.719839988771142E-5	7.018036353428311E-6	7.018036353428311E-6	0.00660397220857604	7.018036353428311E-6	7.018036353428311E-6	7.018036353428311E-6	0.0024633307600533372	7.018036353428311E-6	0.0019720682153133553	7.018036353428311E-6	7.018036353428311E-6
331	file:/data/Documents/UNAM/titulacion/codigo/analisis3/tema3/textos_a_id/2021_0812002.txt	0.005434240079860244	6.239081607187422E-6	0.016352632892438233	5.053656101821812E-4	6.239081607187422E-6	6.925380583978039E-4	0.002938607436985276	0.024775393062141254	6.239081607187422E-6	0.12478787122535562	0.007555527826303967	0.008740953331669578	6.239081607187422E-6	0.005184676815572747	0.006245320688794609	6.239081607187422E-6	6.239081607187422E-6	6.239081607187422E-6	0.003500124781632144	6.239081607187422E-6	0.020470426753181933	0.162783878213127	1.3102071375093588E-4	6.239081607187422E-6	6.239081607187422E-6	0.10058023458946842	6.239081607187422E-6	6.239081607187422E-6	0.001316446219116546	6.239081607187422E-6	9.421013226853007E-4	6.239081607187422E-6	6.239081607187422E-6	6.239081607187422E-6	6.239081607187422E-6	6.239081607187422E-6	6.239081607187422E-6	6.239081607187422E-6	6.239081607187422E-6	1.9341152982281008E-4	6.239081607187422E-6	6.239081607187422E-6	6.239081607187422E-6	0.4850324432243574	6.239081607187422E-6	6.239081607187422E-6	0.021655852258547544	6.239081607187422E-6	6.239081607187422E-6	6.239081607187422E-6
332	file:/data/Documents/UNAM/titulacion/codigo/analisis3/tema3/textos_a_id/2019_0797166.txt	0.05609000825763832	7.569501789154969E-5	6.881365262868153E-6	6.881365262868153E-6	0.00640655105973025	0.0028970547756674925	0.07680291769887145	0.0013831544178364988	6.881365262868153E-6	0.0535439031103771	0.17403660886319844	6.881365262868153E-6	0.01087943848059455	0.009021469859620148	0.002965868428296174	0.28640930360583544	0.008470960638590696	0.0019336636388659512	0.09772226809799063	6.881365262868153E-6	0.0710225708780622	0.10639278832920451	6.881365262868153E-6	0.0014519680704651804	0.0015895953757225434	0.019205890448665018	6.881365262868153E-6	7.569501789154969E-5	7.569501789154969E-5	2.1332232314891274E-4	0.0022089182493806774	4.197632810349573E-4	6.881365262868153E-6	6.950178915496834E-4	6.881365262868153E-6	6.881365262868153E-6	0.004342141480869805	6.881365262868153E-6	6.881365262868153E-6	6.881365262868153E-6	6.881365262868153E-6	0.001039086154693091	0.00234654555463804	6.881365262868153E-6	6.881365262868153E-6	6.881365262868153E-6	6.881365262868153E-6	6.881365262868153E-6	1.4450867052023122E-4	6.881365262868153E-6
333	file:/data/Documents/UNAM/titulacion/codigo/analisis3/tema3/textos_a_id/2016_0742650.txt	0.0020477047704770476	2.2502250225022505E-5	4.7254725472547257E-4	2.2502250225022505E-5	0.005648064806480648	2.2502250225022505E-5	0.018474347434743472	0.011273627362736275	2.2502250225022505E-5	0.09880738073807381	0.2443969396939694	0.0011476147614761475	2.2502250225022505E-5	2.2502250225022505E-5	0.006323132313231323	2.2502250225022505E-5	2.2502250225022505E-5	2.2502250225022505E-5	0.0024977497749774976	2.2502250225022505E-5	0.023874887488748872	0.11050855085508551	0.004297929792979298	2.2502250225022505E-5	0.4388163816381638	0.004072907290729073	2.4752475247524753E-4	2.2502250225022505E-5	4.7254725472547257E-4	2.2502250225022505E-5	4.7254725472547257E-4	2.2502250225022505E-5	4.7254725472547257E-4	2.2502250225022505E-5	2.2502250225022505E-5	2.2502250225022505E-5	2.2502250225022505E-5	2.2502250225022505E-5	2.2502250225022505E-5	2.2502250225022505E-5	2.2502250225022505E-5	0.020274527452745272	2.2502250225022505E-5	0.0031728172817281726	4.7254725472547257E-4	2.2502250225022505E-5	0.0011476147614761475	2.2502250225022505E-5	2.2502250225022505E-5	2.2502250225022505E-5
334	file:/data/Documents/UNAM/titulacion/codigo/analisis3/tema3/textos_a_id/2016_0750717.txt	0.012732143944468123	4.932107410339159E-4	6.089021494245875E-6	6.089021494245875E-6	6.089021494245875E-6	6.089021494245875E-6	0.030329416062838704	3.7143031114899834E-4	6.089021494245875E-6	0.04512573829385618	0.16380076721670828	6.089021494245875E-6	6.089021494245875E-6	0.04884004140534616	0.028746270474334777	6.089021494245875E-6	6.089021494245875E-6	6.697923643670463E-5	0.0028070389088473485	6.089021494245875E-6	0.011514339645618949	0.1581379772270596	6.089021494245875E-6	6.089021494245875E-6	6.089021494245875E-6	0.003355050843329477	6.697923643670463E-5	6.089021494245875E-6	6.089021494245875E-6	9.80332460573586E-4	6.089021494245875E-6	0.025336418437557087	6.089021494245875E-6	6.089021494245875E-6	6.758813858612921E-4	6.089021494245875E-6	5.541009559763745E-4	5.541009559763745E-4	6.089021494245875E-6	0.004938196431833404	6.089021494245875E-6	0.45375997077269686	6.089021494245875E-6	6.089021494245875E-6	6.089021494245875E-6	6.089021494245875E-6	0.0012847835352858797	0.0014674541801132559	6.697923643670463E-5	0.003842172562869147
335	file:/data/Documents/UNAM/titulacion/codigo/analisis3/tema3/textos_a_id/2007_0615729.txt	0.004691330510363272	1.1143302874972142E-5	0.011265879206596835	1.1143302874972142E-5	1.1143302874972142E-5	1.1143302874972142E-5	0.03901270336527747	0.04112993091152218	1.1143302874972142E-5	0.1302763539112993	0.005025629596612436	1.2257633162469358E-4	1.1143302874972142E-5	1.1143302874972142E-5	0.02107198573657232	2.34009360374415E-4	1.2257633162469358E-4	1.1143302874972142E-5	1.1143302874972142E-5	1.1143302874972142E-5	0.0027969690216180076	0.10954981056385113	1.1143302874972142E-5	1.2257633162469358E-4	4.568754178738578E-4	0.011154446177847114	1.1143302874972142E-5	1.1143302874972142E-5	1.1143302874972142E-5	1.1143302874972142E-5	1.1143302874972142E-5	1.1143302874972142E-5	1.1143302874972142E-5	1.1143302874972142E-5	1.2257633162469358E-4	1.1143302874972142E-5	1.1143302874972142E-5	1.1143302874972142E-5	1.1143302874972142E-5	1.1143302874972142E-5	1.1143302874972142E-5	1.1143302874972142E-5	1.1143302874972142E-5	0.002574102964118565	0.002908402050367729	1.1143302874972142E-5	0.6170158234900825	1.1143302874972142E-5	1.1143302874972142E-5	1.1143302874972142E-5
336	file:/data/Documents/UNAM/titulacion/codigo/analisis3/tema3/textos_a_id/2015_0724768.txt	0.00758850478967097	0.0067555185339441895	8.329862557267805E-6	0.004089962515618492	0.051403581840899625	8.329862557267805E-6	0.018917117867555185	8.329862557267805E-6	8.329862557267805E-6	0.08880466472303206	0.1683548521449396	3.4152436484797996E-4	8.329862557267805E-6	0.01183673469387755	0.10196584756351519	8.329862557267805E-6	8.329862557267805E-6	1.749271137026239E-4	0.0768929612661391	8.329862557267805E-6	0.04673885880882966	0.10379841732611411	8.329862557267805E-6	1.749271137026239E-4	8.329862557267805E-6	0.011503540191586838	0.26223240316534774	0.0021740941274468973	8.329862557267805E-6	0.0010079133694294044	8.329862557267805E-6	0.005839233652644731	8.329862557267805E-6	9.162848812994586E-5	8.329862557267805E-6	0.002840483132028322	8.329862557267805E-6	1.749271137026239E-4	8.329862557267805E-6	8.329862557267805E-6	8.329862557267805E-6	0.00375676801332778	8.329862557267805E-6	8.329862557267805E-6	9.162848812994586E-5	8.329862557267805E-6	8.329862557267805E-6	0.022249062890462308	8.329862557267805E-6	8.329862557267805E-6
337	file:/data/Documents/UNAM/titulacion/codigo/analisis3/tema3/textos_a_id/2015_0736348.txt	0.1661149825783972	6.700616456714018E-6	6.700616456714018E-6	6.700616456714018E-6	6.700616456714018E-6	6.700616456714018E-6	0.14272983114446527	0.00623827392120075	6.700616456714018E-6	0.04423076923076923	0.13294693111766281	6.700616456714018E-6	0.27339185205038863	0.014547038327526131	6.700616456714018E-6	6.700616456714018E-6	1.4071294559099437E-4	6.700616456714018E-6	0.06326051996783705	6.700616456714018E-6	0.0328397212543554	0.07538863575448941	6.700616456714018E-6	6.700616456714018E-6	0.0035580273385151435	0.03129857946931118	6.700616456714018E-6	6.700616456714018E-6	6.700616456714018E-6	6.700616456714018E-6	6.700616456714018E-6	6.700616456714018E-6	1.4071294559099437E-4	6.700616456714018E-6	0.004764138300723666	2.747252747252747E-4	0.004630125971589386	6.700616456714018E-6	6.700616456714018E-6	6.700616456714018E-6	7.37067810238542E-5	0.0016148485660680784	1.4071294559099437E-4	6.700616456714018E-6	6.700616456714018E-6	6.700616456714018E-6	6.700616456714018E-6	2.0771911015813455E-4	0.0012798177432323775	6.700616456714018E-6
338	file:/data/Documents/UNAM/titulacion/codigo/analisis3/tema3/textos_a_id/2011_0675808.txt	0.09550943920044419	6.94058856191005E-6	0.004726540810660744	6.94058856191005E-6	9.092171016102165E-4	6.94058856191005E-6	0.06420738478622988	0.0029913936701832316	6.94058856191005E-6	0.07940727373681288	0.30921016102165466	9.78622987229317E-4	6.94058856191005E-6	0.008613270405330371	0.0403317601332593	0.005767629094947251	0.0014644641865630206	0.0022973348139922268	0.00979317046085508	0.004448917268184342	0.010764852859522486	0.10946002220988339	0.0014644641865630206	6.94058856191005E-6	6.94058856191005E-6	0.0028525818989450307	6.94058856191005E-6	6.94058856191005E-6	4.2337590227651303E-4	0.013749305941143809	0.007572182121043864	0.004240699611327041	6.94058856191005E-6	6.94058856191005E-6	1.4575235980011106E-4	0.21731676846196557	6.94058856191005E-6	2.8456413103831205E-4	6.94058856191005E-6	6.94058856191005E-6	3.5397001665741254E-4	4.2337590227651303E-4	6.94058856191005E-6	6.94058856191005E-6	7.634647418101056E-5	6.94058856191005E-6	6.94058856191005E-6	6.94058856191005E-6	6.94058856191005E-6	7.634647418101056E-5
339	file:/data/Documents/UNAM/titulacion/codigo/analisis3/tema3/textos_a_id/2010_0662860.txt	0.08836797464814988	0.005974461739211482	9.320533134495293E-6	2.889365271693541E-4	9.320533134495293E-6	0.23302264889551683	0.06954049771646939	0.011566781619908659	9.320533134495293E-6	0.0893000279615994	0.1578059465001398	9.320533134495293E-6	9.320533134495293E-6	0.005042408425761953	0.026572839966446084	0.0052288190884518596	0.0938670891975021	0.0035511231242427066	0.010448317643769222	9.320533134495293E-6	0.020234877434989283	0.12844626712647964	9.320533134495293E-6	9.320533134495293E-6	9.320533134495293E-6	0.02051449342902414	9.320533134495293E-6	4.753471898592599E-4	9.320533134495293E-6	9.320533134495293E-6	0.008863827010905023	0.0028986858048280365	9.320533134495293E-6	9.320533134495293E-6	9.320533134495293E-6	0.0015938111659986954	9.320533134495293E-6	9.320533134495293E-6	0.0028986858048280365	9.320533134495293E-6	9.320533134495293E-6	0.007652157703420635	0.0015938111659986954	1.0252586447944823E-4	0.002153043154068413	9.320533134495293E-6	9.320533134495293E-6	0.001780221828688601	9.320533134495293E-6	9.320533134495293E-6
340	file:/data/Documents/UNAM/titulacion/codigo/analisis3/tema3/textos_a_id/2016_0739951.txt	0.004561262707330123	1.337613697164259E-5	0.0271669341894061	0.006032637774210808	1.337613697164259E-5	0.0012172284644194756	0.07184323167469235	0.006701444622792938	1.337613697164259E-5	0.28010968432316746	0.029039593365436062	1.337613697164259E-5	0.00335741037988229	0.0016185125735687534	0.04040930979133227	1.337613697164259E-5	0.07224451578384163	1.337613697164259E-5	1.337613697164259E-5	1.337613697164259E-5	0.008039058319957196	0.08923220973782772	1.337613697164259E-5	2.808988764044944E-4	1.337613697164259E-5	0.008306581059390049	1.337613697164259E-5	1.337613697164259E-5	1.337613697164259E-5	1.337613697164259E-5	4.1466024612092027E-4	0.02582932049224184	0.29308453718566074	1.337613697164259E-5	1.337613697164259E-5	1.337613697164259E-5	0.03010968432316747	1.337613697164259E-5	1.337613697164259E-5	1.337613697164259E-5	1.337613697164259E-5	1.337613697164259E-5	1.337613697164259E-5	1.337613697164259E-5	1.337613697164259E-5	1.337613697164259E-5	1.337613697164259E-5	1.337613697164259E-5	1.337613697164259E-5	1.337613697164259E-5
341	file:/data/Documents/UNAM/titulacion/codigo/analisis3/tema3/textos_a_id/2018_0771902.txt	0.09863534046145189	1.4068655036578504E-5	1.4068655036578504E-5	0.003953292065278559	1.4068655036578504E-5	1.4068655036578504E-5	0.19289532920652785	0.0018429938097917838	1.4068655036578504E-5	0.04081316826111424	0.10974957794034891	1.4068655036578504E-5	1.4068655036578504E-5	0.03166854248733821	9.988745075970736E-4	1.4068655036578504E-5	0.027729319077096228	0.0018429938097917838	0.051083286437816545	0.2770258863252673	0.016193021947101857	0.06304164321890827	1.4068655036578504E-5	1.4068655036578504E-5	1.5475520540236354E-4	0.015348902644907146	1.4068655036578504E-5	2.954417557681486E-4	1.5475520540236354E-4	1.4068655036578504E-5	1.4068655036578504E-5	0.012394485087225661	1.4068655036578504E-5	1.4068655036578504E-5	0.024493528418683172	1.4068655036578504E-5	9.988745075970736E-4	1.4068655036578504E-5	1.4068655036578504E-5	1.5475520540236354E-4	9.988745075970736E-4	0.01042487338210467	0.0017023072594259988	1.4068655036578504E-5	1.5475520540236354E-4	0.009440067529544174	1.4068655036578504E-5	0.004656724817107485	1.4068655036578504E-5	8.581879572312886E-4
342	file:/data/Documents/UNAM/titulacion/codigo/analisis3/tema3/textos_a_id/2019_0796765.txt	0.08908240187158824	8.664760419374404E-6	1.819599688068625E-4	2.686075730006065E-4	9.531236461311845E-5	8.664760419374404E-6	0.01040637726366866	9.531236461311845E-5	8.664760419374404E-6	0.09419461051901915	0.031288449874360975	0.09220171562256303	8.664760419374404E-6	0.005120873407850273	0.023316870288536524	2.686075730006065E-4	0.029555497790486097	0.00312797851139416	9.531236461311845E-5	8.664760419374404E-6	0.11334373104583657	0.06716055801057101	1.819599688068625E-4	8.664760419374404E-6	8.664760419374404E-6	0.009713196430118707	8.664760419374404E-6	8.664760419374404E-6	3.5525517719435057E-4	8.664760419374404E-6	8.664760419374404E-6	0.0038211593449441125	8.664760419374404E-6	8.664760419374404E-6	8.664760419374404E-6	0.009106663200762498	0.026522831643705055	8.664760419374404E-6	4.4190278138809457E-4	8.664760419374404E-6	0.001135083614938047	0.002608092886231696	8.664760419374404E-6	8.664760419374404E-6	8.664760419374404E-6	0.38255783727579934	0.002608092886231696	8.664760419374404E-6	9.617884065505588E-4	8.664760419374404E-6
343	file:/data/Documents/UNAM/titulacion/codigo/analisis3/tema3/textos_a_id/2017_0757806.txt	0.07687376074025115	0.014150693985459352	0.0032452081956378057	2.709847984137475E-4	6.675479180436219E-4	0.004038334434897555	0.061407799074686055	6.609385327164574E-6	6.609385327164574E-6	0.15499669530733642	0.021421017845340385	0.0030469266358228685	0.0032452081956378057	0.0367547918043622	0.10773959021810971	6.609385327164574E-6	6.609385327164574E-6	0.0068803701255783205	3.3707865168539324E-4	0.004368803701255783	0.0013945803040317252	0.13411103767349636	6.609385327164574E-6	6.609385327164574E-6	6.609385327164574E-6	0.01586913417052214	6.609385327164574E-6	6.609385327164574E-6	5.353602115003304E-4	6.609385327164574E-6	6.609385327164574E-6	0.1928684732319894	7.270323859881032E-5	9.319233311302048E-4	6.609385327164574E-6	6.609385327164574E-6	0.0027164573694646397	6.609385327164574E-6	6.609385327164574E-6	6.609385327164574E-6	6.609385327164574E-6	0.0033773959021810972	7.997356245869134E-4	6.609385327164574E-6	0.14547918043621944	2.709847984137475E-4	6.609385327164574E-6	0.0017911434236615995	6.609385327164574E-6	2.048909451421018E-4
344	file:/data/Documents/UNAM/titulacion/codigo/analisis3/tema3/textos_a_id/2014_0722256.txt	0.06196814832422154	7.923302432453847E-6	0.0010379526186514538	2.4562237540606927E-4	1.6638935108153079E-4	8.715632675699232E-5	0.12067981934870453	0.001196418667300531	7.923302432453847E-6	0.06759369305126377	0.13597179304334045	0.0030980112510894543	7.923302432453847E-6	0.009674352270026146	0.02148007289438238	1.6638935108153079E-4	0.012130576024086839	7.923302432453847E-6	0.08502495840266222	1.6638935108153079E-4	0.03336502654306315	0.10705173916488392	7.923302432453847E-6	0.003256477299738531	7.923302432453847E-6	0.007059662467316377	7.923302432453847E-6	7.923302432453847E-6	7.923302432453847E-6	7.923302432453847E-6	7.923302432453847E-6	1.6638935108153079E-4	3.248553997306077E-4	7.923302432453847E-6	1.6638935108153079E-4	7.923302432453847E-6	0.31741541874653356	7.923302432453847E-6	8.715632675699232E-5	7.923302432453847E-6	7.923302432453847E-6	0.006584264321369146	7.923302432453847E-6	7.923302432453847E-6	0.0011171856429759925	7.923302432453847E-6	8.715632675699232E-5	2.4562237540606927E-4	7.923302432453847E-6	0.002226447983519531
345	file:/data/Documents/UNAM/titulacion/codigo/analisis3/tema3/textos_a_id/2017_0766916.txt	0.1483498935415188	1.77430801987225E-5	0.0030340667139815473	0.0035663591199432223	1.9517388218594749E-4	0.006582682753726047	0.11960610361958836	1.77430801987225E-5	1.77430801987225E-5	0.05360184528034067	0.1802874378992193	1.9517388218594749E-4	1.77430801987225E-5	0.0012597586941092973	0.06761887863733144	1.77430801987225E-5	0.053779276082327895	1.77430801987225E-5	0.013147622427253371	0.004276082327892122	0.0028566359119943227	0.11588005677785664	1.77430801987225E-5	1.77430801987225E-5	1.77430801987225E-5	0.009421575585521647	1.77430801987225E-5	1.77430801987225E-5	1.77430801987225E-5	1.77430801987225E-5	0.013325053229240595	1.77430801987225E-5	1.77430801987225E-5	0.13238112136266855	1.77430801987225E-5	1.9517388218594749E-4	0.008179559971611072	1.77430801987225E-5	1.77430801987225E-5	1.77430801987225E-5	1.77430801987225E-5	1.77430801987225E-5	0.05963449254790632	3.726046841731725E-4	1.77430801987225E-5	0.0016146202980837473	1.9517388218594749E-4	1.77430801987225E-5	1.77430801987225E-5	1.77430801987225E-5
346	file:/data/Documents/UNAM/titulacion/codigo/analisis3/tema3/textos_a_id/2023_0836668.txt	0.08065105653912051	1.142204454597373E-5	0.186076527698458	0.005950885208452313	1.2564249000571103E-4	1.142204454597373E-5	0.0812221587664192	0.1764820102798401	1.142204454597373E-5	0.06785836664762993	0.01657338663620788	0.004237578526556254	1.142204454597373E-5	0.004351798972015991	1.142204454597373E-5	1.142204454597373E-5	1.142204454597373E-5	5.825242718446601E-4	1.142204454597373E-5	1.142204454597373E-5	0.030394060536836097	0.045928041119360365	1.142204454597373E-5	1.142204454597373E-5	1.142204454597373E-5	0.06009137635636779	0.015202741290691033	4.683038263849229E-4	1.142204454597373E-5	1.142204454597373E-5	3.540833809251856E-4	0.001724728726442033	1.142204454597373E-5	1.142204454597373E-5	1.2564249000571103E-4	1.142204454597373E-5	1.142204454597373E-5	2.3986293546544832E-4	2.3986293546544832E-4	1.142204454597373E-5	6.967447173043974E-4	1.142204454597373E-5	6.967447173043974E-4	0.007892632781267846	1.142204454597373E-5	1.142204454597373E-5	0.1826499143346659	4.683038263849229E-4	0.028452312964020558	1.142204454597373E-5
347	file:/data/Documents/UNAM/titulacion/codigo/analisis3/tema3/textos_a_id/2009_0641841.txt	0.03147590361445783	1.673360107095047E-5	3.5140562248995986E-4	0.005036813922356091	0.024615127175368137	0.02863119143239625	0.0626004016064257	1.673360107095047E-5	1.673360107095047E-5	0.02829651941097724	0.09757362784471219	0.0025267737617135208	0.02930053547523427	0.06326974564926373	0.0038654618473895584	0.028798527443105754	1.673360107095047E-5	1.8406961178045518E-4	1.673360107095047E-5	0.01574631860776439	0.059923025435073635	0.07749330655957162	1.673360107095047E-5	0.023109103078982597	0.0025267737617135208	0.05908634538152611	1.673360107095047E-5	1.673360107095047E-5	1.8406961178045518E-4	1.673360107095047E-5	0.016248326639892903	1.673360107095047E-5	1.8406961178045518E-4	0.26173025435073627	0.009554886211512717	1.673360107095047E-5	0.006542838018741634	1.673360107095047E-5	1.673360107095047E-5	0.003028781793842035	0.0015227576974564925	0.012734270414993306	1.673360107095047E-5	1.673360107095047E-5	1.673360107095047E-5	1.8406961178045518E-4	1.673360107095047E-5	0.00570615796519411	0.0015227576974564925	0.03616131191432396
348	file:/data/Documents/UNAM/titulacion/codigo/analisis3/tema3/textos_a_id/2023_0835764.txt	0.04076457229371688	1.2616704516780217E-5	1.2616704516780217E-5	1.2616704516780217E-5	1.2616704516780217E-5	0.04530658591975776	0.04417108251324754	3.911178400201867E-4	1.2616704516780217E-5	0.10977794600050467	0.08139036083774918	0.0048069644208932625	1.2616704516780217E-5	1.2616704516780217E-5	0.041395407519555893	0.01161998485995458	0.013133989401968206	1.2616704516780217E-5	0.08908655059298512	1.2616704516780217E-5	1.2616704516780217E-5	0.17551097653292957	1.2616704516780217E-5	0.0066994700984102954	1.2616704516780217E-5	0.0128816553116326	1.2616704516780217E-5	1.2616704516780217E-5	1.2616704516780217E-5	1.387837496845824E-4	1.2616704516780217E-5	1.387837496845824E-4	1.2616704516780217E-5	0.0011481201110269997	1.2616704516780217E-5	1.2616704516780217E-5	0.27455210698965427	1.2616704516780217E-5	1.2616704516780217E-5	1.2616704516780217E-5	0.0069518041887459	1.2616704516780217E-5	0.039250567751703255	1.2616704516780217E-5	1.2616704516780217E-5	1.2616704516780217E-5	1.2616704516780217E-5	3.911178400201867E-4	1.387837496845824E-4	1.2616704516780217E-5
349	file:/data/Documents/UNAM/titulacion/codigo/analisis3/tema3/textos_a_id/2012_0723274.txt	1.0426441455531229E-5	1.0426441455531229E-5	0.005849233656553018	1.0426441455531229E-5	1.0426441455531229E-5	1.0426441455531229E-5	1.0426441455531229E-5	0.418214993222813	1.0426441455531229E-5	0.06121363778542384	0.02065478052340736	1.0426441455531229E-5	1.0426441455531229E-5	1.0426441455531229E-5	9.488061724533416E-4	1.0426441455531229E-5	1.0426441455531229E-5	1.0426441455531229E-5	1.0426441455531229E-5	1.0426441455531229E-5	0.01710979042852674	0.179136690647482	2.1895527056615578E-4	1.0426441455531229E-5	1.0426441455531229E-5	0.05037013867167136	1.0426441455531229E-5	1.0426441455531229E-5	1.0426441455531229E-5	1.0426441455531229E-5	1.0426441455531229E-5	1.0426441455531229E-5	1.0426441455531229E-5	1.0426441455531229E-5	1.0426441455531229E-5	1.0426441455531229E-5	1.0426441455531229E-5	1.0426441455531229E-5	1.0426441455531229E-5	1.0426441455531229E-5	1.0426441455531229E-5	1.0426441455531229E-5	1.0426441455531229E-5	1.0426441455531229E-5	1.0426441455531229E-5	1.0426441455531229E-5	0.24492753623188404	1.0426441455531229E-5	2.1895527056615578E-4	7.402773433427171E-4
350	file:/data/Documents/UNAM/titulacion/codigo/analisis3/tema3/textos_a_id/2016_0741744.txt	0.07767687251340599	0.012030790520671164	0.001911434007957101	8.649022660439371E-6	0.0026898460473966444	8.649022660439371E-6	0.07170904687770283	3.5460992907801415E-4	8.649022660439371E-6	0.06703857464106557	0.08693132676007612	0.006668396471198754	0.0032087874070230067	0.0720550077841204	0.091082857637087	0.006581906244594361	0.038150838955198066	8.649022660439371E-6	8.735512887043763E-4	8.649022660439371E-6	0.02777201176267082	0.12040304445597647	0.027339560629648853	0.005284552845528455	8.649022660439371E-6	0.01004151530877011	0.001306002421726345	8.649022660439371E-6	0.002084414461165888	0.026561148590209308	0.04065905552672548	3.5460992907801415E-4	8.649022660439371E-6	8.649022660439371E-6	0.001306002421726345	0.0068413769244075415	0.0019979242345614947	1.8162947586922677E-4	0.0030358069538142193	2.681197024736205E-4	8.649022660439371E-6	0.01004151530877011	0.010906417574814045	8.649022660439371E-6	9.513924926483308E-5	1.8162947586922677E-4	0.0037277287666493686	0.16044801937381076	8.649022660439371E-6	9.513924926483308E-5
351	file:/data/Documents/UNAM/titulacion/codigo/analisis3/tema3/textos_a_id/2018_0778044.txt	0.05118554136959045	0.004648206488697286	5.526999392030067E-6	7.793069142762394E-4	0.32267175150610733	1.1606698723263142E-4	0.018244624993091253	0.0033217266346100703	5.526999392030067E-6	0.06898247941192726	0.21517161333112253	5.526999392030067E-6	0.0017188968109213508	0.029353893771071688	0.020068534792461176	0.0023268667440446583	0.008903996020560438	0.0031559166528491683	0.0032664566406897695	0.0024926767258055603	0.021173934670867187	0.1304427126513016	1.1606698723263142E-4	0.0011109268777980436	8.345769081965401E-4	0.03206212347316642	5.526999392030067E-6	5.526999392030067E-6	3.9241695683413474E-4	6.079699331233074E-5	0.022555684518874703	0.0066931962637484105	5.526999392030067E-6	5.526999392030067E-6	1.7133698115293208E-4	0.002050516774443155	5.526999392030067E-6	5.526999392030067E-6	0.005698336373182998	5.526999392030067E-6	6.079699331233074E-5	0.01802354501741005	5.526999392030067E-6	6.079699331233074E-5	6.079699331233074E-5	5.526999392030067E-6	0.0018847067926822528	5.526999392030067E-6	5.526999392030067E-6	6.079699331233074E-5
352	file:/data/Documents/UNAM/titulacion/codigo/analisis3/tema3/textos_a_id/2010_0657762.txt	0.06312482415830442	9.37822376441902E-6	1.0316046140860922E-4	0.004698490105973929	9.37822376441902E-6	9.37822376441902E-6	0.05534089843383663	9.37822376441902E-6	9.37822376441902E-6	0.027768920566444717	0.28623276751383286	9.37822376441902E-6	9.37822376441902E-6	0.042867860827159335	0.006949263809434492	9.37822376441902E-6	9.37822376441902E-6	0.0017912407390040328	0.004886054581262309	0.0022601519272249836	0.07269061239801182	0.08957141517396605	9.37822376441902E-6	7.596361249179405E-4	9.37822376441902E-6	9.37822376441902E-6	0.0011347650754947012	7.596361249179405E-4	9.472006002063209E-4	9.472006002063209E-4	0.0015098940260714622	0.2830441714339304	9.37822376441902E-6	9.37822376441902E-6	9.37822376441902E-6	9.37822376441902E-6	9.37822376441902E-6	9.37822376441902E-6	9.37822376441902E-6	0.0032917565413110757	0.00516740129419488	0.018578261277314077	9.37822376441902E-6	9.37822376441902E-6	5.720716496295602E-4	0.02467410672418644	1.0316046140860922E-4	9.37822376441902E-6	9.37822376441902E-6	9.37822376441902E-6
353	file:/data/Documents/UNAM/titulacion/codigo/analisis3/tema3/textos_a_id/2010_0654181.txt	0.0038031319910514544	1.7208742040956806E-5	1.7208742040956806E-5	1.7208742040956806E-5	0.05181552228532095	1.7208742040956806E-5	0.008277404921700223	3.6138358286009293E-4	1.7208742040956806E-5	0.21908449492342108	0.10550679745310618	0.007416967819652383	1.7208742040956806E-5	0.02703493374634314	0.02789537084839098	1.7208742040956806E-5	0.021356048872827396	1.7208742040956806E-5	1.7208742040956806E-5	1.7208742040956806E-5	0.004491481672689726	0.19189468249870933	0.0666150404405438	1.8929616245052489E-4	0.030820856995353637	0.02806745826880055	1.7208742040956806E-5	1.7208742040956806E-5	1.7208742040956806E-5	1.7208742040956806E-5	0.0019101703665462054	0.018602650146274307	1.7208742040956806E-5	1.8929616245052489E-4	1.7208742040956806E-5	1.7208742040956806E-5	0.0017380829461366373	1.7208742040956806E-5	1.7208742040956806E-5	0.1738255033557047	1.7208742040956806E-5	0.00776114266047152	1.7208742040956806E-5	1.7208742040956806E-5	1.7208742040956806E-5	1.7208742040956806E-5	1.7208742040956806E-5	1.7208742040956806E-5	1.7208742040956806E-5	8.77645844088797E-4
354	file:/data/Documents/UNAM/titulacion/codigo/analisis3/tema3/textos_a_id/2018_0772044.txt	0.034345964288599824	8.079502302658157E-6	8.079502302658157E-6	8.887452532923972E-5	8.887452532923972E-5	0.0014623899167811264	0.07547063100912985	8.079502302658157E-6	8.079502302658157E-6	0.09833562252565241	0.10431445422961945	0.0013815948937545449	0.0559182354366971	0.01043063747273168	0.07918720206835259	0.11594893754544719	0.002835905308233013	8.079502302658157E-6	0.025620101801729016	8.079502302658157E-6	0.009622687242465863	0.1829280116344833	8.079502302658157E-6	0.0042094206996849	0.0023511351700735237	0.0038054455845519916	8.079502302658157E-6	0.17234386361800114	8.079502302658157E-6	8.079502302658157E-6	0.0019471600549406157	0.0029167003312595943	8.887452532923972E-5	8.079502302658157E-6	0.006552476367455764	8.079502302658157E-6	8.887452532923972E-5	8.079502302658157E-6	8.079502302658157E-6	8.079502302658157E-6	8.079502302658157E-6	0.004936575906924133	8.079502302658157E-6	8.079502302658157E-6	8.079502302658157E-6	8.887452532923972E-5	0.0021895451240203606	8.079502302658157E-6	8.079502302658157E-6	3.3125959440898436E-4
355	file:/data/Documents/UNAM/titulacion/codigo/analisis3/tema3/textos_a_id/2013_0704982.txt	0.0705654841291011	1.3336889837289945E-5	1.3336889837289945E-5	0.003347559349159776	1.3336889837289945E-5	1.3336889837289945E-5	0.03869031741797813	0.007615364097092558	1.3336889837289945E-5	0.037890104027740734	0.18712990130701518	6.801813817017871E-4	1.3336889837289945E-5	1.3336889837289945E-5	0.043358228861029614	1.3336889837289945E-5	0.025353427580688183	1.3336889837289945E-5	0.33917044545212055	0.006415044011736463	0.016951186983195518	0.17379301146972526	1.3336889837289945E-5	0.024686583088823686	1.3336889837289945E-5	0.018551613763670313	1.467057882101894E-4	1.3336889837289945E-5	9.46919178447586E-4	8.135502800746865E-4	1.3336889837289945E-5	1.467057882101894E-4	1.3336889837289945E-5	1.3336889837289945E-5	1.3336889837289945E-5	1.3336889837289945E-5	0.0013470258735662844	4.1344358495598826E-4	1.467057882101894E-4	1.3336889837289945E-5	1.3336889837289945E-5	1.3336889837289945E-5	1.3336889837289945E-5	1.467057882101894E-4	1.3336889837289945E-5	2.8007468658308883E-4	9.46919178447586E-4	1.3336889837289945E-5	1.467057882101894E-4	1.3336889837289945E-5
356	file:/data/Documents/UNAM/titulacion/codigo/analisis3/tema3/textos_a_id/2008_0719090.txt	0.02147910496873972	8.226390259953933E-6	0.05652352747614347	0.002311615663047055	8.226390259953933E-6	8.226390259953933E-6	0.006424810793024021	0.1480009871668312	8.226390259953933E-6	0.06030766699572228	0.011854228364593615	6.663376110562684E-4	8.226390259953933E-6	8.226390259953933E-6	0.003956893715037842	8.226390259953933E-6	5.840737084567292E-4	8.226390259953933E-6	8.226390259953933E-6	8.226390259953933E-6	0.023042119118130967	0.06655972359328727	8.226390259953933E-6	8.226390259953933E-6	9.049029285949326E-5	0.04434846989141165	8.226390259953933E-6	8.226390259953933E-6	8.226390259953933E-6	8.226390259953933E-6	8.226390259953933E-6	8.226390259953933E-6	8.226390259953933E-6	0.0010776571240539651	8.226390259953933E-6	8.226390259953933E-6	8.226390259953933E-6	8.226390259953933E-6	8.226390259953933E-6	1.727541954590326E-4	9.049029285949326E-5	8.226390259953933E-6	8.226390259953933E-6	8.226390259953933E-6	8.226390259953933E-6	8.226390259953933E-6	0.5522458045409675	8.226390259953933E-6	8.226390259953933E-6	8.226390259953933E-6
357	file:/data/Documents/UNAM/titulacion/codigo/analisis3/tema3/textos_a_id/2023_0846594.txt	0.027228426395939084	2.233502538071066E-4	2.0304568527918785E-5	2.0304568527918785E-5	4.2639593908629444E-4	0.005096446700507615	0.03819289340101523	0.019106598984771572	2.0304568527918785E-5	0.07859898477157361	0.12672081218274112	2.0304568527918785E-5	0.0026598984771573604	0.004690355329949239	0.051593908629441625	2.0304568527918785E-5	0.012812182741116751	2.0304568527918785E-5	0.08225380710659899	2.0304568527918785E-5	0.0071269035532994926	0.23595939086294415	2.0304568527918785E-5	0.2097664974619289	2.0304568527918785E-5	0.036365482233502534	4.2639593908629444E-4	2.0304568527918785E-5	2.0304568527918785E-5	2.0304568527918785E-5	0.050578680203045685	2.0304568527918785E-5	2.0304568527918785E-5	2.0304568527918785E-5	2.0304568527918785E-5	2.0304568527918785E-5	2.0304568527918785E-5	2.0304568527918785E-5	2.0304568527918785E-5	2.0304568527918785E-5	0.006720812182741117	2.0304568527918785E-5	2.0304568527918785E-5	2.233502538071066E-4	2.0304568527918785E-5	2.0304568527918785E-5	0.0026598984771573604	2.0304568527918785E-5	2.0304568527918785E-5	2.0304568527918785E-5
358	file:/data/Documents/UNAM/titulacion/codigo/analisis3/tema3/textos_a_id/2010_0660010.txt	0.021503404924044	2.6191723415400734E-5	2.6191723415400734E-5	2.6191723415400734E-5	2.6191723415400734E-5	0.060529072812991094	0.07598218962807754	2.6191723415400734E-5	2.6191723415400734E-5	0.0820062860136197	0.2182032477737035	2.6191723415400734E-5	2.6191723415400734E-5	0.02647983237297014	0.029622839182818227	2.6191723415400734E-5	0.05031430068098481	2.6191723415400734E-5	0.017050811943425875	0.2284180199057098	0.015217391304347827	0.15717653221581981	2.6191723415400734E-5	0.010502881089575694	2.6191723415400734E-5	2.6191723415400734E-5	2.6191723415400734E-5	2.6191723415400734E-5	2.6191723415400734E-5	2.6191723415400734E-5	2.6191723415400734E-5	2.6191723415400734E-5	2.6191723415400734E-5	2.6191723415400734E-5	2.6191723415400734E-5	2.6191723415400734E-5	2.8810895756940807E-4	2.6191723415400734E-5	2.8810895756940807E-4	2.8810895756940807E-4	2.6191723415400734E-5	0.00500261917234154	2.6191723415400734E-5	2.6191723415400734E-5	2.8810895756940807E-4	2.6191723415400734E-5	2.6191723415400734E-5	2.6191723415400734E-5	2.6191723415400734E-5	2.6191723415400734E-5
359	file:/data/Documents/UNAM/titulacion/codigo/analisis3/tema3/textos_a_id/2017_0766419.txt	0.04569434372733865	9.064539521392314E-6	2.810007251631617E-4	9.064539521392314E-6	9.064539521392314E-6	9.064539521392314E-6	0.061466642494561276	9.064539521392314E-6	9.064539521392314E-6	0.08639412617839014	0.10252900652646844	9.064539521392314E-6	9.064539521392314E-6	0.003906816533720087	0.11739485134155184	9.064539521392314E-6	0.007895213923132704	0.005538433647570703	0.028290427846265412	9.064539521392314E-6	0.010523930384336475	0.13588651196519216	9.064539521392314E-6	0.0017313270485859319	9.064539521392314E-6	9.155184916606236E-4	9.064539521392314E-6	9.064539521392314E-6	9.064539521392314E-6	9.064539521392314E-6	4.6229151559100797E-4	0.031281725888324875	9.970993473531545E-5	9.064539521392314E-6	9.064539521392314E-6	9.064539521392314E-6	9.970993473531545E-5	9.064539521392314E-6	9.064539521392314E-6	9.064539521392314E-6	0.3558828861493836	6.435823060188542E-4	9.064539521392314E-6	9.064539521392314E-6	0.0014593908629441626	9.064539521392314E-6	0.0013687454677302393	9.064539521392314E-6	9.064539521392314E-6	9.064539521392314E-6
360	file:/data/Documents/UNAM/titulacion/codigo/analisis3/tema3/textos_a_id/2022_0823199.txt	0.011460461044645463	7.295010213014299E-6	0.34987598482637877	7.295010213014299E-6	7.295010213014299E-6	7.295010213014299E-6	0.03670119638167493	0.07106069448497228	7.295010213014299E-6	0.04990516486723082	0.0029982491975488767	1.5319521447330027E-4	7.295010213014299E-6	7.295010213014299E-6	0.002852348993288591	7.295010213014299E-6	7.295010213014299E-6	7.295010213014299E-6	7.295010213014299E-6	7.295010213014299E-6	7.295010213014299E-6	0.05851327691858769	7.295010213014299E-6	7.295010213014299E-6	7.295010213014299E-6	0.02889553545374964	7.295010213014299E-6	7.295010213014299E-6	1.5319521447330027E-4	7.295010213014299E-6	7.295010213014299E-6	7.295010213014299E-6	7.295010213014299E-6	8.024511234315728E-5	7.295010213014299E-6	7.295010213014299E-6	7.295010213014299E-6	7.295010213014299E-6	7.295010213014299E-6	7.295010213014299E-6	8.024511234315728E-5	7.295010213014299E-6	7.295010213014299E-6	7.295010213014299E-6	7.295010213014299E-6	7.295010213014299E-6	0.3870075868106216	7.295010213014299E-6	7.295010213014299E-6	7.295010213014299E-6
361	file:/data/Documents/UNAM/titulacion/codigo/analisis3/tema3/textos_a_id/2017_0754893.txt	0.059048101265822786	3.139240506329114E-4	2.1265822784810126E-4	1.0126582278481014E-5	1.0126582278481014E-5	0.02947848101265823	0.0034531645569620254	1.0126582278481014E-5	1.0126582278481014E-5	0.11545316455696202	0.08679493670886076	0.0016303797468354433	1.0126582278481014E-5	1.1139240506329114E-4	0.06978227848101266	1.0126582278481014E-5	1.0126582278481014E-5	1.0126582278481014E-5	0.14157974683544303	1.0126582278481014E-5	0.014997468354430379	0.19079493670886075	1.0126582278481014E-5	1.0126582278481014E-5	1.0126582278481014E-5	0.014997468354430379	1.0126582278481014E-5	1.0126582278481014E-5	0.1731746835443038	2.1265822784810126E-4	1.0126582278481014E-5	0.08011139240506329	1.0126582278481014E-5	1.0126582278481014E-5	1.0126582278481014E-5	4.151898734177215E-4	0.0152	1.0126582278481014E-5	1.1139240506329114E-4	1.0126582278481014E-5	1.0126582278481014E-5	7.189873417721518E-4	8.20253164556962E-4	1.0126582278481014E-5	1.0126582278481014E-5	3.139240506329114E-4	1.0126582278481014E-5	1.0126582278481014E-5	1.0126582278481014E-5	1.0126582278481014E-5
362	file:/data/Documents/UNAM/titulacion/codigo/analisis3/tema3/textos_a_id/2006_0605326.txt	0.06328759824164114	6.793659251365392E-4	2.797389103503397E-4	6.793659251365392E-4	0.0037431730384974026	0.008805115225789263	0.08473424803516719	1.3320900492873318E-5	1.3320900492873318E-5	0.07687491674437193	0.2631011056347409	2.797389103503397E-4	0.017996536565871853	0.01706407353137072	0.01666444651658452	0.001212201944851472	0.03371519914746237	0.0032103370187824697	0.02372452377780738	2.797389103503397E-4	0.051964832822698814	0.11124284001598508	1.3320900492873318E-5	1.3320900492873318E-5	0.0052084720927134676	0.010536832289862795	1.3320900492873318E-5	1.465299054216065E-4	1.3320900492873318E-5	0.12269881443985614	0.005075263087784734	0.010670041294791528	1.3320900492873318E-5	1.3320900492873318E-5	1.3320900492873318E-5	6.793659251365392E-4	1.3320900492873318E-5	4.129479152790729E-4	0.0045424270680698015	1.3320900492873318E-5	1.465299054216065E-4	0.013067803383508724	1.3320900492873318E-5	2.797389103503397E-4	0.0022778739842813376	0.042240575462901296	2.797389103503397E-4	1.3320900492873318E-5	0.0010789929399227388	9.457839349940056E-4
363	file:/data/Documents/UNAM/titulacion/codigo/analisis3/tema3/textos_a_id/2021_0810109.txt	0.028289575889389466	1.553518719900575E-5	1.7088705918906323E-4	1.553518719900575E-5	1.553518719900575E-5	0.05019418983998757	0.20585676557402516	3.262389311791207E-4	1.553518719900575E-5	0.09291595463725338	0.08064315675003884	1.553518719900575E-5	1.7088705918906323E-4	0.025959297809538606	0.003277924498990213	1.553518719900575E-5	7.922945471492931E-4	1.553518719900575E-5	0.3250116513903992	1.553518719900575E-5	0.003588628242970328	0.14309460929004195	1.553518719900575E-5	1.553518719900575E-5	1.553518719900575E-5	0.006229610066801305	1.553518719900575E-5	1.553518719900575E-5	1.553518719900575E-5	1.553518719900575E-5	0.023629019729687742	1.553518719900575E-5	1.553518719900575E-5	0.0011029982911294081	1.7088705918906323E-4	1.553518719900575E-5	1.553518719900575E-5	1.553518719900575E-5	1.553518719900575E-5	1.553518719900575E-5	1.553518719900575E-5	0.007627776914711822	1.553518719900575E-5	1.553518719900575E-5	1.553518719900575E-5	1.553518719900575E-5	1.553518719900575E-5	1.553518719900575E-5	4.815908031691782E-4	1.553518719900575E-5
364	file:/data/Documents/UNAM/titulacion/codigo/analisis3/tema3/textos_a_id/2015_0733108.txt	0.045705263157894735	0.01833684210526316	2.105263157894737E-5	0.0036000000000000003	0.012652631578947368	2.105263157894737E-5	0.030757894736842106	2.105263157894737E-5	2.105263157894737E-5	0.21202105263157894	0.09096842105263159	2.3157894736842107E-4	0.013073684210526315	0.02296842105263158	0.013494736842105262	2.105263157894737E-5	0.12781052631578949	2.105263157894737E-5	0.008231578947368421	2.105263157894737E-5	0.05433684210526316	0.10317894736842105	0.0017052631578947368	2.105263157894737E-5	2.105263157894737E-5	0.0356	4.4210526315789476E-4	0.004231578947368421	6.526315789473684E-4	0.006126315789473685	0.003389473684210527	0.004231578947368421	2.105263157894737E-5	2.105263157894737E-5	2.105263157894737E-5	2.105263157894737E-5	2.105263157894737E-5	2.105263157894737E-5	2.105263157894737E-5	2.105263157894737E-5	2.105263157894737E-5	2.105263157894737E-5	0.18381052631578948	2.105263157894737E-5	0.0012842105263157894	2.105263157894737E-5	2.105263157894737E-5	4.4210526315789476E-4	2.105263157894737E-5	2.3157894736842107E-4
365	file:/data/Documents/UNAM/titulacion/codigo/analisis3/tema3/textos_a_id/2019_0793046.txt	0.01989561327202684	1.2426991425375918E-5	0.0017522057909780042	3.8523673418665343E-4	0.0018764757052317632	0.05369702994904934	0.03741767118180689	0.0034919845905306327	1.2426991425375918E-5	0.12142413321734809	0.08078787125636884	1.2426991425375918E-5	0.02722753821299863	1.2426991425375918E-5	0.040400149123897104	1.2426991425375918E-5	0.05978625574748354	1.2426991425375918E-5	0.00684727227538213	1.2426991425375918E-5	0.002746365105008078	0.15746240835093822	0.0023735553622468	0.006723002361128371	1.2426991425375918E-5	0.03704486143904561	1.2426991425375918E-5	1.2426991425375918E-5	1.2426991425375918E-5	1.2426991425375918E-5	0.3289548900211259	1.2426991425375918E-5	1.2426991425375918E-5	0.0033677146762768734	1.2426991425375918E-5	1.2426991425375918E-5	3.8523673418665343E-4	1.366969056791351E-4	1.2426991425375918E-5	1.366969056791351E-4	0.002125015533739282	1.2426991425375918E-5	0.002125015533739282	1.2426991425375918E-5	5.095066484404125E-4	1.2426991425375918E-5	1.2426991425375918E-5	1.2426991425375918E-5	1.2426991425375918E-5	6.337765626941717E-4
366	file:/data/Documents/UNAM/titulacion/codigo/analisis3/tema3/textos_a_id/2016_0740516.txt	0.023001672240802677	8.361204013377926E-6	0.00887123745819398	8.361204013377926E-6	0.007282608695652173	8.361204013377926E-6	0.04691471571906355	8.361204013377926E-6	8.361204013377926E-6	0.2635535117056856	0.023168896321070238	5.936454849498327E-4	0.003770903010033445	0.006112040133779264	0.09540969899665551	9.19732441471572E-5	0.04850334448160535	8.361204013377926E-6	2.591973244147157E-4	0.006613712374581939	0.015142140468227424	0.12049331103678929	8.444816053511706E-4	8.361204013377926E-6	9.19732441471572E-5	0.0571989966555184	9.19732441471572E-5	8.361204013377926E-6	0.2196571906354515	0.0013461538461538463	8.361204013377926E-6	0.041061872909698996	8.361204013377926E-6	0.0013461538461538463	5.936454849498327E-4	8.361204013377926E-6	8.361204013377926E-6	8.361204013377926E-6	0.0030183946488294314	8.361204013377926E-6	8.361204013377926E-6	8.361204013377926E-6	8.361204013377926E-6	8.361204013377926E-6	8.361204013377926E-6	2.591973244147157E-4	0.0036872909698996655	9.19732441471572E-5	8.361204013377926E-6	7.608695652173913E-4
367	file:/data/Documents/UNAM/titulacion/codigo/analisis3/tema3/textos_a_id/2014_0709610.txt	0.04833931777378815	1.4961101137043687E-5	1.4961101137043687E-5	3.141831238779174E-4	1.4961101137043687E-5	1.4961101137043687E-5	0.0529772591262717	1.4961101137043687E-5	1.4961101137043687E-5	0.1349640933572711	0.16548473967684021	1.4961101137043687E-5	1.4961101137043687E-5	0.008393177737881508	0.019913225613405146	3.141831238779174E-4	0.04669359664871335	1.4961101137043687E-5	1.4961101137043687E-5	9.126271693596648E-4	0.04759126271693597	0.09456912028725314	1.4961101137043687E-5	1.4961101137043687E-5	0.3734440454817474	0.003306403351286655	3.141831238779174E-4	1.4961101137043687E-5	1.4961101137043687E-5	1.4961101137043687E-5	1.4961101137043687E-5	1.4961101137043687E-5	1.4961101137043687E-5	1.4961101137043687E-5	1.4961101137043687E-5	1.4961101137043687E-5	1.4961101137043687E-5	1.4961101137043687E-5	1.4961101137043687E-5	1.4961101137043687E-5	1.4961101137043687E-5	1.4961101137043687E-5	1.4961101137043687E-5	4.637941352483543E-4	1.4961101137043687E-5	1.4961101137043687E-5	1.6457211250748055E-4	0.0013614602034709754	1.4961101137043687E-5	1.4961101137043687E-5
368	file:/data/Documents/UNAM/titulacion/codigo/analisis3/tema3/textos_a_id/2021_0809996.txt	0.016005619798984114	1.0807305738679348E-5	1.0807305738679348E-5	1.0807305738679348E-5	1.0807305738679348E-5	0.09716848589646601	0.04745487949854102	1.0807305738679348E-5	1.0807305738679348E-5	0.060207500270182644	0.06172052307359775	0.005846752404625527	1.0807305738679348E-5	0.010061601642710472	0.3285529017615908	1.0807305738679348E-5	1.0807305738679348E-5	0.011142332216578406	2.269534205122663E-4	1.0807305738679348E-5	1.0807305738679348E-5	0.11997190100507943	1.0807305738679348E-5	0.02681292553766346	1.0807305738679348E-5	1.0807305738679348E-5	1.0807305738679348E-5	1.0807305738679348E-5	1.0807305738679348E-5	1.0807305738679348E-5	0.003577218199502864	0.08917107964984329	1.0807305738679348E-5	1.0807305738679348E-5	1.1888036312547283E-4	1.0807305738679348E-5	0.005198314060304766	1.0807305738679348E-5	1.0807305738679348E-5	1.1888036312547283E-4	0.09803307035556036	0.007035556035880255	0.009953528585323678	1.0807305738679348E-5	1.0807305738679348E-5	1.1888036312547283E-4	0.0011996109369934076	1.0807305738679348E-5	1.0807305738679348E-5	1.0807305738679348E-5
369	file:/data/Documents/UNAM/titulacion/codigo/analisis3/tema3/textos_a_id/2013_0723770.txt	0.1173535253227408	9.102946044356174E-5	8.27540549486925E-6	0.0011668321747765641	8.27540549486925E-6	0.0014150943396226416	0.022600132406487918	8.27540549486925E-6	8.27540549486925E-6	0.11387785501489572	0.08491393578285335	0.10113373055279708	8.27540549486925E-6	0.014738497186362132	8.27540549486925E-6	2.565375703409467E-4	0.002821913273750414	8.27540549486925E-6	0.0044769943727242635	8.27540549486925E-6	0.16775074478649454	0.09161701423369745	8.27540549486925E-6	8.27540549486925E-6	0.004228732207878186	0.020117510758027143	0.002325388944058259	8.27540549486925E-6	8.27540549486925E-6	8.27540549486925E-6	8.27540549486925E-6	0.014572989076464746	8.27540549486925E-6	8.27540549486925E-6	9.102946044356174E-5	8.27540549486925E-6	0.015483283680900364	9.102946044356174E-5	8.27540549486925E-6	9.102946044356174E-5	8.27540549486925E-6	0.0032356835484938762	8.27540549486925E-6	8.27540549486925E-6	9.102946044356174E-5	0.21177590201919894	0.003152929493545184	8.27540549486925E-6	3.3929162528963916E-4	8.27540549486925E-6
370	file:/data/Documents/UNAM/titulacion/codigo/analisis3/tema3/textos_a_id/2015_0742641.txt	0.03764852513502285	8.309098462816784E-6	0.01911923556294142	8.309098462816784E-6	1.7449106771915248E-4	0.0027503115911923556	0.01413377648525135	8.309098462816784E-6	8.309098462816784E-6	0.1400997091815538	0.072380556709597	0.21405068550062317	8.309098462816784E-6	8.309098462816784E-6	0.045957623597839635	8.309098462816784E-6	0.03257997507270461	8.309098462816784E-6	0.002002492729538845	9.140008309098464E-5	0.09739094308267553	0.0765351059410054	8.309098462816784E-6	8.309098462816784E-6	8.309098462816784E-6	0.003996676360614873	8.309098462816784E-6	8.309098462816784E-6	8.309098462816784E-6	8.309098462816784E-6	8.309098462816784E-6	0.018620689655172412	8.309098462816784E-6	8.309098462816784E-6	0.0010884918986289987	8.309098462816784E-6	0.003913585375986706	4.2376402160365596E-4	8.309098462816784E-6	8.309098462816784E-6	8.309098462816784E-6	8.309098462816784E-6	0.0010054009140008308	0.010228500207727462	0.20191940174491066	0.0029164935604486914	7.561279601163274E-4	8.309098462816784E-6	8.309098462816784E-6	8.309098462816784E-6
371	file:/data/Documents/UNAM/titulacion/codigo/analisis3/tema3/textos_a_id/2022_0831470.txt	0.02643742953776776	0.31097958161092326	0.006708004509582863	6.2633095327571095E-6	6.95227358136039E-4	0.002073155455342603	0.048108480521107354	1.3152950018789929E-4	6.2633095327571095E-6	0.1814543404735062	0.03796191907804084	0.003451083552549167	6.2633095327571095E-6	0.017230364524614808	0.08230615056996116	6.2633095327571095E-6	0.023806839534009774	6.2633095327571095E-6	6.2633095327571095E-6	6.2633095327571095E-6	0.013221846423650256	0.13642114493298257	6.2633095327571095E-6	6.2633095327571095E-6	6.2633095327571095E-6	0.018984091193786797	0.0011336590254290369	6.2633095327571095E-6	6.2633095327571095E-6	0.004954277840410873	3.194287861706125E-4	0.02249154453213078	5.073280721533258E-4	6.2633095327571095E-6	0.0010710259301014657	2.5679569084304145E-4	6.2633095327571095E-6	6.2633095327571095E-6	0.009025429036702993	3.194287861706125E-4	6.2633095327571095E-6	0.010967054991857697	6.2633095327571095E-6	8.204935487911813E-4	5.699611674808969E-4	0.032512839784542155	1.9416259551547038E-4	6.2633095327571095E-6	6.2633095327571095E-6	0.00476637855442816
372	file:/data/Documents/UNAM/titulacion/codigo/analisis3/tema3/textos_a_id/2023_0834980.txt	0.011495901639344263	6.352459016393442E-4	0.023381147540983607	2.0491803278688525E-5	2.0491803278688525E-5	0.00125	0.00514344262295082	0.36170081967213114	2.0491803278688525E-5	0.11006147540983607	0.02235655737704918	2.0491803278688525E-5	0.00985655737704918	0.04243852459016393	6.352459016393442E-4	2.0491803278688525E-5	2.0491803278688525E-5	0.00125	0.002069672131147541	2.254098360655738E-4	0.013749999999999998	0.09674180327868853	0.0024795081967213116	2.0491803278688525E-5	0.01026639344262295	0.05350409836065574	2.0491803278688525E-5	4.3032786885245904E-4	2.0491803278688525E-5	2.254098360655738E-4	2.0491803278688525E-5	0.021536885245901638	0.0026844262295081965	0.002069672131147541	0.006577868852459016	2.0491803278688525E-5	2.0491803278688525E-5	2.0491803278688525E-5	2.0491803278688525E-5	2.254098360655738E-4	0.0016598360655737704	2.0491803278688525E-5	2.0491803278688525E-5	2.0491803278688525E-5	2.0491803278688525E-5	0.006372950819672131	0.18813524590163935	4.3032786885245904E-4	2.0491803278688525E-5	2.0491803278688525E-5
373	file:/data/Documents/UNAM/titulacion/codigo/analisis3/tema3/textos_a_id/2010_0724378.txt	5.106209150326798E-6	5.106209150326798E-6	5.106209150326798E-6	0.004804942810457516	5.106209150326798E-6	5.106209150326798E-6	5.106209150326798E-6	0.030438112745098042	5.106209150326798E-6	0.04187602124183007	0.028804125816993466	0.002966707516339869	5.106209150326798E-6	0.025434027777777778	0.011187704248366013	5.106209150326798E-6	5.106209150326798E-6	5.6168300653594775E-5	0.0032730800653594768	5.106209150326798E-6	0.007409109477124183	0.11474162581699346	5.106209150326798E-6	5.106209150326798E-6	5.106209150326798E-6	0.6868923611111112	5.106209150326798E-6	5.106209150326798E-6	1.5829248366013073E-4	5.6168300653594775E-5	0.016447099673202615	5.106209150326798E-6	5.106209150326798E-6	5.106209150326798E-6	5.6168300653594775E-5	5.106209150326798E-6	5.106209150326798E-6	5.106209150326798E-6	5.106209150326798E-6	5.106209150326798E-6	5.106209150326798E-6	0.0013327205882352942	5.106209150326798E-6	5.106209150326798E-6	4.136029411764706E-4	5.106209150326798E-6	0.023442606209150327	5.106209150326798E-6	5.106209150326798E-6	5.6168300653594775E-5
374	file:/data/Documents/UNAM/titulacion/codigo/analisis3/tema3/textos_a_id/2014_0709691.txt	0.013077269655327775	0.002038747465645416	1.1263798152737103E-5	3.491777427348502E-4	0.006544266726740257	6.870916873169632E-4	0.04382743861230007	0.0145415634151836	1.1263798152737103E-5	0.16401216490200496	0.06522865510250056	1.2390177968010815E-4	0.3409664338815048	1.1263798152737103E-5	0.018371254787114214	1.1263798152737103E-5	0.02107456634377112	1.1263798152737103E-5	0.07728091912592927	1.1263798152737103E-5	0.03414057220094616	0.1055530524892994	0.024003153863482767	0.0018134715025906738	0.0041788691146654655	0.050135165577832846	1.1263798152737103E-5	0.0013629195764811894	4.618157242622212E-4	1.1263798152737103E-5	0.0015881955395359315	0.0047420590223023204	1.1263798152737103E-5	1.1263798152737103E-5	1.1263798152737103E-5	9.123676503717052E-4	2.3653976120747918E-4	1.1263798152737103E-5	1.1263798152737103E-5	1.1263798152737103E-5	1.1263798152737103E-5	1.1263798152737103E-5	1.1263798152737103E-5	0.002376661410227529	1.1263798152737103E-5	1.2390177968010815E-4	1.1263798152737103E-5	1.1263798152737103E-5	1.1263798152737103E-5	1.1263798152737103E-5
375	file:/data/Documents/UNAM/titulacion/codigo/analisis3/tema3/textos_a_id/2012_0704800.txt	0.01041305960920109	2.473410833539451E-5	0.008929013109077419	2.473410833539451E-5	5.194162750432847E-4	2.473410833539451E-5	0.06482809794706901	2.720751916893396E-4	2.473410833539451E-5	0.14941874845411823	0.05097699727924808	0.10192926045016078	0.16697996537224832	0.04800890427900074	0.0017561216918130101	0.0630967103635914	0.036383873361365324	0.0024981449418748454	2.473410833539451E-5	2.473410833539451E-5	0.048256245362354684	0.13136284936928025	2.473410833539451E-5	2.720751916893396E-4	2.473410833539451E-5	0.036631214444719264	0.015112540192926046	2.473410833539451E-5	2.473410833539451E-5	0.0029928271085827357	7.667573583972298E-4	0.0017561216918130101	2.473410833539451E-5	5.194162750432847E-4	2.473410833539451E-5	2.473410833539451E-5	0.03094236952757853	2.720751916893396E-4	2.473410833539451E-5	2.473410833539451E-5	0.001508780608459065	2.473410833539451E-5	2.473410833539451E-5	0.0022508038585209	2.473410833539451E-5	2.473410833539451E-5	2.473410833539451E-5	0.017091268859757605	2.473410833539451E-5	0.0037348503586445707
376	file:/data/Documents/UNAM/titulacion/codigo/analisis3/tema3/textos_a_id/2023_0848005.txt	0.04487526590601431	9.669309611293755E-6	9.669309611293755E-6	9.669309611293755E-6	0.002717076000773545	9.669309611293755E-6	0.05290079288338813	0.03433571842970412	9.669309611293755E-6	0.16893250821891317	0.07852446335331657	9.669309611293755E-6	9.76600270740669E-4	0.01818797137884355	0.031434925546315995	9.669309611293755E-6	0.35032875652678397	2.997485979501064E-4	0.008518661767549797	9.669309611293755E-6	0.0014600657513053567	0.1700928253722684	9.669309611293755E-6	0.004167472442467608	9.669309611293755E-6	0.015093792303229549	9.669309611293755E-6	9.669309611293755E-6	9.669309611293755E-6	9.669309611293755E-6	6.865209824018565E-4	9.669309611293755E-6	9.669309611293755E-6	1.063624057242313E-4	9.669309611293755E-6	9.669309611293755E-6	0.013256623477083736	9.669309611293755E-6	9.669309611293755E-6	9.669309611293755E-6	0.002040224327982982	9.669309611293755E-6	9.669309611293755E-6	1.063624057242313E-4	9.669309611293755E-6	9.669309611293755E-6	9.669309611293755E-6	9.669309611293755E-6	9.669309611293755E-6	6.865209824018565E-4
377	file:/data/Documents/UNAM/titulacion/codigo/analisis3/tema3/textos_a_id/2013_0691557.txt	0.08124775583482945	8.976660682226213E-6	0.0032405745062836625	4.5780969479353677E-4	9.874326750448834E-5	0.03403052064631957	0.09641831238779174	1.8850987432675047E-4	8.976660682226213E-6	0.05144524236983842	0.15799820466786355	0.005125673249551167	8.976660682226213E-6	8.976660682226213E-6	0.07119389587073609	8.976660682226213E-6	8.976660682226213E-6	9.874326750448834E-5	0.0037791741472172355	8.976660682226213E-6	0.024784560143626573	0.08780071813285457	2.7827648114901255E-4	8.976660682226213E-6	8.976660682226213E-6	6.37342908438061E-4	8.976660682226213E-6	8.976660682226213E-6	7.271095152603231E-4	8.976660682226213E-6	8.976660682226213E-6	8.976660682226213E-6	9.874326750448834E-5	8.976660682226213E-6	8.976660682226213E-6	8.976660682226213E-6	8.976660682226213E-6	8.976660682226213E-6	0.0014452423698384203	8.976660682226213E-6	8.976660682226213E-6	6.37342908438061E-4	0.3732585278276481	8.976660682226213E-6	8.976660682226213E-6	8.976660682226213E-6	0.004676840215439857	9.874326750448834E-5	8.976660682226213E-6	8.976660682226213E-6
378	file:/data/Documents/UNAM/titulacion/codigo/analisis3/tema3/textos_a_id/2014_0723715.txt	1.0350895352447988E-5	1.0350895352447988E-5	0.00622088810682124	1.0350895352447988E-5	7.34913570023807E-4	6.314046164993272E-4	1.0350895352447988E-5	0.43009005278956636	1.0350895352447988E-5	0.06946485871027844	0.013155987992961391	1.0350895352447988E-5	1.0350895352447988E-5	2.1736880240140772E-4	0.002494565779939965	1.1385984887692787E-4	1.0350895352447988E-5	1.0350895352447988E-5	1.0350895352447988E-5	1.0350895352447988E-5	0.01305247903943691	0.1297070696615257	1.0350895352447988E-5	1.0350895352447988E-5	1.0350895352447988E-5	0.06439291998757893	1.0350895352447988E-5	1.0350895352447988E-5	1.0350895352447988E-5	1.0350895352447988E-5	0.001770003105268606	1.0350895352447988E-5	1.0350895352447988E-5	1.0350895352447988E-5	1.1385984887692787E-4	3.208777559258876E-4	1.0350895352447988E-5	1.0350895352447988E-5	1.0350895352447988E-5	1.0350895352447988E-5	1.0350895352447988E-5	4.2438670945036744E-4	1.0350895352447988E-5	3.208777559258876E-4	1.0350895352447988E-5	2.1736880240140772E-4	0.2660283614532657	2.1736880240140772E-4	1.0350895352447988E-5	1.0350895352447988E-5
379	file:/data/Documents/UNAM/titulacion/codigo/analisis3/tema3/textos_a_id/2016_0744196.txt	0.07073633603238867	1.265182186234818E-5	0.008362854251012145	1.3917004048582998E-4	1.3917004048582998E-4	0.001277834008097166	0.035184716599190285	0.014941801619433199	1.265182186234818E-5	0.09313006072874494	0.20396002024291496	1.265182186234818E-5	1.265182186234818E-5	0.020002530364372467	0.039359817813765186	1.265182186234818E-5	0.03493168016194332	7.717611336032389E-4	0.015700910931174088	6.452429149797571E-4	0.06858552631578947	0.11754807692307692	1.265182186234818E-5	1.265182186234818E-5	1.265182186234818E-5	0.023165485829959514	1.265182186234818E-5	1.265182186234818E-5	1.265182186234818E-5	1.265182186234818E-5	0.10894483805668016	1.265182186234818E-5	1.265182186234818E-5	2.6568825910931173E-4	1.265182186234818E-5	1.3917004048582998E-4	1.265182186234818E-5	1.265182186234818E-5	0.1348810728744939	2.6568825910931173E-4	1.265182186234818E-5	0.002036943319838057	1.265182186234818E-5	0.004061234817813765	1.265182186234818E-5	1.265182186234818E-5	1.265182186234818E-5	1.265182186234818E-5	1.265182186234818E-5	5.187246963562753E-4
380	file:/data/Documents/UNAM/titulacion/codigo/analisis3/tema3/textos_a_id/2008_0638042.txt	0.05427559026647864	3.6157211555844817E-6	3.6157211555844817E-6	3.6157211555844817E-6	3.6157211555844817E-6	2.2055899049065335E-4	0.07213725277506598	3.6157211555844817E-6	3.6157211555844817E-6	0.0563365513251618	0.07278808258307119	0.002570777741620566	3.6157211555844817E-6	0.01927540948042087	0.0069458003398777885	1.1208735582311892E-4	0.0010521748562750842	1.4824456737896373E-4	0.0024623061069530315	3.6157211555844817E-6	0.012152438803919443	0.06631594171457497	3.6157211555844817E-6	3.6157211555844817E-6	3.6157211555844817E-6	0.002498463318508876	3.6157211555844817E-6	3.6157211555844817E-6	3.6157211555844817E-6	3.6157211555844817E-6	3.6157211555844817E-6	0.003149293126514083	0.002570777741620566	3.6157211555844817E-6	3.6157211555844817E-6	4.013450482698774E-4	3.6157211555844817E-6	0.004125537838521893	1.8440177893480853E-4	0.6053114943775536	3.6157211555844817E-6	0.013996456593267528	3.6157211555844817E-6	2.2055899049065335E-4	3.6157211555844817E-6	3.6157211555844817E-6	3.6157211555844817E-6	6.544455291607912E-4	3.6157211555844817E-6	3.6157211555844817E-6
381	file:/data/Documents/UNAM/titulacion/codigo/analisis3/tema3/textos_a_id/2021_0819011.txt	0.06352479757085021	1.265182186234818E-5	1.265182186234818E-5	1.265182186234818E-5	1.265182186234818E-5	0.00368168016194332	0.09793775303643724	3.922064777327935E-4	1.265182186234818E-5	0.06618168016194333	0.17460779352226719	1.265182186234818E-5	1.3917004048582998E-4	0.010260627530364372	0.008362854251012145	0.02354504048582996	0.03379301619433199	1.265182186234818E-5	0.07351973684210526	1.265182186234818E-5	0.00583248987854251	0.12007844129554657	1.265182186234818E-5	0.004820344129554656	6.452429149797571E-4	1.265182186234818E-5	1.265182186234818E-5	0.0016573886639676112	1.265182186234818E-5	1.265182186234818E-5	1.265182186234818E-5	1.265182186234818E-5	1.265182186234818E-5	1.265182186234818E-5	0.019496457489878542	1.265182186234818E-5	0.08313512145748989	1.265182186234818E-5	1.3917004048582998E-4	1.265182186234818E-5	0.19851973684210525	0.008489372469635627	5.187246963562753E-4	1.265182186234818E-5	1.265182186234818E-5	1.265182186234818E-5	1.265182186234818E-5	3.922064777327935E-4	1.265182186234818E-5	1.265182186234818E-5
382	file:/data/Documents/UNAM/titulacion/codigo/analisis3/tema3/textos_a_id/2016_0744652.txt	0.03606302972424496	1.1937447773665991E-5	1.1937447773665991E-5	1.1937447773665991E-5	0.0031156738689268235	1.1937447773665991E-5	0.08035096096454579	0.010158768055389757	1.1937447773665991E-5	0.1415900680434523	0.027348692849468784	1.1937447773665991E-5	0.01815685806374597	1.313119255103259E-4	0.10183836695714457	6.088098364569654E-4	0.14457442998686879	0.002280052524770204	1.1937447773665991E-5	0.0013250567028769249	1.1937447773665991E-5	0.1559150053718515	1.1937447773665991E-5	0.0013250567028769249	1.1937447773665991E-5	0.005025665512713382	1.1937447773665991E-5	1.1937447773665991E-5	1.1937447773665991E-5	0.23135967530142054	0.024961203294735584	1.1937447773665991E-5	1.1937447773665991E-5	1.1937447773665991E-5	1.1937447773665991E-5	1.1937447773665991E-5	1.313119255103259E-4	1.1937447773665991E-5	0.011830010743702995	1.1937447773665991E-5	3.700608809836457E-4	1.1937447773665991E-5	1.1937447773665991E-5	1.1937447773665991E-5	3.700608809836457E-4	1.1937447773665991E-5	8.475587919302852E-4	1.1937447773665991E-5	1.1937447773665991E-5	1.1937447773665991E-5
383	file:/data/Documents/UNAM/titulacion/codigo/analisis3/tema3/textos_a_id/2008_0635587.txt	0.07045732952225399	0.02411188240097999	0.001245406288280931	0.0028787260106165782	2.041649652919559E-5	2.041649652919559E-5	0.1449775418538179	2.041649652919559E-5	2.041649652919559E-5	0.07331563903634136	0.0384034299714169	2.041649652919559E-5	2.041649652919559E-5	0.0902613311555737	0.0486116782360147	0.005124540628828093	2.041649652919559E-5	0.004512045732952226	2.041649652919559E-5	0.01676194365046958	4.287464271131074E-4	0.09434463046141282	6.329113924050633E-4	0.0014495712535728868	2.041649652919559E-5	0.013086974275214372	2.041649652919559E-5	0.001041241322988975	2.041649652919559E-5	0.0026745610453246223	2.041649652919559E-5	0.14804001633319722	2.041649652919559E-5	0.09781543487137608	2.041649652919559E-5	2.041649652919559E-5	2.041649652919559E-5	4.287464271131074E-4	2.041649652919559E-5	0.006553695385871785	2.041649652919559E-5	0.10863617803184974	2.041649652919559E-5	2.041649652919559E-5	0.0032870559412004905	2.041649652919559E-5	2.041649652919559E-5	2.245814618211515E-4	2.245814618211515E-4	2.041649652919559E-5
384	file:/data/Documents/UNAM/titulacion/codigo/analisis3/tema3/textos_a_id/2016_0749658.txt	0.10918927648578812	0.10079134366925065	1.7764857881136952E-4	1.6149870801033594E-5	0.0043766149870801034	1.6149870801033594E-5	0.06574612403100775	3.391472868217054E-4	1.6149870801033594E-5	0.1104812661498708	0.080765503875969	0.006153100775193799	0.005991602067183463	0.0019541343669250647	0.026178940568475452	1.6149870801033594E-5	0.029085917312661497	1.6149870801033594E-5	1.6149870801033594E-5	1.6149870801033594E-5	0.025209948320413435	0.10531330749354005	1.6149870801033594E-5	0.010190568475452197	1.6149870801033594E-5	0.043136304909560726	1.6149870801033594E-5	1.6149870801033594E-5	0.0016311369509043928	1.6149870801033594E-5	1.6149870801033594E-5	1.6149870801033594E-5	1.6149870801033594E-5	1.6149870801033594E-5	0.0022771317829457364	1.6149870801033594E-5	1.6149870801033594E-5	1.7764857881136952E-4	1.6149870801033594E-5	1.6149870801033594E-5	0.0066375968992248065	1.6149870801033594E-5	0.26358204134366925	1.6149870801033594E-5	1.6149870801033594E-5	1.6149870801033594E-5	1.6149870801033594E-5	1.7764857881136952E-4	1.6149870801033594E-5	1.6149870801033594E-5
385	file:/data/Documents/UNAM/titulacion/codigo/analisis3/tema3/textos_a_id/2022_0830686.txt	0.024553519990782348	0.1832123516534163	1.1522064754003918E-5	1.267427122940431E-4	1.267427122940431E-4	0.007039981564696394	0.02443829934324231	1.1522064754003918E-5	1.1522064754003918E-5	0.061769789146215004	0.14426777278488304	1.1522064754003918E-5	1.1522064754003918E-5	0.03008411107270423	0.057621845834773595	1.1522064754003918E-5	0.005887775089296002	1.1522064754003918E-5	0.04517801590044936	1.1522064754003918E-5	0.0022007143680147483	0.2053347159811038	8.180665975342781E-4	0.0016246111303145523	1.267427122940431E-4	0.01683373660559972	1.1522064754003918E-5	0.0018550524253946308	1.1522064754003918E-5	1.1522064754003918E-5	0.037688673810346816	0.04091485194146791	3.5718400737412147E-4	3.5718400737412147E-4	1.1522064754003918E-5	1.1522064754003918E-5	1.1522064754003918E-5	1.1522064754003918E-5	1.1522064754003918E-5	1.1522064754003918E-5	0.011072704228597765	0.09449245304758613	9.332872450743173E-4	1.267427122940431E-4	1.1522064754003918E-5	1.1522064754003918E-5	1.1522064754003918E-5	1.1522064754003918E-5	1.1522064754003918E-5	7.028459499942389E-4
386	file:/data/Documents/UNAM/titulacion/codigo/analisis3/tema3/textos_a_id/2008_0635124.txt	0.13544600938967136	1.805706031058144E-5	9.209100758396533E-4	1.805706031058144E-5	1.805706031058144E-5	1.805706031058144E-5	0.046244131455399066	1.805706031058144E-5	1.805706031058144E-5	0.11720837847598412	0.2201336222462983	1.805706031058144E-5	1.805706031058144E-5	1.805706031058144E-5	0.019519682195738533	1.805706031058144E-5	0.10890213073311665	1.805706031058144E-5	0.04281328999638859	1.805706031058144E-5	0.029451065366558324	0.1081798483206934	1.805706031058144E-5	1.805706031058144E-5	1.805706031058144E-5	0.012116287468400143	1.805706031058144E-5	1.9862766341639581E-4	1.805706031058144E-5	1.805706031058144E-5	1.805706031058144E-5	1.805706031058144E-5	1.805706031058144E-5	1.805706031058144E-5	0.15693391115926328	1.805706031058144E-5	1.9862766341639581E-4	1.805706031058144E-5	0.0011014806789454675	1.805706031058144E-5	1.805706031058144E-5	1.805706031058144E-5	1.805706031058144E-5	1.805706031058144E-5	1.805706031058144E-5	1.805706031058144E-5	1.805706031058144E-5	1.805706031058144E-5	1.805706031058144E-5	1.805706031058144E-5
387	file:/data/Documents/UNAM/titulacion/codigo/analisis3/tema3/textos_a_id/2022_0828496.txt	0.004521956147126983	0.0015508942896191099	0.003214688929823519	0.0019074217125200547	5.942123715015747E-6	5.942123715015747E-6	0.07749123536752035	5.942123715015747E-6	5.942123715015747E-6	0.1117772892031612	0.026864341315586193	0.004878483570027928	5.942123715015747E-6	0.3829758155564799	0.06834036484639609	6.536336086517322E-5	0.004937904807178085	0.006779963158832967	5.942123715015747E-6	4.8131202091627545E-4	0.0050567472814784	0.12639491354209995	5.942123715015747E-6	5.942123715015747E-6	5.942123715015747E-6	0.03458910214510666	1.2478459801533069E-4	0.0013726305781686376	0.002977003981222889	3.6246954661596053E-4	0.0044625349099768254	0.035480420702359024	0.06055618277972548	5.942123715015747E-6	5.942123715015747E-6	1.8420583516548815E-4	5.942123715015747E-6	3.0304830946580307E-4	0.001432051815318795	0.001669736763919425	6.536336086517322E-5	0.010048131202091626	5.942123715015747E-6	3.0304830946580307E-4	0.0026204765583219443	5.942123715015747E-6	0.011830768316596352	0.0010161031552676928	5.942123715015747E-6	0.0032741101669736764
388	file:/data/Documents/UNAM/titulacion/codigo/analisis3/tema3/textos_a_id/2014_0723622.txt	0.06929066314747608	0.010564170240844606	0.041115143516991096	0.002514021774991752	6.5984823490597165E-6	0.038013856812933025	0.08103596172880237	0.004559551303200264	6.5984823490597165E-6	0.10254701418673705	0.024750907291322996	0.10195315077532167	1.3856812933025404E-4	8.644011877268228E-4	0.004097657538766084	6.5984823490597165E-6	6.5984823490597165E-6	6.5984823490597165E-6	0.0106961398878258	6.5984823490597165E-6	0.02903992081821181	0.07879247773012206	2.045529528208512E-4	6.5984823490597165E-6	6.5984823490597165E-6	0.03379082810953481	6.5984823490597165E-6	2.7053777631144834E-4	6.5984823490597165E-6	0.008848564830089079	6.5984823490597165E-6	0.005615308479049818	1.3856812933025404E-4	0.34292972616298256	0.0014582645991421974	6.5984823490597165E-6	6.5984823490597165E-6	6.5984823490597165E-6	6.5984823490597165E-6	6.5984823490597165E-6	6.5984823490597165E-6	6.5984823490597165E-6	6.5984823490597165E-6	0.005681293302540415	6.5984823490597165E-6	9.3038601121742E-4	6.5984823490597165E-6	6.5984823490597165E-6	6.5984823490597165E-6	6.5984823490597165E-6
389	file:/data/Documents/UNAM/titulacion/codigo/analisis3/tema3/textos_a_id/2015_0738980.txt	0.03577525198370148	4.760883551361784E-4	0.00939738365858889	9.90778468796912E-4	4.289084280506112E-6	4.331975123311173E-4	0.15192365429980698	4.289084280506112E-6	4.289084280506112E-6	0.07686467939095003	0.029856315676603046	0.006352133819429551	4.289084280506112E-6	0.12987776109800558	0.0142440488955608	8.192150975766674E-4	0.005322753592108084	0.0014196868968475232	0.004679390950032168	4.289084280506112E-6	0.015016084066051899	0.09569375938237186	4.289084280506112E-6	4.289084280506112E-6	4.289084280506112E-6	0.0142440488955608	4.289084280506112E-6	4.289084280506112E-6	4.289084280506112E-6	2.6163414111087283E-4	4.289084280506112E-6	0.3815612266781042	0.006395024662234613	4.289084280506112E-6	3.0452498391593394E-4	4.289084280506112E-6	9.007076989062835E-5	4.289084280506112E-6	4.289084280506112E-6	4.760883551361784E-4	4.289084280506112E-6	0.005708771177353635	4.289084280506112E-6	4.289084280506112E-6	8.621059403817286E-4	2.187432983058117E-4	0.00437915505039674	0.0018914861677031955	4.289084280506112E-6	0.00437915505039674
390	file:/data/Documents/UNAM/titulacion/codigo/analisis3/tema3/textos_a_id/2015_0735351.txt	0.07841369397621847	1.3066771200836274E-5	4.0506990722592446E-4	1.3066771200836274E-5	9.277407552593754E-4	5.357376192342871E-4	0.07841369397621847	1.3066771200836274E-5	1.3066771200836274E-5	0.08311773160851954	0.0797203710963021	1.3066771200836274E-5	0.17745981967855742	0.0014504116032928263	0.14845158761270089	0.008898471187769501	0.08821377237684569	1.3066771200836274E-5	0.008114464915719327	1.3066771200836274E-5	0.019613223572455245	0.12205670978701164	0.016738533908271267	0.0035410949954266303	1.3066771200836274E-5	0.03398667189337515	2.7440219521756177E-4	1.3066771200836274E-5	1.3066771200836274E-5	0.004063765843460081	0.02026656213249706	4.0506990722592446E-4	1.3066771200836274E-5	1.3066771200836274E-5	1.3066771200836274E-5	1.3066771200836274E-5	1.3066771200836274E-5	1.3066771200836274E-5	1.3066771200836274E-5	1.4373448320919902E-4	0.010989154579903305	1.4373448320919902E-4	0.0028877564353848167	1.3066771200836274E-5	2.7440219521756177E-4	1.4373448320919902E-4	0.001058408467267738	1.3066771200836274E-5	6.664053312426499E-4	0.008375800339736051
391	file:/data/Documents/UNAM/titulacion/codigo/analisis3/tema3/textos_a_id/2012_0680635.txt	0.08047624421622841	0.006331113869766392	0.009378174020990858	1.1285407967498025E-5	1.1285407967498025E-5	8.012639656923597E-4	0.11478388443742242	0.0037354700372418466	1.1285407967498025E-5	0.1542828123236655	0.04041304593161043	0.05056991310235865	1.1285407967498025E-5	0.026531994131587855	0.0033969077982169056	1.1285407967498025E-5	1.1285407967498025E-5	0.003171199638866945	0.005653989391716511	0.003058345559191965	0.021340706466538763	0.07020652296580522	0.0010269721250423202	0.0011398262047173004	3.4984764699243876E-4	0.05350411917390814	5.755558063423993E-4	1.1285407967498025E-5	1.1285407967498025E-5	1.1285407967498025E-5	0.006669676108791333	0.34004062746868297	1.1285407967498025E-5	1.1285407967498025E-5	4.62701726667419E-4	1.1285407967498025E-5	5.755558063423993E-4	1.241394876424783E-4	1.1285407967498025E-5	1.1285407967498025E-5	2.3699356731745854E-4	1.1285407967498025E-5	1.241394876424783E-4	3.4984764699243876E-4	4.62701726667419E-4	1.1285407967498025E-5	1.1285407967498025E-5	1.1285407967498025E-5	1.1285407967498025E-5	1.1285407967498025E-5
392	file:/data/Documents/UNAM/titulacion/codigo/analisis3/tema3/textos_a_id/2014_0718562.txt	0.004389971106347283	0.0014074005033087892	0.36285767545903624	9.320533134495293E-6	9.320533134495293E-6	5.685525212042129E-4	0.01324447758411781	0.22621865970733526	9.320533134495293E-6	0.09218939323329295	0.0023394538167583185	9.320533134495293E-6	9.320533134495293E-6	9.320533134495293E-6	0.009423058998974741	9.320533134495293E-6	9.320533134495293E-6	9.320533134495293E-6	9.320533134495293E-6	9.320533134495293E-6	5.685525212042129E-4	0.12443843787864665	9.320533134495293E-6	9.320533134495293E-6	9.320533134495293E-6	0.02741168794855066	2.889365271693541E-4	9.320533134495293E-6	9.320533134495293E-6	9.320533134495293E-6	1.9573119582440117E-4	9.320533134495293E-6	9.320533134495293E-6	1.9573119582440117E-4	9.320533134495293E-6	9.320533134495293E-6	9.320533134495293E-6	9.320533134495293E-6	9.320533134495293E-6	9.320533134495293E-6	9.320533134495293E-6	9.320533134495293E-6	9.320533134495293E-6	1.9573119582440117E-4	9.320533134495293E-6	9.320533134495293E-6	0.13357256035045204	9.320533134495293E-6	1.9573119582440117E-4	9.320533134495293E-6
393	file:/data/Documents/UNAM/titulacion/codigo/analisis3/tema3/textos_a_id/2019_0787508.txt	0.09709563543003852	0.001941591784338896	1.6046213093709885E-5	1.6046213093709885E-5	1.6046213093709885E-5	1.6046213093709885E-5	0.09645378690629013	0.001781129653401797	1.6046213093709885E-5	0.0696566110397946	0.1943356867779204	1.6046213093709885E-5	0.18294287548138638	4.974326059050064E-4	0.016062259306803592	0.05585686777920411	0.03130616174582798	1.6046213093709885E-5	0.05072207958921695	0.0046694480102695765	0.05296854942233633	0.0985397946084724	0.003546213093709885	1.6046213093709885E-5	1.6046213093709885E-5	1.6046213093709885E-5	1.6046213093709885E-5	0.009001925545571245	1.6046213093709885E-5	1.6046213093709885E-5	1.6046213093709885E-5	1.6046213093709885E-5	1.6046213093709885E-5	0.004990372272143774	1.6046213093709885E-5	0.0016206675224646984	0.025208600770218227	1.6046213093709885E-5	1.6046213093709885E-5	1.6046213093709885E-5	1.6046213093709885E-5	1.6046213093709885E-5	1.6046213093709885E-5	1.7650834403080875E-4	1.6046213093709885E-5	1.6046213093709885E-5	1.7650834403080875E-4	1.6046213093709885E-5	1.6046213093709885E-5	1.6046213093709885E-5
394	file:/data/Documents/UNAM/titulacion/codigo/analisis3/tema3/textos_a_id/2016_0745369.txt	0.010364112327463112	1.1899095668729177E-5	0.001082817705854355	1.1899095668729177E-5	0.03606615897191814	1.1899095668729177E-5	0.007270347453593527	0.003224654926225607	1.1899095668729177E-5	0.15315326035221322	0.16279152784388384	1.1899095668729177E-5	0.21800333174678724	1.1899095668729177E-5	0.08782722513089006	0.009174202760590194	0.009888148500713945	1.1899095668729177E-5	0.017146596858638743	1.1899095668729177E-5	0.07818895763921942	0.1880176106615897	1.1899095668729177E-5	0.011435030937648739	1.1899095668729177E-5	0.0019157544026653975	1.1899095668729177E-5	1.1899095668729177E-5	1.1899095668729177E-5	1.1899095668729177E-5	2.4988100904331273E-4	3.688719657306045E-4	1.1899095668729177E-5	2.4988100904331273E-4	1.1899095668729177E-5	1.1899095668729177E-5	9.638267491670632E-4	1.1899095668729177E-5	1.1899095668729177E-5	1.1899095668729177E-5	1.1899095668729177E-5	1.3089005235602096E-4	1.1899095668729177E-5	1.1899095668729177E-5	1.1899095668729177E-5	1.1899095668729177E-5	9.638267491670632E-4	1.1899095668729177E-5	1.1899095668729177E-5	0.0012018086625416467
395	file:/data/Documents/UNAM/titulacion/codigo/analisis3/tema3/textos_a_id/2015_0725079.txt	0.013969989531231825	2.442712574153775E-4	0.005711294637664302	1.1631964638827498E-5	1.1631964638827498E-5	1.1631964638827498E-5	0.07934163080144237	1.1631964638827498E-5	1.1631964638827498E-5	0.13971152727695707	0.07527044317785274	1.1631964638827498E-5	0.0015237873676864021	0.01199255554263115	0.09329998836803537	1.1631964638827498E-5	0.18716994300337325	0.0029196231243457022	0.013737350238455275	1.1631964638827498E-5	0.00920088402931255	0.15925322787018725	1.1631964638827498E-5	1.1631964638827498E-5	3.6059090380365246E-4	0.012806793067349075	1.1631964638827498E-5	1.1631964638827498E-5	1.1631964638827498E-5	1.1631964638827498E-5	1.1631964638827498E-5	0.0018727463068512274	1.1631964638827498E-5	1.1631964638827498E-5	1.1631964638827498E-5	1.1631964638827498E-5	0.1874025822961498	1.1631964638827498E-5	1.1631964638827498E-5	1.1631964638827498E-5	2.442712574153775E-4	5.932301965802023E-4	1.1631964638827498E-5	1.1631964638827498E-5	1.1631964638827498E-5	1.1631964638827498E-5	0.0030359427707339773	1.1631964638827498E-5	1.1631964638827498E-5	1.1631964638827498E-5
396	file:/data/Documents/UNAM/titulacion/codigo/analisis3/tema3/textos_a_id/2009_0650836.txt	0.10392101946506092	1.400364094664613E-5	0.03474303318862904	9.94258507211875E-4	1.400364094664613E-5	0.039364234701022266	0.04706623722167764	0.002254586192410027	1.400364094664613E-5	0.07297297297297298	0.018778882509452456	0.05672874947486347	1.400364094664613E-5	0.001414367735611259	1.400364094664613E-5	1.400364094664613E-5	1.400364094664613E-5	1.400364094664613E-5	1.400364094664613E-5	0.009816552303598935	0.10224058255146339	0.04608598235541241	1.400364094664613E-5	1.400364094664613E-5	1.400364094664613E-5	0.03782383419689119	0.3660691779862764	1.400364094664613E-5	1.400364094664613E-5	1.400364094664613E-5	1.400364094664613E-5	0.010656770760397703	0.0018344769640106426	0.029281613219437053	1.400364094664613E-5	1.400364094664613E-5	1.400364094664613E-5	1.400364094664613E-5	1.400364094664613E-5	7.141856882789525E-4	1.400364094664613E-5	1.400364094664613E-5	1.400364094664613E-5	0.003935023106007562	1.400364094664613E-5	0.0021145497829435653	8.542220977454137E-4	1.400364094664613E-5	0.009956588713065396	1.400364094664613E-5
397	file:/data/Documents/UNAM/titulacion/codigo/analisis3/tema3/textos_a_id/2021_0810690.txt	0.14138180764774044	0.002621668597914253	1.4484356894553882E-5	1.4484356894553882E-5	1.4484356894553882E-5	1.4484356894553882E-5	0.08576187717265353	0.024493047508690614	1.4484356894553882E-5	0.14311993047508692	0.05215816917728853	0.003201042873696408	0.0037804171494785635	0.027824449594438007	1.4484356894553882E-5	0.0030561993047508694	0.008560254924681345	1.593279258400927E-4	0.005953070683661646	1.4484356894553882E-5	0.0609936268829664	0.04491599073001159	1.4484356894553882E-5	1.4484356894553882E-5	0.0017526071842410196	0.008705098493626884	1.4484356894553882E-5	0.0029113557358053303	1.4484356894553882E-5	1.4484356894553882E-5	1.4484356894553882E-5	0.08460312862108922	0.002621668597914253	1.4484356894553882E-5	0.0011732329084588643	3.041714947856315E-4	0.026231170336037078	1.4484356894553882E-5	1.4484356894553882E-5	0.0011732329084588643	1.4484356894553882E-5	1.4484356894553882E-5	1.4484356894553882E-5	1.4484356894553882E-5	5.938586326767092E-4	0.2610225955967555	1.4484356894553882E-5	1.4484356894553882E-5	5.938586326767092E-4	1.4484356894553882E-5
398	file:/data/Documents/UNAM/titulacion/codigo/analisis3/tema3/textos_a_id/2011_0668756.txt	0.01310808420307801	1.768972227136034E-5	0.005147709180965859	1.768972227136034E-5	0.2570493543251371	1.768972227136034E-5	0.06210861489474616	0.02142225367061737	1.768972227136034E-5	0.1747921457633115	0.0012559702812665842	5.483813904121705E-4	0.021776048116044576	0.00886255085795153	0.10208738722802052	1.768972227136034E-5	0.03964266761011852	1.768972227136034E-5	1.768972227136034E-5	1.768972227136034E-5	3.7148416769856716E-4	0.14330444012029012	0.002848045285689015	7.252786131257739E-4	1.768972227136034E-5	0.03504333981956483	1.768972227136034E-5	1.9458694498496374E-4	1.768972227136034E-5	0.0177074119936317	0.07802936493897046	1.768972227136034E-5	1.768972227136034E-5	1.768972227136034E-5	1.768972227136034E-5	1.768972227136034E-5	1.768972227136034E-5	9.021758358393773E-4	1.768972227136034E-5	1.768972227136034E-5	1.768972227136034E-5	9.021758358393773E-4	1.9458694498496374E-4	0.0010790730585529807	0.0023173536175482043	7.252786131257739E-4	0.0055015036263930655	1.768972227136034E-5	1.9458694498496374E-4	0.0017866619494073942
399	file:/data/Documents/UNAM/titulacion/codigo/analisis3/tema3/textos_a_id/2016_0739777.txt	0.04413783443059252	1.4007564084605687E-5	0.009399075500770415	1.4007564084605687E-5	0.001834990895083345	9.945370500070037E-4	0.049880935705280856	1.4007564084605687E-5	1.4007564084605687E-5	0.07299341644488024	0.09148340103655975	0.00967922678246253	1.4007564084605687E-5	0.04105617033197927	1.4007564084605687E-5	1.5408320493066256E-4	1.4007564084605687E-5	1.4007564084605687E-5	1.4007564084605687E-5	0.008278470374001961	0.07145258439557362	0.07789606387449223	1.5408320493066256E-4	0.009118924219078301	0.24850819442498948	0.04960078442358874	1.4007564084605687E-5	1.4007564084605687E-5	1.4007564084605687E-5	1.4007564084605687E-5	1.4007564084605687E-5	0.0035158985852360275	0.09428491385348088	0.002115142176775459	1.4007564084605687E-5	1.4007564084605687E-5	0.003375822944389971	0.019624597282532567	1.4007564084605687E-5	0.04385768314890041	1.4007564084605687E-5	0.010799831909230983	1.4007564084605687E-5	1.4007564084605687E-5	1.5408320493066256E-4	0.035032917775598825	2.941588457767194E-4	1.4007564084605687E-5	1.4007564084605687E-5	1.4007564084605687E-5
400	file:/data/Documents/UNAM/titulacion/codigo/analisis3/tema3/textos_a_id/2013_0696088.txt	0.06762921266174428	7.3104759119818705E-6	8.041523503180058E-5	2.9972951239125664E-4	7.383580671101688E-4	7.3104759119818705E-6	0.019380071642663938	8.041523503180058E-5	7.3104759119818705E-6	0.19622048395350536	0.09416624022223846	0.1576211711382411	7.3104759119818705E-6	0.010826814825645148	0.0552014036113751	7.3104759119818705E-6	0.008048833979092038	7.3104759119818705E-6	7.3104759119818705E-6	7.3104759119818705E-6	0.04518605161195994	0.11098033481979676	1.5351999415161928E-4	7.3104759119818705E-6	7.3104759119818705E-6	0.020695957306820674	7.3104759119818705E-6	7.3104759119818705E-6	7.3104759119818705E-6	0.007463995906133489	7.3104759119818705E-6	5.921485488705314E-4	7.3104759119818705E-6	7.3104759119818705E-6	2.9972951239125664E-4	0.20353095986548725	7.3104759119818705E-6	1.5351999415161928E-4	7.3104759119818705E-6	7.3104759119818705E-6	7.3104759119818705E-6	7.3104759119818705E-6	7.3104759119818705E-6	7.3104759119818705E-6	7.3104759119818705E-6	7.3104759119818705E-6	1.5351999415161928E-4	8.041523503180058E-5	7.3104759119818705E-6	2.26624753271438E-4
401	file:/data/Documents/UNAM/titulacion/codigo/analisis3/tema3/textos_a_id/2016_0745038.txt	0.02220413060245094	8.569714628502872E-6	9.426686091353158E-5	9.426686091353158E-5	8.569714628502872E-6	8.569714628502872E-6	0.07473648127517354	0.001465421201473991	8.569714628502872E-6	0.21665095552318106	0.031030936669808898	0.14012340389065042	8.569714628502872E-6	8.569714628502872E-6	0.009863741537406804	8.569714628502872E-6	0.0015511183477590197	8.569714628502872E-6	0.02828862798868798	8.569714628502872E-6	0.021689947724740765	0.0749078755677436	0.1378952780872397	8.569714628502872E-6	8.569714628502872E-6	0.035144399691490275	8.569714628502872E-6	8.569714628502872E-6	0.001122632616333876	1.7996400719856028E-4	8.569714628502872E-6	8.569714628502872E-6	8.569714628502872E-6	8.569714628502872E-6	8.569714628502872E-6	8.569714628502872E-6	9.426686091353158E-5	8.569714628502872E-6	0.005921672808295483	8.569714628502872E-6	8.569714628502872E-6	8.569714628502872E-6	0.19599794326848916	8.569714628502872E-6	2.65661153483589E-4	1.7996400719856028E-4	8.569714628502872E-6	8.569714628502872E-6	8.569714628502872E-6	2.65661153483589E-4
402	file:/data/Documents/UNAM/titulacion/codigo/analisis3/tema3/textos_a_id/2013_0703374.txt	0.030094850948509486	0.001097560975609756	1.3550135501355014E-5	1.3550135501355014E-5	1.3550135501355014E-5	1.3550135501355014E-5	0.0409349593495935	0.0054336043360433605	1.3550135501355014E-5	0.06397018970189702	0.1485230352303523	1.4905149051490515E-4	4.200542005420054E-4	0.03334688346883469	0.013428184281842817	1.3550135501355014E-5	1.3550135501355014E-5	1.3550135501355014E-5	1.3550135501355014E-5	5.555555555555556E-4	0.02779132791327913	0.1547560975609756	1.3550135501355014E-5	1.3550135501355014E-5	1.3550135501355014E-5	0.010311653116531164	1.3550135501355014E-5	1.3550135501355014E-5	1.3550135501355014E-5	1.3550135501355014E-5	1.3550135501355014E-5	0.0043495934959349595	0.3389024390243902	1.3550135501355014E-5	0.002994579945799458	0.0015040650406504064	4.200542005420054E-4	0.006517615176151762	1.3550135501355014E-5	0.008143631436314363	1.3550135501355014E-5	0.09865853658536586	1.3550135501355014E-5	1.3550135501355014E-5	1.3550135501355014E-5	1.3550135501355014E-5	0.007330623306233063	1.3550135501355014E-5	1.3550135501355014E-5	1.3550135501355014E-5
403	file:/data/Documents/UNAM/titulacion/codigo/analisis3/tema3/textos_a_id/2017_0759014.txt	0.01209928558344019	5.587103865176772E-4	9.159186664224217E-6	0.0016578127862245833	9.159186664224217E-6	0.0022073639860780364	0.11440740062282469	0.0017494046528668255	9.159186664224217E-6	0.07914453196556145	0.035546803443854184	0.0675123649019967	9.159186664224217E-6	0.10305000915918666	0.1101025828906393	9.159186664224217E-6	3.7552665323319285E-4	1.0075105330646639E-4	0.001016669719728888	9.159186664224217E-6	0.006878549184832387	0.13034438541857482	9.159186664224217E-6	0.005138303718629786	9.159186664224217E-6	0.0017494046528668255	9.159186664224217E-6	0.001016669719728888	9.159186664224217E-6	9.159186664224217E-6	0.0023905477193625208	0.2797307199120718	0.012007693716797947	1.0075105330646639E-4	9.159186664224217E-6	9.159186664224217E-6	9.159186664224217E-6	0.001016669719728888	3.7552665323319285E-4	2.8393478659095075E-4	9.159186664224217E-6	0.014389082249496244	9.159186664224217E-6	9.159186664224217E-6	0.001016669719728888	9.159186664224217E-6	0.003947609452280638	0.002665323319289247	1.0075105330646639E-4	0.007153324784759113
404	file:/data/Documents/UNAM/titulacion/codigo/analisis3/tema3/textos_a_id/2018_0772999.txt	0.03479082661290323	1.2600806451612903E-5	1.2600806451612903E-5	1.2600806451612903E-5	0.01727570564516129	1.2600806451612903E-5	0.04991179435483871	1.2600806451612903E-5	1.2600806451612903E-5	0.13773941532258063	0.16420110887096773	0.0013986895161290321	0.005682963709677419	0.004926915322580645	1.2600806451612903E-5	1.2600806451612903E-5	1.2600806451612903E-5	1.2600806451612903E-5	0.08595010080645162	1.2600806451612903E-5	0.017653729838709678	0.11707409274193549	1.2600806451612903E-5	6.42641129032258E-4	0.34136844758064516	0.011731350806451612	1.2600806451612903E-5	1.2600806451612903E-5	1.2600806451612903E-5	1.2600806451612903E-5	1.2600806451612903E-5	1.2600806451612903E-5	1.3860887096774194E-4	1.3860887096774194E-4	1.2600806451612903E-5	1.2600806451612903E-5	0.0022807459677419355	1.2600806451612903E-5	1.2600806451612903E-5	0.002784778225806452	1.2600806451612903E-5	0.0026587701612903226	1.2600806451612903E-5	1.2600806451612903E-5	1.2600806451612903E-5	1.3860887096774194E-4	0.0010206653225806452	1.2600806451612903E-5	1.3860887096774194E-4	1.2600806451612903E-5
405	file:/data/Documents/UNAM/titulacion/codigo/analisis3/tema3/textos_a_id/2010_0663925.txt	0.023805011581385555	0.01085491682459465	0.01443461781427669	1.0528532322594231E-5	1.0528532322594231E-5	1.0528532322594231E-5	0.05865445356917246	0.00622236260265319	1.0528532322594231E-5	0.0846599284059802	0.1374078753421773	1.0528532322594231E-5	1.0528532322594231E-5	1.0528532322594231E-5	0.05970730680143188	1.0528532322594231E-5	1.0528532322594231E-5	1.0528532322594231E-5	1.0528532322594231E-5	0.004748368077489998	0.017593177511054957	0.09403032217308907	5.369551484523057E-4	1.0528532322594231E-5	1.0528532322594231E-5	1.0528532322594231E-5	1.0528532322594231E-5	2.2109917877447885E-4	1.0528532322594231E-5	2.2109917877447885E-4	1.0528532322594231E-5	0.17215203200673826	1.0528532322594231E-5	1.0528532322594231E-5	1.0528532322594231E-5	6.42240471678248E-4	1.0528532322594231E-5	1.0528532322594231E-5	1.0528532322594231E-5	1.0528532322594231E-5	1.0528532322594231E-5	1.0528532322594231E-5	1.0528532322594231E-5	1.0528532322594231E-5	1.0528532322594231E-5	1.0528532322594231E-5	1.0528532322594231E-5	1.0528532322594231E-5	0.01264476731943567	0.3011265529585176
406	file:/data/Documents/UNAM/titulacion/codigo/analisis3/tema3/textos_a_id/2007_0626143.txt	0.02082396460433742	7.253209545223762E-6	5.149778777108871E-4	7.253209545223762E-6	0.0015304272140422139	7.253209545223762E-6	0.04301878581272213	7.253209545223762E-6	7.253209545223762E-6	0.18206281279466163	0.09937622397911075	1.52317400449699E-4	7.978530499746138E-5	0.0021832160731123525	0.0525930224124175	7.253209545223762E-6	7.253209545223762E-6	7.253209545223762E-6	0.007550591136577935	0.006027417132080945	0.04628273010807282	0.09959382026546747	7.253209545223762E-6	0.001312830927685501	1.52317400449699E-4	0.01045187495466744	7.253209545223762E-6	0.0012402988322332633	7.253209545223762E-6	7.253209545223762E-6	7.253209545223762E-6	0.06550373540291579	0.34417204613041275	7.253209545223762E-6	0.0024733444549213026	7.253209545223762E-6	7.253209545223762E-6	7.253209545223762E-6	7.253209545223762E-6	7.253209545223762E-6	2.2484949590193662E-4	0.0026909407412780157	7.253209545223762E-6	7.253209545223762E-6	7.253209545223762E-6	2.2484949590193662E-4	7.253209545223762E-6	7.253209545223762E-6	7.253209545223762E-6	0.009581489809240588
407	file:/data/Documents/UNAM/titulacion/codigo/analisis3/tema3/textos_a_id/2021_0817829.txt	0.06336001856363847	0.003956375449588119	1.160227404571296E-5	1.160227404571296E-5	1.2762501450284256E-4	1.160227404571296E-5	0.08668058939552152	0.0011718296786170088	1.160227404571296E-5	0.07925513400626523	0.09944309084580578	1.160227404571296E-5	1.160227404571296E-5	0.005928762037359323	0.13088525350968788	1.160227404571296E-5	0.04259194802181228	1.160227404571296E-5	0.05338206288432533	1.160227404571296E-5	0.011729899060215801	0.1402830954867154	5.91715976331361E-4	1.160227404571296E-5	0.002912170785473953	0.008945353289244692	1.160227404571296E-5	1.160227404571296E-5	1.160227404571296E-5	0.005812739296902193	5.91715976331361E-4	1.160227404571296E-5	1.160227404571296E-5	1.160227404571296E-5	1.2762501450284256E-4	1.160227404571296E-5	1.160227404571296E-5	1.160227404571296E-5	1.160227404571296E-5	1.160227404571296E-5	0.010453648915187377	1.160227404571296E-5	0.25143288084464555	1.160227404571296E-5	1.160227404571296E-5	1.160227404571296E-5	1.160227404571296E-5	1.160227404571296E-5	1.160227404571296E-5	1.160227404571296E-5
408	file:/data/Documents/UNAM/titulacion/codigo/analisis3/tema3/textos_a_id/2015_0724109.txt	0.02639570552147239	1.5337423312883436E-5	0.0010889570552147238	6.288343558282208E-4	1.5337423312883436E-5	0.0012423312883435582	0.03774539877300613	1.5337423312883436E-5	1.5337423312883436E-5	0.07056748466257669	0.17501533742331288	1.5337423312883436E-5	6.288343558282208E-4	0.020567484662576685	0.03590490797546012	0.007837423312883436	1.5337423312883436E-5	0.005076687116564418	0.022714723926380367	3.2208588957055215E-4	0.05400306748466258	0.10768404907975461	1.5337423312883436E-5	0.016273006134969323	1.5337423312883436E-5	0.013819018404907974	0.0015490797546012269	0.0015490797546012269	1.5337423312883436E-5	1.5337423312883436E-5	1.5337423312883436E-5	0.005536809815950921	1.5337423312883436E-5	1.5337423312883436E-5	1.5337423312883436E-5	1.5337423312883436E-5	0.32884969325153374	1.5337423312883436E-5	1.5337423312883436E-5	1.5337423312883436E-5	0.00200920245398773	0.0469478527607362	9.355828220858895E-4	1.5337423312883436E-5	1.5337423312883436E-5	1.5337423312883436E-5	1.5337423312883436E-5	0.008604294478527608	1.5337423312883436E-5	0.006150306748466258
409	file:/data/Documents/UNAM/titulacion/codigo/analisis3/tema3/textos_a_id/2006_0609650.txt	0.25109658371994936	0.0033811331365106146	7.029382820188388E-6	0.004857303528750175	2.1791086742584E-4	7.029382820188388E-6	0.02067341487417405	7.029382820188388E-6	7.029382820188388E-6	0.04148038802193168	0.07943905525094896	0.0317798397300717	0.0016940812596654014	0.014839027133417686	0.020814002530577816	2.8820469562772385E-4	0.011886686348938563	0.004365246731336989	7.029382820188388E-6	0.009004639392661324	0.24343455644594403	0.04211303247574863	7.029382820188388E-6	7.029382820188388E-6	7.732321102207227E-5	0.01849430619991565	7.80261493040911E-4	7.029382820188388E-6	0.002467313369886124	7.029382820188388E-6	9.208491494446787E-4	0.03887951637846197	7.029382820188388E-6	5.693800084352594E-4	7.029382820188388E-6	0.09743427527063123	9.208491494446787E-4	7.029382820188388E-6	0.0016237874314635177	7.029382820188388E-6	0.001904962744271053	0.00548994798256713	7.029382820188388E-6	0.03156895824546605	0.002889076339097427	0.003521720792914382	0.0040137775903275694	7.029382820188388E-6	0.0018346689160691693	0.005138478841557711
410	file:/data/Documents/UNAM/titulacion/codigo/analisis3/tema3/textos_a_id/2017_0768151.txt	0.006402365917992167	3.2771161377987367E-4	0.007201662536967468	0.004963632003836624	7.992966189753017E-6	7.992966189753017E-6	0.02558548477339941	2.4778195188234354E-4	1.6785228998481336E-4	0.13317080968747502	0.027343937335145074	0.06706897929821758	7.992966189753017E-6	0.015594277036208136	0.011517864279434098	7.992966189753017E-6	7.992966189753017E-6	0.005603069299016865	7.992966189753017E-6	0.0024858124850131885	0.02614499240668212	0.1007992966189753	4.0764127567740385E-4	0.0038446167372712015	7.992966189753017E-6	0.02646471105427224	7.992966189753017E-6	7.992966189753017E-6	1.6785228998481336E-4	7.992966189753017E-6	7.992966189753017E-6	0.01263687954599952	8.79226280872832E-5	7.992966189753017E-6	7.992966189753017E-6	7.992966189753017E-6	0.0016865158660378868	0.42827112141315643	1.6785228998481336E-4	0.03461753656782032	6.474302613699944E-4	0.011358004955639038	7.992966189753017E-6	0.03605627048197586	0.004324194708656383	7.992966189753017E-6	7.992966189753017E-6	7.992966189753017E-6	0.004084405722963792	4.0764127567740385E-4
411	file:/data/Documents/UNAM/titulacion/codigo/analisis3/tema3/textos_a_id/2015_0735099.txt	0.037456747404844296	1.2357884330202669E-5	1.2357884330202669E-5	0.0012481463173504696	2.595155709342561E-4	1.2357884330202669E-5	0.12482698961937716	1.2357884330202669E-5	1.2357884330202669E-5	0.058341571922886803	0.12371478002965892	3.8309441423628276E-4	1.3593672763222937E-4	0.009157192288680177	0.10443648047454276	1.2357884330202669E-5	0.002854671280276817	3.8309441423628276E-4	0.00792140385565991	0.20997281265447354	0.02806475531389026	0.10653732081067721	1.2357884330202669E-5	1.2357884330202669E-5	5.066732575383094E-4	0.015212555610479486	1.3593672763222937E-4	1.2357884330202669E-5	1.2357884330202669E-5	0.0017424616905585763	0.0016188828472565497	0.1365669797330697	1.2357884330202669E-5	1.2357884330202669E-5	8.774097874443894E-4	1.2357884330202669E-5	1.3593672763222937E-4	1.2357884330202669E-5	1.2357884330202669E-5	1.2357884330202669E-5	5.066732575383094E-4	0.0180548690064261	1.3593672763222937E-4	1.2357884330202669E-5	0.0011245674740484428	3.8309441423628276E-4	1.2357884330202669E-5	6.302521008403361E-4	1.2357884330202669E-5	0.006438457736035591
412	file:/data/Documents/UNAM/titulacion/codigo/analisis3/tema3/textos_a_id/2023_0842479.txt	0.025028430629264596	9.476876421531464E-6	0.029008718726307812	0.004653146322971948	9.476876421531464E-6	9.476876421531464E-6	0.004179302501895375	0.42286770280515545	9.476876421531464E-6	0.05402767247915087	0.07080174374526156	0.002473464746019712	9.476876421531464E-6	0.00815959059893859	0.006358984078847611	9.476876421531464E-6	9.476876421531464E-6	4.833206974981046E-4	9.476876421531464E-6	9.476876421531464E-6	0.07800416982562548	0.13363343442001516	9.476876421531464E-6	9.476876421531464E-6	1.042456406368461E-4	0.04748862774829416	1.042456406368461E-4	9.476876421531464E-6	9.476876421531464E-6	0.0023786959818043974	9.476876421531464E-6	9.476876421531464E-6	9.476876421531464E-6	9.476876421531464E-6	9.476876421531464E-6	9.476876421531464E-6	9.476876421531464E-6	9.476876421531464E-6	9.476876421531464E-6	1.042456406368461E-4	9.476876421531464E-6	9.476876421531464E-6	9.476876421531464E-6	9.476876421531464E-6	9.476876421531464E-6	9.476876421531464E-6	0.10984647460197118	9.476876421531464E-6	9.476876421531464E-6	9.476876421531464E-6
413	file:/data/Documents/UNAM/titulacion/codigo/analisis3/tema3/textos_a_id/2013_0723683.txt	0.006441016852327906	1.4281633818908884E-5	0.0018708940302770637	1.5709797200799772E-4	1.4281633818908884E-5	2.999143101970866E-4	0.0011568123393316196	0.5765638389031705	1.4281633818908884E-5	0.06913738931733791	0.009154527277920594	1.5709797200799772E-4	1.4281633818908884E-5	1.4281633818908884E-5	1.4281633818908884E-5	1.4281633818908884E-5	1.4281633818908884E-5	1.4281633818908884E-5	1.4281633818908884E-5	1.4281633818908884E-5	0.005012853470437019	0.05228506141102542	1.4281633818908884E-5	1.4281633818908884E-5	1.4281633818908884E-5	0.08099114538703228	1.4281633818908884E-5	1.4281633818908884E-5	1.4281633818908884E-5	1.4281633818908884E-5	1.5709797200799772E-4	1.4281633818908884E-5	2.999143101970866E-4	1.4281633818908884E-5	1.5709797200799772E-4	1.4281633818908884E-5	1.4281633818908884E-5	1.4281633818908884E-5	1.4281633818908884E-5	1.4281633818908884E-5	1.4281633818908884E-5	1.4281633818908884E-5	1.4281633818908884E-5	1.4281633818908884E-5	1.4281633818908884E-5	1.4281633818908884E-5	0.19410168523279062	1.4281633818908884E-5	1.4281633818908884E-5	0.001585261353898886
414	file:/data/Documents/UNAM/titulacion/codigo/analisis3/tema3/textos_a_id/2021_0815690.txt	8.031483414986748E-6	8.031483414986748E-6	1.6866115171472172E-4	8.031483414986748E-6	8.031483414986748E-6	8.031483414986748E-6	8.031483414986748E-6	0.013741868123042325	8.031483414986748E-6	0.16754477552003855	0.048277246807485345	0.08891655288731828	8.031483414986748E-6	0.05759376756886997	0.03470403983615774	8.031483414986748E-6	8.031483414986748E-6	8.834631756485424E-5	8.031483414986748E-6	8.031483414986748E-6	0.019604851015982652	0.12064091237651593	8.031483414986748E-6	8.031483414986748E-6	8.031483414986748E-6	0.11140470644928117	8.031483414986748E-6	8.031483414986748E-6	0.310906754477552	8.031483414986748E-6	8.031483414986748E-6	0.001694643000562204	8.834631756485424E-5	8.834631756485424E-5	8.031483414986748E-6	8.834631756485424E-5	8.031483414986748E-6	8.031483414986748E-6	0.0012930688298128665	8.031483414986748E-6	8.031483414986748E-6	0.00980644124969882	8.031483414986748E-6	8.031483414986748E-6	8.031483414986748E-6	8.031483414986748E-6	0.010368645088747892	0.0024174765079110114	8.031483414986748E-6	3.2929082001445666E-4
415	file:/data/Documents/UNAM/titulacion/codigo/analisis3/tema3/textos_a_id/2019_0795031.txt	0.03327081770442611	0.004888722180545137	5.126281570392597E-4	1.2503125781445362E-5	1.2503125781445362E-5	6.376594148537134E-4	0.12379344836209052	1.37534383595899E-4	1.2503125781445362E-5	0.168304576144036	0.023768442110527633	0.003388347086771693	0.0012628157039259816	0.0026381595398849715	0.06327831957989498	1.37534383595899E-4	0.01714178544636159	1.2503125781445362E-5	0.007889472368092024	0.0015128782195548886	0.01614153538384596	0.11279069767441861	1.2503125781445362E-5	1.2503125781445362E-5	1.2503125781445362E-5	0.019892473118279567	1.2503125781445362E-5	6.376594148537134E-4	1.2503125781445362E-5	1.2503125781445362E-5	1.2503125781445362E-5	0.38210802700675167	1.2503125781445362E-5	3.875968992248062E-4	1.2503125781445362E-5	1.2503125781445362E-5	6.376594148537134E-4	1.2503125781445362E-5	1.2503125781445362E-5	1.2503125781445362E-5	0.005138784696174043	0.005638909727431858	1.2503125781445362E-5	1.2503125781445362E-5	1.2503125781445362E-5	0.0020130032508127033	1.2503125781445362E-5	0.001762940735183796	1.2503125781445362E-5	1.2503125781445362E-5
416	file:/data/Documents/UNAM/titulacion/codigo/analisis3/tema3/textos_a_id/2022_0829243.txt	0.15882145688364308	8.808244516867789E-6	8.808244516867789E-6	8.808244516867789E-6	8.808244516867789E-6	0.05972870606888048	0.04669250418391615	8.808244516867789E-6	8.808244516867789E-6	0.09126222143926714	0.04501893772571127	0.11618955342200299	8.808244516867789E-6	2.730555800229014E-4	0.08500836783229103	8.808244516867789E-6	0.01612789571038492	8.808244516867789E-6	0.007495816083854487	8.808244516867789E-6	0.09161455121994186	0.09090989165859244	8.808244516867789E-6	4.4922047036025716E-4	8.808244516867789E-6	8.808244516867789E-6	9.689068968554568E-5	8.808244516867789E-6	8.808244516867789E-6	8.808244516867789E-6	8.808244516867789E-6	0.003708270941601339	8.808244516867789E-6	8.808244516867789E-6	1.8497313485422355E-4	2.730555800229014E-4	0.15741213776094423	8.808244516867789E-6	8.808244516867789E-6	8.808244516867789E-6	0.019298863736457325	0.008905135206553333	8.808244516867789E-6	8.808244516867789E-6	8.808244516867789E-6	8.808244516867789E-6	9.689068968554568E-5	1.8497313485422355E-4	8.808244516867789E-6	8.808244516867789E-6
417	file:/data/Documents/UNAM/titulacion/codigo/analisis3/tema3/textos_a_id/2019_0788573.txt	0.061467889908256884	1.2567550584391103E-5	3.895940681161242E-4	1.2567550584391103E-5	1.3824305642830213E-4	1.2567550584391103E-5	0.0309287419881865	2.6391856227221314E-4	1.2567550584391103E-5	0.10884755561141134	0.04600980268945583	1.2567550584391103E-5	0.3100540404675129	8.922960914917683E-4	0.11588538393867036	1.2567550584391103E-5	0.08748271961794646	1.2567550584391103E-5	1.2567550584391103E-5	1.2567550584391103E-5	0.005542289807716476	0.19015960789242176	1.2567550584391103E-5	1.3824305642830213E-4	1.2567550584391103E-5	0.015344979263541536	1.2567550584391103E-5	1.2567550584391103E-5	1.2567550584391103E-5	1.3824305642830213E-4	0.022634158602488373	1.2567550584391103E-5	1.2567550584391103E-5	1.2567550584391103E-5	1.2567550584391103E-5	1.2567550584391103E-5	1.2567550584391103E-5	1.3824305642830213E-4	0.0018977001382430563	1.2567550584391103E-5	1.2567550584391103E-5	1.2567550584391103E-5	1.2567550584391103E-5	1.3824305642830213E-4	7.666205856478572E-4	1.3824305642830213E-4	1.2567550584391103E-5	2.6391856227221314E-4	1.2567550584391103E-5	1.2567550584391103E-5
418	file:/data/Documents/UNAM/titulacion/codigo/analisis3/tema3/textos_a_id/2011_0721876.txt	0.006887244231606443	1.828471919895516E-4	0.007932085328689595	8.7070091423596E-6	7.923378319547235E-4	8.7070091423596E-6	0.02047017849368742	0.0017501088376142796	8.7070091423596E-6	0.1532520679146713	0.051031780583369615	0.17031780583369613	8.7070091423596E-6	0.02107966913365259	9.57771005659556E-5	8.7070091423596E-6	8.7070091423596E-6	8.7070091423596E-6	8.7070091423596E-6	8.7070091423596E-6	0.05695254680017414	0.08011319111885068	8.7070091423596E-6	8.7070091423596E-6	8.7070091423596E-6	0.020296038310840227	8.7070091423596E-6	2.699172834131476E-4	8.7070091423596E-6	8.7070091423596E-6	8.7070091423596E-6	0.0317022202873313	0.31737919024814976	8.7070091423596E-6	8.7070091423596E-6	8.7070091423596E-6	8.7070091423596E-6	0.026216804527644758	8.7070091423596E-6	7.923378319547235E-4	0.0014018284719198957	0.029525468001741405	8.7070091423596E-6	8.7070091423596E-6	8.7070091423596E-6	8.7070091423596E-6	9.57771005659556E-5	8.794079233783195E-4	8.7070091423596E-6	3.5698737483674353E-4
419	file:/data/Documents/UNAM/titulacion/codigo/analisis3/tema3/textos_a_id/2023_0849882.txt	0.07684467288091297	8.711560240439062E-6	0.002186601620350205	1.8294276504922033E-4	8.711560240439062E-6	0.003928913668438018	0.11108110462583848	0.005322763306908267	8.711560240439062E-6	0.06943984667653977	0.07789006010976567	0.0017510236083282517	8.711560240439062E-6	0.023878386619043474	0.01717048523390539	8.711560240439062E-6	0.0012283299939019078	8.711560240439062E-6	0.11439149751720533	8.711560240439062E-6	0.0329384092691001	0.08442373029009496	0.0022737172227545953	8.711560240439062E-6	1.8294276504922033E-4	0.03616168655806255	8.711560240439062E-6	0.001925254813137033	8.711560240439062E-6	0.3104887185294886	0.01403432354734733	8.711560240439062E-6	8.711560240439062E-6	8.711560240439062E-6	8.711560240439062E-6	8.711560240439062E-6	8.711560240439062E-6	2.7005836745361094E-4	5.314051746667828E-4	8.711560240439062E-6	9.58271626448297E-5	0.002360832825158986	8.711560240439062E-6	8.711560240439062E-6	8.711560240439062E-6	3.5717396985800154E-4	8.711560240439062E-6	0.00845892499346633	8.711560240439062E-6	8.711560240439062E-6
420	file:/data/Documents/UNAM/titulacion/codigo/analisis3/tema3/textos_a_id/2010_0665553.txt	0.017210923881464266	0.0018710052295177223	1.1621150493898897E-5	0.00326554328878559	1.1621150493898897E-5	1.1621150493898897E-5	0.06973852411388727	1.1621150493898897E-5	1.1621150493898897E-5	0.12331202789076118	0.07508425334108076	0.016978500871586286	1.1621150493898897E-5	0.33923300406740264	0.009657176060429982	1.2783265543288787E-4	1.1621150493898897E-5	0.002916908773968623	0.030226612434631032	1.1621150493898897E-5	0.04149912841371296	0.15306217315514234	1.1621150493898897E-5	5.926786751888437E-4	1.1621150493898897E-5	0.049866356769320164	1.1621150493898897E-5	1.1621150493898897E-5	0.00326554328878559	1.1621150493898897E-5	0.016165020337013364	1.1621150493898897E-5	1.1621150493898897E-5	1.1621150493898897E-5	0.0017547937245787333	1.1621150493898897E-5	1.1621150493898897E-5	2.440441603718768E-4	1.1621150493898897E-5	1.1621150493898897E-5	1.1621150493898897E-5	0.01546775130737943	1.1621150493898897E-5	0.0024520627542126672	1.1621150493898897E-5	1.1621150493898897E-5	0.007216734456711215	0.009424753050552005	0.00884369552585706	2.440441603718768E-4
421	file:/data/Documents/UNAM/titulacion/codigo/analisis3/tema3/textos_a_id/2015_0738522.txt	0.02997121925693354	1.3082155939298798E-5	1.4390371533228678E-4	1.3082155939298798E-5	1.3082155939298798E-5	0.0043301936159079015	0.10519361590790162	0.0014521193092621664	1.3082155939298798E-5	0.1607927786499215	0.03141025641025641	2.747252747252747E-4	1.3082155939298798E-5	1.3082155939298798E-5	0.12573260073260073	1.3082155939298798E-5	0.2455651491365777	1.4390371533228678E-4	0.02944793301936159	1.3082155939298798E-5	1.3082155939298798E-5	0.10820251177394034	1.4390371533228678E-4	1.3082155939298798E-5	1.3082155939298798E-5	0.0024986917844060704	1.3082155939298798E-5	1.3082155939298798E-5	1.3082155939298798E-5	0.009824699110413395	1.3082155939298798E-5	1.3082155939298798E-5	1.3082155939298798E-5	1.3082155939298798E-5	2.747252747252747E-4	5.363683935112506E-4	1.3082155939298798E-5	1.3082155939298798E-5	4.055468341182627E-4	1.3082155939298798E-5	1.3082155939298798E-5	1.3082155939298798E-5	1.3082155939298798E-5	1.3082155939298798E-5	0.1432626896912611	1.3082155939298798E-5	1.3082155939298798E-5	1.3082155939298798E-5	1.3082155939298798E-5	1.3082155939298798E-5
422	file:/data/Documents/UNAM/titulacion/codigo/analisis3/tema3/textos_a_id/2013_0690270.txt	0.024810203461888853	1.0122482032594393E-5	1.0122482032594393E-5	1.0122482032594393E-5	1.0122482032594393E-5	1.0122482032594393E-5	0.048800485879137566	1.1134730235853833E-4	1.0122482032594393E-5	0.21339204372912238	0.08675979350136653	0.0015284947869217533	0.0025407429901811926	0.005476262779633566	0.049509059621419174	1.0122482032594393E-5	0.3497418767081688	0.0011235955056179774	2.1257212268448224E-4	8.199210446401457E-4	0.04363802004251443	0.13868812632857574	1.0122482032594393E-5	2.1257212268448224E-4	1.0122482032594393E-5	0.019141613523635994	1.0122482032594393E-5	1.0122482032594393E-5	1.0122482032594393E-5	1.0122482032594393E-5	1.0122482032594393E-5	0.0024395181698552487	1.0122482032594393E-5	1.0122482032594393E-5	0.0010223706852920335	1.0122482032594393E-5	1.0122482032594393E-5	1.0122482032594393E-5	1.0122482032594393E-5	3.137969430104262E-4	1.0122482032594393E-5	0.0049701386780038465	2.1257212268448224E-4	1.0122482032594393E-5	1.0122482032594393E-5	1.0122482032594393E-5	0.004261564935722239	1.0122482032594393E-5	1.0122482032594393E-5	1.0122482032594393E-5
423	file:/data/Documents/UNAM/titulacion/codigo/analisis3/tema3/textos_a_id/2013_0689275.txt	0.03389460555035859	1.0393929944912171E-5	1.0393929944912171E-5	3.222118282922773E-4	0.0012576655233343726	1.0393929944912171E-5	0.123074524477705	0.007078266292485188	1.0393929944912171E-5	0.1311817898347365	0.051356407857811044	1.0393929944912171E-5	1.0393929944912171E-5	0.012587049163288639	0.03898763122336556	0.0012576655233343726	0.060607005508782875	7.379690260887642E-4	2.1827252884315561E-4	1.0393929944912171E-5	0.03493399854484981	0.15352873921629767	4.26151127741399E-4	0.004583723105706268	1.0393929944912171E-5	0.013106745660534247	1.0393929944912171E-5	1.0393929944912171E-5	1.0393929944912171E-5	1.0393929944912171E-5	0.009260991580916743	0.005519176800748363	1.143332293940339E-4	2.1827252884315561E-4	1.0393929944912171E-5	1.0393929944912171E-5	0.009676748778713232	1.0393929944912171E-5	0.29852406194782244	1.0393929944912171E-5	1.0393929944912171E-5	0.004583723105706268	1.0393929944912171E-5	1.0393929944912171E-5	6.340297266396424E-4	0.0012576655233343726	4.26151127741399E-4	3.222118282922773E-4	1.0393929944912171E-5	1.143332293940339E-4
424	file:/data/Documents/UNAM/titulacion/codigo/analisis3/tema3/textos_a_id/2016_0753549.txt	0.05423788753978546	1.1788282447247436E-5	1.1788282447247436E-5	1.1788282447247436E-5	1.1788282447247436E-5	0.03231168218790523	0.12013438641989863	1.1788282447247436E-5	1.1788282447247436E-5	0.07510314747141342	0.2185665448544147	1.1788282447247436E-5	2.475539313921962E-4	0.022763173405634798	0.04032771425203348	1.1788282447247436E-5	0.09750088412118355	1.1788282447247436E-5	6.012024048096192E-4	0.03337262760815749	0.034787221501827184	0.16905575857597546	1.1788282447247436E-5	1.1788282447247436E-5	0.011092773782859836	1.1788282447247436E-5	1.1788282447247436E-5	1.1788282447247436E-5	1.1788282447247436E-5	2.475539313921962E-4	0.004373452787928799	1.1788282447247436E-5	1.1788282447247436E-5	1.1788282447247436E-5	0.012153719203112106	1.1788282447247436E-5	1.1788282447247436E-5	0.002133679122951786	1.1788282447247436E-5	1.1788282447247436E-5	1.2967110691972181E-4	1.1788282447247436E-5	0.013450430272309324	0.05635977838028999	7.190852292820936E-4	1.1788282447247436E-5	1.1788282447247436E-5	1.1788282447247436E-5	1.1788282447247436E-5	1.1788282447247436E-5
425	file:/data/Documents/UNAM/titulacion/codigo/analisis3/tema3/textos_a_id/2016_0750437.txt	0.012529970695320131	0.20221117129917413	9.768226622857651E-5	0.0016961193499689194	8.880206020779683E-6	2.7528638664417015E-4	0.11181067400763697	8.880206020779683E-6	8.880206020779683E-6	0.13694165704644348	0.019722937572151673	0.004804191457241808	8.880206020779683E-6	0.06412396767605008	0.10612734215433797	0.008800284166592665	0.09884557321729863	1.8648432643637332E-4	8.880206020779683E-6	9.768226622857651E-5	0.0015185152295533258	0.17725779238078324	8.880206020779683E-6	8.880206020779683E-6	9.768226622857651E-5	0.03659532901163307	9.768226622857651E-5	8.880206020779683E-6	8.880206020779683E-6	8.880206020779683E-6	8.880206020779683E-6	8.880206020779683E-6	8.880206020779683E-6	8.880206020779683E-6	8.880206020779683E-6	8.880206020779683E-6	8.880206020779683E-6	8.880206020779683E-6	0.0018737234703845131	1.8648432643637332E-4	0.0022289317112157005	8.880206020779683E-6	8.880206020779683E-6	8.880206020779683E-6	1.8648432643637332E-4	8.880206020779683E-6	0.007645857383891306	0.0011633069887221383	8.880206020779683E-6	0.0026729420122546844
426	file:/data/Documents/UNAM/titulacion/codigo/analisis3/tema3/textos_a_id/2014_0723630.txt	0.1902351485148515	1.2376237623762377E-5	0.004715346534653465	1.2376237623762377E-5	1.2376237623762377E-5	0.18379950495049505	0.06102722772277228	1.2376237623762377E-5	1.2376237623762377E-5	0.07179455445544555	0.08070544554455446	0.07823019801980198	1.3613861386138615E-4	0.0053341584158415846	1.2376237623762377E-5	3.836633663366337E-4	0.00978960396039604	1.2376237623762377E-5	0.006695544554455445	1.2376237623762377E-5	0.19419554455445542	0.05050742574257426	1.2376237623762377E-5	1.2376237623762377E-5	0.0053341584158415846	0.011522277227722772	0.00978960396039604	5.074257425742573E-4	1.2376237623762377E-5	1.2376237623762377E-5	0.015482673267326733	1.2376237623762377E-5	1.2376237623762377E-5	0.0022400990099009904	1.2376237623762377E-5	1.2376237623762377E-5	0.003972772277227723	1.2376237623762377E-5	1.2376237623762377E-5	1.2376237623762377E-5	1.2376237623762377E-5	1.3613861386138615E-4	1.2376237623762377E-5	1.3613861386138615E-4	1.2376237623762377E-5	1.2376237623762377E-5	0.00917079207920792	1.2376237623762377E-5	0.0038490099009900994	1.2376237623762377E-5
427	file:/data/Documents/UNAM/titulacion/codigo/analisis3/tema3/textos_a_id/2014_0723682.txt	0.006646386430678466	1.9358407079646017E-4	9.218289085545723E-6	2.857669616519174E-4	1.0140117994100296E-4	9.218289085545723E-6	0.010057153392330383	0.19737278761061947	9.218289085545723E-6	0.047022492625368735	0.0128226401179941	9.218289085545723E-6	9.218289085545723E-6	0.0017606932153392332	0.01780051622418879	9.218289085545723E-6	9.218289085545723E-6	9.218289085545723E-6	0.003696533923303835	9.218289085545723E-6	0.008582227138643067	0.11745022123893804	9.218289085545723E-6	9.218289085545723E-6	9.218289085545723E-6	0.07421644542772862	9.218289085545723E-6	1.0140117994100296E-4	9.218289085545723E-6	9.218289085545723E-6	0.0043418141592920356	9.218289085545723E-6	9.218289085545723E-6	9.218289085545723E-6	9.218289085545723E-6	9.218289085545723E-6	9.218289085545723E-6	9.218289085545723E-6	9.218289085545723E-6	9.218289085545723E-6	9.218289085545723E-6	9.218289085545723E-6	9.218289085545723E-6	2.857669616519174E-4	0.0019450589970501477	2.857669616519174E-4	0.49060656342182896	9.218289085545723E-6	0.004157448377581121	9.218289085545723E-6
428	file:/data/Documents/UNAM/titulacion/codigo/analisis3/tema3/textos_a_id/2013_0691686.txt	0.005161404753458674	1.7736786094359702E-5	0.0214792479602696	1.7736786094359702E-5	1.7736786094359702E-5	1.7736786094359702E-5	0.019173465768002836	0.008886129833274211	1.7736786094359702E-5	0.23662646328485276	0.0573075558708762	0.005516140475345868	1.7736786094359702E-5	0.011901383469315359	0.07220645619013835	1.7736786094359702E-5	0.039570769776516496	1.7736786094359702E-5	1.7736786094359702E-5	9.045760908123448E-4	1.7736786094359702E-5	0.11761262859169919	1.7736786094359702E-5	1.7736786094359702E-5	1.7736786094359702E-5	0.007821922667612629	1.7736786094359702E-5	1.7736786094359702E-5	1.7736786094359702E-5	1.7736786094359702E-5	1.7736786094359702E-5	0.002146151117417524	0.29302944306491663	1.7736786094359702E-5	1.7736786094359702E-5	1.7736786094359702E-5	0.04666548421426038	0.005161404753458674	0.002323518978361121	1.7736786094359702E-5	1.7736786094359702E-5	0.009418233416105003	0.0014366796736431358	0.003919829726853495	1.7736786094359702E-5	1.7736786094359702E-5	0.031234480312167433	1.7736786094359702E-5	1.7736786094359702E-5	1.7736786094359702E-5
429	file:/data/Documents/UNAM/titulacion/codigo/analisis3/tema3/textos_a_id/2011_0674921.txt	7.521058965102287E-6	0.36951714801444047	6.84416365824308E-4	7.521058965102287E-6	3.083634175691937E-4	7.521058965102287E-6	0.010612214199759325	2.3315282791817088E-4	7.521058965102287E-6	0.1602060770156438	0.04513387484957882	7.521058965102287E-6	7.521058965102287E-6	0.06754663056558363	0.025729542719614924	7.521058965102287E-6	7.521058965102287E-6	7.521058965102287E-6	7.521058965102287E-6	7.521058965102287E-6	0.024751805054151626	0.1352361612515042	7.521058965102287E-6	7.521058965102287E-6	1.57942238267148E-4	0.014824007220216606	7.521058965102287E-6	8.273164861612516E-5	7.521058965102287E-6	7.521058965102287E-6	7.521058965102287E-6	0.10221871239470517	8.273164861612516E-5	7.521058965102287E-6	7.521058965102287E-6	7.521058965102287E-6	7.521058965102287E-6	7.521058965102287E-6	8.273164861612516E-5	0.005121841155234657	7.521058965102287E-6	0.03595818291215403	7.521058965102287E-6	7.521058965102287E-6	3.083634175691937E-4	7.521058965102287E-6	7.521058965102287E-6	9.852587244283996E-4	7.521058965102287E-6	7.521058965102287E-6
430	file:/data/Documents/UNAM/titulacion/codigo/analisis3/tema3/textos_a_id/2018_0773698.txt	4.214246873300707E-4	1.3594344752582926E-5	0.02393964110929853	1.3594344752582926E-5	9.651984774333876E-4	1.495377922784122E-4	0.04990483958673192	0.45420065252854813	1.3594344752582926E-5	0.11488580750407831	0.006946710168569875	1.3594344752582926E-5	4.214246873300707E-4	1.3594344752582926E-5	0.02720228384991843	1.495377922784122E-4	1.3594344752582926E-5	1.3594344752582926E-5	4.214246873300707E-4	1.495377922784122E-4	0.005043501903208266	0.12005165851005982	1.3594344752582926E-5	1.3594344752582926E-5	0.007218597063621534	0.017414355628058726	1.3594344752582926E-5	1.3594344752582926E-5	1.495377922784122E-4	1.3594344752582926E-5	1.3594344752582926E-5	1.3594344752582926E-5	1.3594344752582926E-5	1.3594344752582926E-5	0.002596519847743339	1.3594344752582926E-5	2.8548123980424143E-4	1.3594344752582926E-5	1.3594344752582926E-5	1.495377922784122E-4	1.3594344752582926E-5	5.573681348558999E-4	6.933115823817292E-4	0.0019168026101141925	1.3594344752582926E-5	1.3594344752582926E-5	0.16341761827079934	2.8548123980424143E-4	1.495377922784122E-4	1.3594344752582926E-5
431	file:/data/Documents/UNAM/titulacion/codigo/analisis3/tema3/textos_a_id/2014_0708926.txt	0.020158680446810733	0.0025159202421964717	1.0439503079653408E-5	0.0019939450882138013	0.05909802693391795	0.010971917736715731	0.07903747781605595	0.0019939450882138013	1.0439503079653408E-5	0.06087274245745903	0.13541079444618434	6.368096878588579E-4	0.004499425827330619	0.013790583568222152	0.014625743814594425	0.011076312767512265	1.0439503079653408E-5	5.324146570623238E-4	0.019219125169641926	8.45599749451926E-4	0.02141142081636914	0.11985593485750078	1.0439503079653408E-5	0.007318091658837038	0.010241152521139994	0.012642238229460277	3.2362459546925567E-4	0.008466436997598914	2.192295646727216E-4	1.0439503079653408E-5	0.012120263075477606	7.41204718655392E-4	1.0439503079653408E-5	6.368096878588579E-4	0.0023071301806034034	0.004081845704144483	1.0439503079653408E-5	0.0018895500574172672	1.0439503079653408E-5	0.013790583568222152	1.148345338761875E-4	1.0439503079653408E-5	1.0439503079653408E-5	1.0439503079653408E-5	1.148345338761875E-4	1.0439503079653408E-5	1.0439503079653408E-5	0.3462887566551832	1.0439503079653408E-5	1.0439503079653408E-5
432	file:/data/Documents/UNAM/titulacion/codigo/analisis3/tema3/textos_a_id/2007_0621526.txt	0.09512742980561555	8.639308855291577E-6	0.001390928725701944	4.406047516198704E-4	8.639308855291577E-6	9.503239740820736E-5	0.15629373650107992	8.639308855291577E-6	8.639308855291577E-6	0.0883023758099352	0.04087257019438445	0.0026868250539956806	8.639308855291577E-6	0.005451403887688985	0.14661771058315334	9.503239740820736E-5	0.001736501079913607	3.542116630669546E-4	8.639308855291577E-6	0.19655291576673864	0.007956803455723542	0.09512742980561555	2.678185745140389E-4	8.639308855291577E-6	8.639308855291577E-6	8.639308855291577E-6	3.542116630669546E-4	8.639308855291577E-6	8.639308855291577E-6	8.639308855291577E-6	8.639308855291577E-6	0.14074298056155507	8.639308855291577E-6	9.58963282937365E-4	8.639308855291577E-6	8.639308855291577E-6	8.639308855291577E-6	9.503239740820736E-5	8.639308855291577E-6	4.406047516198704E-4	8.639308855291577E-6	0.008302375809935205	8.639308855291577E-6	7.861771058315334E-4	0.0011317494600431965	4.406047516198704E-4	8.639308855291577E-6	0.0023412526997840175	8.639308855291577E-6	0.0048466522678185745
433	file:/data/Documents/UNAM/titulacion/codigo/analisis3/tema3/textos_a_id/2015_0738993.txt	0.2099832584368667	0.0018591946426997975	8.811349017534585E-6	8.811349017534585E-6	8.811349017534585E-6	8.811349017534585E-6	0.028205128205128206	0.004855053308661556	8.811349017534585E-6	0.06812053925455988	0.04635650718124945	0.0879460745440127	8.811349017534585E-6	8.811349017534585E-6	0.0024759890739272186	8.811349017534585E-6	8.811349017534585E-6	8.811349017534585E-6	0.006264869151467089	8.811349017534585E-6	0.11869768261520838	0.03807383910476694	0.0018591946426997975	8.811349017534585E-6	8.811349017534585E-6	8.018327605956472E-4	8.811349017534585E-6	8.811349017534585E-6	1.850383293682263E-4	8.811349017534585E-6	8.811349017534585E-6	8.811349017534585E-6	8.811349017534585E-6	0.004414485857784827	8.811349017534585E-6	0.3781037976914266	8.811349017534585E-6	8.811349017534585E-6	7.137192704203013E-4	8.811349017534585E-6	8.811349017534585E-6	8.811349017534585E-6	8.811349017534585E-6	8.811349017534585E-6	8.811349017534585E-6	8.018327605956472E-4	8.811349017534585E-6	8.811349017534585E-6	8.811349017534585E-6	8.811349017534585E-6
434	file:/data/Documents/UNAM/titulacion/codigo/analisis3/tema3/textos_a_id/2015_0734672.txt	0.09139997800505884	1.0997470581766195E-5	1.0997470581766195E-5	1.0997470581766195E-5	1.0997470581766195E-5	1.0997470581766195E-5	0.08007258330583966	0.027174749807544266	1.0997470581766195E-5	0.23172770262839545	0.018046849224678325	1.2097217639942814E-4	1.0997470581766195E-5	0.001990542175299681	0.0026503904102056527	1.0997470581766195E-5	0.03245353568679204	1.2097217639942814E-4	1.0997470581766195E-5	1.0997470581766195E-5	0.028164522159903223	0.0692950621357088	1.0997470581766195E-5	1.0997470581766195E-5	1.0997470581766195E-5	0.12208292092818651	1.0997470581766195E-5	0.2752776861321896	1.0997470581766195E-5	0.0012207192345760475	0.005179808644011878	1.0997470581766195E-5	1.0997470581766195E-5	1.0997470581766195E-5	1.0997470581766195E-5	1.0997470581766195E-5	1.0997470581766195E-5	1.0997470581766195E-5	0.0014406686462113713	1.0997470581766195E-5	1.0997470581766195E-5	1.0997470581766195E-5	0.003970086880017596	6.708457054877378E-4	1.0997470581766195E-5	1.0997470581766195E-5	0.006609479819641483	1.0997470581766195E-5	1.0997470581766195E-5	1.0997470581766195E-5
435	file:/data/Documents/UNAM/titulacion/codigo/analisis3/tema3/textos_a_id/2009_0651849.txt	0.009012760241773	1.3431833445265279E-5	1.3431833445265279E-5	1.3431833445265279E-5	1.3431833445265279E-5	1.3431833445265279E-5	0.0519946272666219	1.3431833445265279E-5	1.3431833445265279E-5	0.036548018804566824	0.19517797179314975	1.3431833445265279E-5	1.3431833445265279E-5	0.02231027535258563	0.029832102081934184	1.3431833445265279E-5	0.013982538616521155	1.3431833445265279E-5	0.04635325721961048	0.0026997985224983213	0.005117528542646071	0.13137676292813968	9.536601746138347E-4	1.3431833445265279E-5	5.507051712558764E-4	0.005386165211551377	1.3431833445265279E-5	4.1638683680322365E-4	1.3431833445265279E-5	6.850235057085292E-4	1.3431833445265279E-5	1.3431833445265279E-5	0.42593687038280725	1.3431833445265279E-5	1.3431833445265279E-5	1.3431833445265279E-5	1.3431833445265279E-5	0.011296171927468098	0.003908663532572196	0.003505708529214238	1.4775016789791808E-4	8.19341840161182E-4	2.820685023505709E-4	0.0012222968435191403	1.3431833445265279E-5	1.3431833445265279E-5	1.3431833445265279E-5	1.3431833445265279E-5	1.3431833445265279E-5	1.4775016789791808E-4
436	file:/data/Documents/UNAM/titulacion/codigo/analisis3/tema3/textos_a_id/2013_0691665.txt	1.0199918400652796E-5	0.004702162382700939	0.01306609547123623	1.1219910240718075E-4	1.0199918400652796E-5	1.0199918400652796E-5	1.0199918400652796E-5	0.0025601795185638517	1.0199918400652796E-5	0.4098429212566299	0.005008159934720522	1.0199918400652796E-5	1.0199918400652796E-5	0.011842105263157893	0.2618421052631579	1.0199918400652796E-5	1.0199918400652796E-5	1.0199918400652796E-5	1.0199918400652796E-5	1.0199918400652796E-5	0.005518155854753162	0.15770093839249286	1.0199918400652796E-5	1.0199918400652796E-5	1.0199918400652796E-5	0.03295593635250918	1.0199918400652796E-5	1.0199918400652796E-5	7.241942064463484E-4	1.0199918400652796E-5	1.0199918400652796E-5	0.07232762137902897	1.0199918400652796E-5	1.0199918400652796E-5	3.1619747042023667E-4	1.0199918400652796E-5	1.0199918400652796E-5	1.1219910240718075E-4	0.004702162382700939	1.0199918400652796E-5	1.0199918400652796E-5	1.0199918400652796E-5	1.0199918400652796E-5	1.0199918400652796E-5	1.0199918400652796E-5	1.0199918400652796E-5	0.016330069359445126	1.0199918400652796E-5	1.0199918400652796E-5	1.0199918400652796E-5
437	file:/data/Documents/UNAM/titulacion/codigo/analisis3/tema3/textos_a_id/2022_0833641.txt	0.03230100158144439	1.3178703215603585E-5	1.3178703215603585E-5	1.3178703215603585E-5	1.3178703215603585E-5	0.0021217712177121774	0.04034001054296257	1.3178703215603585E-5	1.3178703215603585E-5	0.05892198207696363	0.09542698998418556	6.721138639957828E-4	1.3178703215603585E-5	1.3178703215603585E-5	0.12112546125461254	1.3178703215603585E-5	0.0030442804428044284	1.3178703215603585E-5	0.04020822351080654	1.3178703215603585E-5	0.010160780179230363	0.20309699525566682	1.3178703215603585E-5	0.3416051660516605	1.3178703215603585E-5	0.0019899841855561414	1.4496573537163944E-4	1.3178703215603585E-5	1.3178703215603585E-5	1.3178703215603585E-5	1.3178703215603585E-5	0.004493937796520822	1.3178703215603585E-5	1.3178703215603585E-5	1.3178703215603585E-5	1.3178703215603585E-5	0.03664997364259357	1.3178703215603585E-5	1.3178703215603585E-5	1.3178703215603585E-5	0.005811808118081181	8.039008961518186E-4	1.3178703215603585E-5	1.3178703215603585E-5	1.3178703215603585E-5	1.3178703215603585E-5	1.3178703215603585E-5	4.0853979968371115E-4	1.4496573537163944E-4	1.4496573537163944E-4
438	file:/data/Documents/UNAM/titulacion/codigo/analisis3/tema3/textos_a_id/2023_0848442.txt	0.11492307692307692	0.00178698224852071	3.668639053254438E-4	1.3017751479289943E-4	1.1834319526627219E-5	1.1834319526627219E-5	0.06498224852071006	1.1834319526627219E-5	1.1834319526627219E-5	0.0724378698224852	0.08285207100591717	1.3017751479289943E-4	1.1834319526627219E-5	0.002970414201183432	0.26876923076923076	1.1834319526627219E-5	0.0024970414201183435	1.1834319526627219E-5	0.008059171597633136	0.0032071005917159766	0.04332544378698225	0.14663905325443785	1.1834319526627219E-5	1.1834319526627219E-5	1.1834319526627219E-5	7.218934911242603E-4	1.1834319526627219E-5	1.1834319526627219E-5	1.1834319526627219E-5	1.1834319526627219E-5	1.1834319526627219E-5	0.07657988165680474	1.1834319526627219E-5	1.1834319526627219E-5	1.1834319526627219E-5	1.1834319526627219E-5	1.3017751479289943E-4	1.1834319526627219E-5	1.1834319526627219E-5	1.1834319526627219E-5	1.1834319526627219E-5	1.1834319526627219E-5	1.1834319526627219E-5	4.852071005917159E-4	0.0058106508875739645	0.0019053254437869825	1.1834319526627219E-5	1.1834319526627219E-5	1.1834319526627219E-5	0.10095857988165681
439	file:/data/Documents/UNAM/titulacion/codigo/analisis3/tema3/textos_a_id/2009_0649805.txt	0.036748270356572646	0.012001064395955295	0.001091005854177754	2.660989888238425E-5	0.005348589675359234	0.012001064395955295	0.014395955295369878	0.004816391697711549	2.660989888238425E-5	0.13493879723257052	0.15835550824906866	0.002687599787120809	2.660989888238425E-5	0.01359765832889835	0.026902607770090473	2.660989888238425E-5	0.046860031931878654	2.660989888238425E-5	0.0013571048430015965	2.660989888238425E-5	0.07559872272485366	0.11711016498137308	0.006146886641830761	2.660989888238425E-5	0.002687599787120809	0.05164981373070782	2.660989888238425E-5	0.005082490686535391	0.002155401809473124	0.007211282597126131	0.009606173496540714	0.0013571048430015965	8.249068653539117E-4	0.0018893028206492814	2.660989888238425E-5	2.660989888238425E-5	2.660989888238425E-5	2.660989888238425E-5	0.22275146354443853	2.660989888238425E-5	2.660989888238425E-5	2.660989888238425E-5	0.01679084619478446	2.660989888238425E-5	0.006679084619478446	2.660989888238425E-5	2.660989888238425E-5	8.249068653539117E-4	2.660989888238425E-5	2.660989888238425E-5
440	file:/data/Documents/UNAM/titulacion/codigo/analisis3/tema3/textos_a_id/2008_0627962.txt	0.026727447216890594	3.358925143953935E-4	4.958413307741523E-4	6.55790147152911E-4	0.0016154830454254638	1.599488163787588E-5	0.05647792706333973	1.599488163787588E-5	1.599488163787588E-5	0.06415547024952016	0.125255918106206	1.599488163787588E-5	1.599488163787588E-5	0.3344689699296225	0.04832053742802304	0.0030550223928342934	0.020809341010876517	9.756877799104286E-4	1.599488163787588E-5	0.014731285988483684	0.019849648112603965	0.1927543186180422	1.759436980166347E-4	0.00753358925143954	1.599488163787588E-5	0.04400191938579655	1.599488163787588E-5	3.358925143953935E-4	1.599488163787588E-5	1.759436980166347E-4	0.024168266154830455	1.599488163787588E-5	1.599488163787588E-5	1.599488163787588E-5	1.759436980166347E-4	1.599488163787588E-5	1.599488163787588E-5	1.599488163787588E-5	0.007053742802303263	1.599488163787588E-5	1.599488163787588E-5	0.0028950735764555345	1.599488163787588E-5	1.599488163787588E-5	1.599488163787588E-5	0.0019353806781829813	1.599488163787588E-5	1.599488163787588E-5	1.599488163787588E-5	4.958413307741523E-4
441	file:/data/Documents/UNAM/titulacion/codigo/analisis3/tema3/textos_a_id/2019_0787906.txt	0.1778013392857143	0.004140625	1.1160714285714286E-5	6.808035714285714E-4	0.15637276785714285	1.1160714285714286E-5	0.06597098214285714	0.011171875	1.1160714285714286E-5	0.08795758928571429	0.06452008928571429	0.09722098214285714	0.012511160714285714	1.1160714285714286E-5	0.01943080357142857	1.1160714285714286E-5	0.015412946428571429	1.1160714285714286E-5	0.011506696428571429	1.1160714285714286E-5	0.11719866071428571	0.07378348214285714	0.012176339285714285	4.5758928571428567E-4	1.1160714285714286E-5	0.03918526785714286	1.1160714285714286E-5	1.1160714285714286E-5	0.0011272321428571427	6.808035714285714E-4	0.016529017857142857	1.1160714285714286E-5	1.2276785714285715E-4	0.0032477678571428575	0.0015736607142857143	4.5758928571428567E-4	1.1160714285714286E-5	1.1160714285714286E-5	0.004921875	1.1160714285714286E-5	1.1160714285714286E-5	1.1160714285714286E-5	1.1160714285714286E-5	1.1160714285714286E-5	0.0024665178571428572	2.3437500000000002E-4	1.1160714285714286E-5	1.1160714285714286E-5	9.040178571428571E-4	1.1160714285714286E-5
442	file:/data/Documents/UNAM/titulacion/codigo/analisis3/tema3/textos_a_id/2011_0721875.txt	0.08285364894964406	0.001663973446303009	0.06590819758046905	1.7906275931344715E-4	0.0062060531947416685	4.367384373498712E-6	0.07809319998253046	0.12250949906101236	9.215181028082283E-4	0.057391798052146566	0.0014019303838930864	0.0012709088526881252	4.804122810848583E-5	4.367384373498712E-6	0.003105210289557584	7.031488841332926E-4	4.367384373498712E-6	4.367384373498712E-6	4.367384373498712E-6	4.367384373498712E-6	3.5375813425339564E-4	0.03909245752718697	9.651919465432153E-4	3.5375813425339564E-4	4.367384373498712E-6	0.044114949556710484	4.367384373498712E-6	3.5375813425339564E-4	4.367384373498712E-6	4.367384373498712E-6	0.002362754946062803	4.367384373498712E-6	4.804122810848583E-5	0.001227235008953138	4.367384373498712E-6	4.804122810848583E-5	0.0017076472900379963	4.367384373498712E-6	5.284535091933441E-4	4.367384373498712E-6	4.367384373498712E-6	4.367384373498712E-6	4.367384373498712E-6	8.34170415338254E-4	0.0017513211337729835	4.4110582172336986E-4	0.48316810062453597	4.804122810848583E-5	2.6641044678342137E-4	4.367384373498712E-6
443	file:/data/Documents/UNAM/titulacion/codigo/analisis3/tema3/textos_a_id/2008_0636424.txt	0.021207813079490666	9.951786376560762E-4	6.181233774261343E-6	6.799357151687477E-5	5.006799357151687E-4	0.0013042403263691434	0.020589689702064533	0.0014278650018543701	6.799357151687477E-5	0.0996476696748671	0.09946223266163925	6.181233774261343E-6	5.624922734577822E-4	0.05508097416244283	0.16473606131783902	0.004147607862529361	0.1894609964148844	6.181233774261343E-6	8.097416244282359E-4	0.006620101372233897	0.04364569168005934	0.1710409197675856	6.181233774261343E-6	6.181233774261343E-6	6.181233774261343E-6	0.01100877735195945	6.181233774261343E-6	2.53430584744715E-4	6.181233774261343E-6	6.181233774261343E-6	0.002602299418964025	6.181233774261343E-6	6.181233774261343E-6	6.181233774261343E-6	6.181233774261343E-6	6.181233774261343E-6	6.181233774261343E-6	6.181233774261343E-6	0.00396217084930152	6.181233774261343E-6	0.002416862405736185	0.0039003585115589073	6.181233774261343E-6	6.181233774261343E-6	6.243046112003955E-4	0.00865990851774014	3.7705526022994187E-4	6.181233774261343E-6	0.08098034367659784	0.003714921498331067
444	file:/data/Documents/UNAM/titulacion/codigo/analisis3/tema3/textos_a_id/2017_0765189.txt	0.1471155463362673	6.783651959410214E-4	0.0034254639233054886	5.606323933396872E-6	5.606323933396872E-6	0.0010708078712788026	0.04160452990973819	1.1773280260133431E-4	5.606323933396872E-6	0.07798957223748387	0.02663564500756854	0.08740819644559063	0.002416325615294052	2.2985928126927172E-4	0.21001850086898022	5.606323933396872E-6	0.009536357010708079	5.606323933396872E-6	0.04855637158715031	0.00600437293266805	0.09834052811571452	0.08129730335818804	5.606323933396872E-6	6.166956326736559E-5	5.606323933396872E-6	0.008751471660032517	6.166956326736559E-5	6.166956326736559E-5	5.66238717273084E-4	5.606323933396872E-6	0.002136009418624208	0.004602791949318831	1.7379604193530304E-4	5.606323933396872E-6	0.002192072657958177	1.7379604193530304E-4	0.0010708078712788026	5.606323933396872E-6	5.606323933396872E-6	6.166956326736559E-5	0.004490665470650894	0.006452878847339799	5.606323933396872E-6	0.11908392666928294	0.0026405785726299267	5.606323933396872E-6	5.606323933396872E-6	0.0016875035039524585	0.0032012109659696137	5.606323933396872E-6
445	file:/data/Documents/UNAM/titulacion/codigo/analisis3/tema3/textos_a_id/2012_0687383.txt	0.056040554962646746	1.0672358591248667E-5	1.1739594450373534E-4	0.0019316969050160086	1.0672358591248667E-5	0.019220917822838846	0.09264674493062967	1.0672358591248667E-5	1.0672358591248667E-5	0.059028815368196375	0.10321237993596585	0.0013980789754535752	7.577374599786553E-4	0.019541088580576307	0.03853788687299894	5.442902881536819E-4	0.01697972251867663	1.0672358591248667E-5	0.011003201707577374	0.3272251867662753	0.03074706510138741	0.11975453575240128	1.0672358591248667E-5	0.007267876200640341	0.004279615795090715	0.01601921024546425	1.0672358591248667E-5	0.0029989327641408753	1.0672358591248667E-5	1.0672358591248667E-5	1.0672358591248667E-5	0.04696905016008538	1.0672358591248667E-5	1.0672358591248667E-5	1.0672358591248667E-5	2.2411953041622199E-4	0.0032123799359658487	1.1739594450373534E-4	1.0672358591248667E-5	2.2411953041622199E-4	1.1739594450373534E-4	0.01591248665955176	1.0672358591248667E-5	1.0672358591248667E-5	1.0672358591248667E-5	0.002892209178228389	1.0672358591248667E-5	1.0672358591248667E-5	1.1739594450373534E-4	7.577374599786553E-4
446	file:/data/Documents/UNAM/titulacion/codigo/analisis3/tema3/textos_a_id/2018_0770411.txt	0.08892821747132947	1.4158289678606825E-5	1.4158289678606825E-5	2.9732408325074334E-4	1.4158289678606825E-5	1.4158289678606825E-5	0.0829817358063146	0.012615036103638679	1.4158289678606825E-5	0.06684128557270282	0.13734956817216482	1.4158289678606825E-5	0.001854735947897494	0.007659634716126292	0.02464958233045448	0.004544810986832791	0.030596063995469346	1.4158289678606825E-5	0.12701401670678183	0.0012884043607532209	0.020260512530086365	0.06103638680447402	0.0012884043607532209	0.003553730709330313	1.4158289678606825E-5	0.009217046580773042	1.4158289678606825E-5	1.4158289678606825E-5	1.4158289678606825E-5	1.4158289678606825E-5	1.4158289678606825E-5	0.044754353674076174	1.4158289678606825E-5	1.4158289678606825E-5	1.4158289678606825E-5	1.4158289678606825E-5	0.0031289820189721084	1.4158289678606825E-5	1.4158289678606825E-5	1.4158289678606825E-5	0.01346453348435509	0.015305111142573977	5.804898768228797E-4	1.4158289678606825E-5	5.804898768228797E-4	1.4158289678606825E-5	1.4158289678606825E-5	0.23985558544527819	1.4158289678606825E-5	1.4158289678606825E-5
447	file:/data/Documents/UNAM/titulacion/codigo/analisis3/tema3/textos_a_id/2012_0679629.txt	0.03922232312391646	8.25559316436886E-6	0.0014942623627507638	9.081152480805747E-5	0.2126723355073062	3.3847931973912324E-4	0.13539998348881366	1.7336745645174607E-4	8.25559316436886E-6	0.1482787088252291	0.003723272517130356	7.512589779575663E-4	8.25559316436886E-6	0.013877652109304053	0.04483612647568728	8.25559316436886E-6	0.0010814827045323207	1.7336745645174607E-4	8.25559316436886E-6	0.0036407165854866674	0.0015768182943944524	0.11112853958556922	8.25559316436886E-6	8.25559316436886E-6	0.00347560472219929	0.08702220754561214	8.338149096012548E-4	5.035911830265004E-4	8.25559316436886E-6	8.25559316436886E-6	8.25559316436886E-6	0.1736233798398415	9.081152480805747E-5	8.25559316436886E-6	8.25559316436886E-6	8.25559316436886E-6	8.25559316436886E-6	8.25559316436886E-6	8.25559316436886E-6	8.25559316436886E-6	9.081152480805747E-5	9.081152480805747E-5	8.25559316436886E-6	8.25559316436886E-6	8.25559316436886E-6	0.013299760587798233	9.163708412449434E-4	8.25559316436886E-6	8.25559316436886E-6	0.0014117064311070752
448	file:/data/Documents/UNAM/titulacion/codigo/analisis3/tema3/textos_a_id/2016_0745634.txt	0.0027093879429360332	5.752416014726185E-6	0.0032846295444086517	5.752416014726185E-6	5.752416014726185E-6	5.752416014726185E-6	0.04021514035895076	3.5089737689829727E-4	5.752416014726185E-6	0.0739242982052462	0.11050966405890474	3.5089737689829727E-4	5.752416014726185E-6	0.04021514035895076	0.008979521398987575	6.327657616198804E-5	5.752416014726185E-6	5.752416014726185E-6	6.327657616198804E-5	4.6594569719282094E-4	0.029458122411412796	0.11096985734008283	5.752416014726185E-6	5.752416014726185E-6	0.008864473078693052	6.385181776346065E-4	0.0036297745052922227	5.752416014726185E-6	2.933732167510354E-4	5.752416014726185E-6	5.752416014726185E-6	0.006793603313391624	0.43442820984813624	5.752416014726185E-6	2.3584905660377356E-4	5.752416014726185E-6	5.752416014726185E-6	0.060693741371375974	5.752416014726185E-6	0.011222963644730787	5.752416014726185E-6	0.017263000460193283	5.752416014726185E-6	0.030781178094799817	6.960423377818684E-4	5.752416014726185E-6	5.752416014726185E-6	5.752416014726185E-6	5.752416014726185E-6	0.002766912103083295
449	file:/data/Documents/UNAM/titulacion/codigo/analisis3/tema3/textos_a_id/2020_0800620.txt	0.07384538983611985	6.786955802019532E-4	1.6553550736633007E-5	1.820890581029631E-4	0.006803509352756166	5.131600728356233E-4	0.018887601390498263	0.0526568448932296	1.6553550736633007E-5	0.06623075649726867	0.10446945869889092	1.6553550736633007E-5	1.6553550736633007E-5	0.004486012249627545	0.03461347459029962	1.6553550736633007E-5	0.005975831815924516	1.6553550736633007E-5	0.3961430226783645	3.476245654692932E-4	0.022032776030458532	0.1665452739612647	1.6553550736633007E-5	0.002334050653865254	1.6553550736633007E-5	0.005975831815924516	1.6553550736633007E-5	0.003989405727528555	1.6553550736633007E-5	0.0028306571759642444	1.6553550736633007E-5	1.6553550736633007E-5	1.6553550736633007E-5	1.820890581029631E-4	1.6553550736633007E-5	1.6553550736633007E-5	0.022694918059923852	1.6553550736633007E-5	1.6553550736633007E-5	1.820890581029631E-4	0.005810296308558186	1.6553550736633007E-5	1.6553550736633007E-5	1.6553550736633007E-5	1.6553550736633007E-5	1.6553550736633007E-5	1.6553550736633007E-5	0.0010097665949346133	1.6553550736633007E-5	1.820890581029631E-4
450	file:/data/Documents/UNAM/titulacion/codigo/analisis3/tema3/textos_a_id/2021_0820685.txt	0.024811681538996405	1.158882836945185E-5	1.2747711206397035E-4	1.158882836945185E-5	5.910302468420442E-4	0.07533897322980647	0.05320431104415344	1.158882836945185E-5	1.158882836945185E-5	0.061084714335380694	0.09585119944373624	1.158882836945185E-5	1.158882836945185E-5	0.015077065708656854	0.09816896511762661	1.158882836945185E-5	0.04092015297253448	1.158882836945185E-5	0.008703210105458338	1.158882836945185E-5	0.016467725112991077	0.14324950747479429	1.158882836945185E-5	2.4336539575848883E-4	1.158882836945185E-5	0.016120060261907522	1.158882836945185E-5	1.158882836945185E-5	1.158882836945185E-5	1.2747711206397035E-4	8.228068142310812E-4	1.158882836945185E-5	1.158882836945185E-5	1.158882836945185E-5	1.158882836945185E-5	1.158882836945185E-5	1.158882836945185E-5	1.158882836945185E-5	2.4336539575848883E-4	1.158882836945185E-5	1.158882836945185E-5	0.0020975779348707847	0.34292502028044963	1.2747711206397035E-4	1.158882836945185E-5	0.0020975779348707847	1.158882836945185E-5	1.158882836945185E-5	0.0011704716653146367	1.2747711206397035E-4
451	file:/data/Documents/UNAM/titulacion/codigo/analisis3/tema3/textos_a_id/2014_0707750.txt	0.01970014992503748	9.995002498750625E-6	9.995002498750625E-6	9.995002498750625E-6	9.995002498750625E-6	9.995002498750625E-6	0.025197401299350324	9.995002498750625E-6	9.995002498750625E-6	0.11115442278860568	0.2156021989005497	9.995002498750625E-6	9.995002498750625E-6	0.02049975012493753	0.011104447776111944	0.0024087956021989006	0.01440279860069965	9.995002498750625E-6	2.0989505247376314E-4	9.995002498750625E-6	0.026096951524237882	0.16802598700649674	9.995002498750625E-6	9.995002498750625E-6	0.3195502248875562	0.015502248875562218	9.995002498750625E-6	1.0994502748625687E-4	9.995002498750625E-6	9.995002498750625E-6	0.001709145427286357	0.010604697651174413	1.0994502748625687E-4	9.995002498750625E-6	9.995002498750625E-6	9.995002498750625E-6	0.005307346326836582	9.995002498750625E-6	2.0989505247376314E-4	0.009205397301349325	9.995002498750625E-6	0.022498750624687657	1.0994502748625687E-4	9.995002498750625E-6	4.0979510244877555E-4	9.995002498750625E-6	9.995002498750625E-6	9.995002498750625E-6	9.995002498750625E-6	9.995002498750625E-6
452	file:/data/Documents/UNAM/titulacion/codigo/analisis3/tema3/textos_a_id/2021_0810970.txt	0.008340266222961731	2.0798668885191348E-5	2.0798668885191348E-5	0.002100665557404326	2.2878535773710484E-4	2.0798668885191348E-5	0.046817803660565725	2.0798668885191348E-5	2.0798668885191348E-5	0.03475457570715474	0.24336522462562393	2.0798668885191348E-5	2.0798668885191348E-5	0.031010815307820298	2.0798668885191348E-5	2.0798668885191348E-5	2.0798668885191348E-5	4.367720465890183E-4	0.09319883527454244	2.0798668885191348E-5	0.031010815307820298	0.10754991680532447	2.0798668885191348E-5	2.0798668885191348E-5	2.0798668885191348E-5	0.017491680532445923	2.0798668885191348E-5	2.0798668885191348E-5	2.0798668885191348E-5	2.2878535773710484E-4	2.0798668885191348E-5	2.0798668885191348E-5	0.30409733777038267	2.0798668885191348E-5	2.0798668885191348E-5	2.0798668885191348E-5	0.06012895174708819	0.01312396006655574	2.0798668885191348E-5	8.527454242928452E-4	2.0798668885191348E-5	0.004596505823627288	2.0798668885191348E-5	2.0798668885191348E-5	2.0798668885191348E-5	2.0798668885191348E-5	2.0798668885191348E-5	2.0798668885191348E-5	2.0798668885191348E-5	2.0798668885191348E-5
453	file:/data/Documents/UNAM/titulacion/codigo/analisis3/tema3/textos_a_id/2021_0811124.txt	0.0551150895140665	1.162520344106022E-5	1.162520344106022E-5	1.162520344106022E-5	0.20356893745640547	0.00849802371541502	0.09917461055568473	0.0019879097884212974	1.162520344106022E-5	0.04290862590095327	0.14858172518019064	1.162520344106022E-5	0.02140199953499186	0.047558707277377356	3.603813066728668E-4	0.04523366658916531	0.025819576842594744	1.2787723785166242E-4	1.162520344106022E-5	0.05302255289467566	0.06941408974657057	0.1033596837944664	0.0010578935131364798	0.0031504301325273195	1.162520344106022E-5	0.05778888630551035	1.2787723785166242E-4	1.162520344106022E-5	5.928853754940711E-4	1.162520344106022E-5	0.0037316903045803303	9.416414787258776E-4	1.162520344106022E-5	1.162520344106022E-5	1.162520344106022E-5	1.162520344106022E-5	0.0019879097884212974	1.2787723785166242E-4	1.162520344106022E-5	1.162520344106022E-5	4.7663334108346894E-4	0.0030341780981167172	3.603813066728668E-4	2.441292722622646E-4	1.162520344106022E-5	1.162520344106022E-5	1.162520344106022E-5	1.162520344106022E-5	1.162520344106022E-5	1.162520344106022E-5
454	file:/data/Documents/UNAM/titulacion/codigo/analisis3/tema3/textos_a_id/2006_0610204.txt	0.09624608967674661	3.1282586027111576E-4	1.4896469536719798E-5	1.4896469536719798E-5	1.4896469536719798E-5	6.107552510055117E-4	0.11099359451809922	1.4896469536719798E-5	1.4896469536719798E-5	0.07762550275584687	0.1415313570683748	0.0018024728139430955	0.0013555787278415016	0.021167883211678833	0.04112915239088336	0.23239982124236555	0.008207954714732608	1.4896469536719798E-5	0.08105169074929242	1.4896469536719798E-5	0.03740503500670341	0.11129152390883361	1.4896469536719798E-5	0.005526590198123045	1.4896469536719798E-5	0.011187248622076568	1.4896469536719798E-5	1.4896469536719798E-5	6.107552510055117E-4	1.638611649039178E-4	7.597199463727096E-4	3.1282586027111576E-4	1.4896469536719798E-5	1.4896469536719798E-5	0.0026962609861462834	1.4896469536719798E-5	0.007761060628631015	1.4896469536719798E-5	0.0013555787278415016	1.4896469536719798E-5	0.0012066140324743036	0.004483837330552659	1.4896469536719798E-5	1.4896469536719798E-5	1.4896469536719798E-5	3.1282586027111576E-4	1.638611649039178E-4	1.4896469536719798E-5	1.4896469536719798E-5	1.4896469536719798E-5
455	file:/data/Documents/UNAM/titulacion/codigo/analisis3/tema3/textos_a_id/2017_0755178.txt	0.03846360221785012	0.20006260060812017	8.942944017170453E-6	8.942944017170453E-6	8.942944017170453E-6	0.005911285995349669	0.05858522625648364	0.005464138794491147	8.942944017170453E-6	0.054292613128241816	0.14363262385977463	8.942944017170453E-6	0.0044804149526023965	0.022098014666428186	0.06457699874798783	0.004927562153460919	0.03300840636737614	8.942944017170453E-6	1.878018243605795E-4	0.0034072616705419427	0.03193525308531569	0.18137184761223393	9.837238418887498E-5	8.942944017170453E-6	0.06761759971382579	0.014496512251833304	8.942944017170453E-6	0.012439635127884098	8.942944017170453E-6	8.942944017170453E-6	0.02531747451260955	8.942944017170453E-6	2.7723126453228406E-4	8.942944017170453E-6	8.942944017170453E-6	0.0013503845465927383	8.942944017170453E-6	8.138079055625111E-4	0.015927383294580575	0.0060007154355213735	8.942944017170453E-6	9.032373457342157E-4	0.00197639062779467	8.942944017170453E-6	9.837238418887498E-5	8.942944017170453E-6	9.837238418887498E-5	8.942944017170453E-6	8.942944017170453E-6	8.942944017170453E-6
456	file:/data/Documents/UNAM/titulacion/codigo/analisis3/tema3/textos_a_id/2006_0605334.txt	0.025313156788566625	8.406893652795292E-6	8.406893652795292E-6	8.406893652795292E-6	8.406893652795292E-6	8.406893652795292E-6	0.024220260613703238	8.406893652795292E-6	8.406893652795292E-6	0.058100042034468266	0.14771752837326607	0.0017738545607398069	8.406893652795292E-6	0.04591004623791509	8.406893652795292E-6	9.247583018074823E-5	8.406893652795292E-6	4.2875157629255984E-4	0.02918032786885246	8.406893652795292E-6	0.047927700714585963	0.09601513240857502	8.406893652795292E-6	5.128205128205128E-4	8.406893652795292E-6	0.012618747372845733	8.406893652795292E-6	8.406893652795292E-6	8.406893652795292E-6	8.406893652795292E-6	8.406893652795292E-6	8.406893652795292E-6	0.2916435477091215	5.128205128205128E-4	8.406893652795292E-6	3.446826397646069E-4	0.012198402690205968	0.01051702395964691	8.406893652795292E-6	0.005641025641025641	0.0014375788146279952	0.1689029003783102	8.406893652795292E-6	8.406893652795292E-6	9.247583018074823E-5	9.247583018074823E-5	8.406893652795292E-6	0.015645229087852038	8.406893652795292E-6	0.0029508196721311475
457	file:/data/Documents/UNAM/titulacion/codigo/analisis3/tema3/textos_a_id/2023_0840793.txt	0.026025615369221534	1.0006003602161298E-5	0.030128076846107667	2.1012607564538724E-4	1.0006003602161298E-5	5.103061837102262E-4	0.030728437062237345	0.59106463878327	1.0006003602161298E-5	0.02892735641384831	0.019321592955773462	1.0006003602161298E-5	1.0006003602161298E-5	1.0006003602161298E-5	1.0006003602161298E-5	1.0006003602161298E-5	1.1006603962377427E-4	1.0006003602161298E-5	1.0006003602161298E-5	1.0006003602161298E-5	0.025525315189113468	0.08005803482089253	1.0006003602161298E-5	1.0006003602161298E-5	1.0006003602161298E-5	0.03793275965579348	1.0006003602161298E-5	1.0006003602161298E-5	1.0006003602161298E-5	1.0006003602161298E-5	1.0006003602161298E-5	1.0006003602161298E-5	1.0006003602161298E-5	1.0006003602161298E-5	1.0006003602161298E-5	1.0006003602161298E-5	1.0006003602161298E-5	1.1006603962377427E-4	1.0006003602161298E-5	1.0006003602161298E-5	1.0006003602161298E-5	1.0006003602161298E-5	1.0006003602161298E-5	1.0006003602161298E-5	1.0006003602161298E-5	1.0006003602161298E-5	0.12898739243546126	1.0006003602161298E-5	1.0006003602161298E-5	1.0006003602161298E-5
458	file:/data/Documents/UNAM/titulacion/codigo/analisis3/tema3/textos_a_id/2016_0743837.txt	0.0038156947444204464	7.302272961020261E-4	2.1598272138228941E-4	1.0284891494394735E-5	1.0284891494394735E-5	0.0017587164455414998	0.012763550344543864	1.0284891494394735E-5	1.0284891494394735E-5	0.26577188110665434	0.026339607117144916	0.12425177414378277	1.0284891494394735E-5	0.042589735678288596	0.07015324488326648	3.1883163632623676E-4	0.004021392574308341	1.0284891494394735E-5	1.0284891494394735E-5	1.0284891494394735E-5	0.006489766532963077	0.15490075079707907	4.216805512701841E-4	1.0284891494394735E-5	1.0284891494394735E-5	0.027676643011416233	1.0284891494394735E-5	1.0284891494394735E-5	3.1883163632623676E-4	1.0284891494394735E-5	1.1313380643834208E-4	0.032099146354005965	1.0284891494394735E-5	1.0284891494394735E-5	0.0019644142754293944	1.0284891494394735E-5	1.0284891494394735E-5	1.0284891494394735E-5	1.0284891494394735E-5	0.0016558675305975523	1.1313380643834208E-4	0.22103260310603723	1.0284891494394735E-5	1.0284891494394735E-5	1.0284891494394735E-5	2.1598272138228941E-4	1.0284891494394735E-5	1.0284891494394735E-5	1.0284891494394735E-5	1.0284891494394735E-5
459	file:/data/Documents/UNAM/titulacion/codigo/analisis3/tema3/textos_a_id/2019_0791321.txt	0.11332793740725752	0.22273033859436125	1.3489815189531904E-5	1.3489815189531904E-5	1.3489815189531904E-5	0.017685147713476325	0.22084176446782677	1.4838796708485096E-4	1.3489815189531904E-5	0.04965600971266694	0.12843653041953326	2.8328611898017E-4	1.4838796708485096E-4	0.009861054903547821	0.004195332523944422	1.3489815189531904E-5	0.01282881424524484	0.0010926750303520841	0.09322811277485499	1.3489815189531904E-5	0.011210036422501011	0.054917037636584384	0.017820045865371642	1.3489815189531904E-5	1.3489815189531904E-5	0.005139619587211656	1.3489815189531904E-5	1.3489815189531904E-5	1.3489815189531904E-5	0.0013624713341427223	0.0014973694860380413	1.4838796708485096E-4	1.3489815189531904E-5	0.0013624713341427223	1.3489815189531904E-5	5.53082422770808E-4	1.3489815189531904E-5	1.3489815189531904E-5	8.228787265614461E-4	1.3489815189531904E-5	1.3489815189531904E-5	0.0025765547012005937	0.023350870093079724	0.0019020639417239983	0.0023067583974099555	1.3489815189531904E-5	1.4838796708485096E-4	1.3489815189531904E-5	1.4838796708485096E-4	1.3489815189531904E-5
460	file:/data/Documents/UNAM/titulacion/codigo/analisis3/tema3/textos_a_id/2021_0813136.txt	0.01785625774473358	1.2391573729863694E-5	0.0013754646840148698	1.2391573729863694E-5	1.2391573729863694E-5	0.016493184634448575	0.056146220570012395	2.6022304832713756E-4	1.2391573729863694E-5	0.19282527881040892	0.0528004956629492	0.0027385377942998764	1.2391573729863694E-5	2.6022304832713756E-4	0.11810408921933085	1.2391573729863694E-5	0.003110285006195787	1.2391573729863694E-5	0.0060842627013630735	0.007075588599752169	0.014758364312267657	0.1007558859975217	1.2391573729863694E-5	1.2391573729863694E-5	1.2391573729863694E-5	0.01104089219330855	1.2391573729863694E-5	1.2391573729863694E-5	1.2391573729863694E-5	1.3630731102850062E-4	0.008934324659231722	0.036443618339529124	1.2391573729863694E-5	1.2391573729863694E-5	1.2391573729863694E-5	1.2391573729863694E-5	1.2391573729863694E-5	1.2391573729863694E-5	6.319702602230483E-4	1.2391573729863694E-5	0.348091697645601	1.2391573729863694E-5	1.2391573729863694E-5	1.2391573729863694E-5	8.798017348203221E-4	1.3630731102850062E-4	0.0022428748451053288	1.2391573729863694E-5	5.080545229244113E-4	1.2391573729863694E-5
461	file:/data/Documents/UNAM/titulacion/codigo/analisis3/tema3/textos_a_id/2013_0690834.txt	0.03236975013290803	6.645401382243488E-6	7.309941520467836E-5	2.72461456671983E-4	0.001402179691653376	6.645401382243488E-6	0.04386629452418926	6.645401382243488E-6	6.645401382243488E-6	0.027385699096225413	0.13916135034556087	6.645401382243488E-6	2.72461456671983E-4	0.015689792663476875	0.055894471026049976	0.037353801169590646	0.0011363636363636365	0.00432615629984051	0.007515948963317384	0.005256512493354598	0.032436204146730464	0.12008904837852205	6.645401382243488E-6	0.40770202020202023	0.007383040935672514	0.002930622009569378	6.645401382243488E-6	6.645401382243488E-6	7.309941520467836E-5	6.645401382243488E-6	6.645401382243488E-6	6.645401382243488E-6	4.718234981392876E-4	6.645401382243488E-6	6.645401382243488E-6	6.645401382243488E-6	0.0016679957469431155	6.645401382243488E-6	1.3955342902711323E-4	0.0016015417331206806	0.0033293460925039875	0.04685672514619883	6.645401382243488E-6	6.645401382243488E-6	5.382775119617225E-4	6.645401382243488E-6	5.382775119617225E-4	3.3891547049441786E-4	6.645401382243488E-6	0.0018009037745879853
462	file:/data/Documents/UNAM/titulacion/codigo/analisis3/tema3/textos_a_id/2017_0760468.txt	0.06012444631934191	1.054629824931449E-5	1.054629824931449E-5	1.054629824931449E-5	1.054629824931449E-5	3.2693524572874924E-4	0.05464037122969838	1.054629824931449E-5	1.054629824931449E-5	0.1286753849398861	0.11327778949588693	1.1600928074245941E-4	0.3170322716726429	0.043777684032904454	0.011927863319974688	1.054629824931449E-5	0.052003796667369755	1.054629824931449E-5	1.1600928074245941E-4	1.054629824931449E-5	0.0323876819236448	0.1585214089854461	1.054629824931449E-5	1.054629824931449E-5	1.054629824931449E-5	0.008974899810166631	1.1600928074245941E-4	1.054629824931449E-5	1.054629824931449E-5	1.054629824931449E-5	1.1600928074245941E-4	1.054629824931449E-5	1.054629824931449E-5	1.054629824931449E-5	1.054629824931449E-5	1.054629824931449E-5	1.054629824931449E-5	6.433241932081838E-4	1.054629824931449E-5	1.054629824931449E-5	1.054629824931449E-5	1.054629824931449E-5	1.054629824931449E-5	1.054629824931449E-5	8.542501581944737E-4	1.054629824931449E-5	0.013404345074878718	0.0010651761231807635	0.001592491035646488	1.054629824931449E-5
463	file:/data/Documents/UNAM/titulacion/codigo/analisis3/tema3/textos_a_id/2014_0723684.txt	0.0023940561364887178	0.001935424692716933	0.005421023665382499	0.2543661713447074	9.172628875435701E-6	1.008989176297927E-4	0.04550541185103651	0.0018436984039625758	9.172628875435701E-6	0.1531920748486516	0.04853237937993029	0.10109154283617684	2.843514951385067E-4	0.0322968262704091	9.172628875435701E-6	9.172628875435701E-6	6.512566501559346E-4	9.172628875435701E-6	0.06843698403962575	2.843514951385067E-4	0.032205099981654745	0.10659512016143825	9.172628875435701E-6	9.172628875435701E-6	9.172628875435701E-6	0.11705191707943496	9.172628875435701E-6	3.7607778389286365E-4	9.172628875435701E-6	9.172628875435701E-6	9.172628875435701E-6	9.172628875435701E-6	0.011016327279398275	9.172628875435701E-6	0.0014767932489451478	9.172628875435701E-6	9.172628875435701E-6	0.0015685195376995047	9.172628875435701E-6	9.172628875435701E-6	9.172628875435701E-6	0.002118877270225647	9.172628875435701E-6	9.172628875435701E-6	9.172628875435701E-6	9.172628875435701E-6	0.011016327279398275	9.172628875435701E-6	9.172628875435701E-6	9.172628875435701E-6
464	file:/data/Documents/UNAM/titulacion/codigo/analisis3/tema3/textos_a_id/2016_0745178.txt	0.021471631205673757	1.773049645390071E-5	1.773049645390071E-5	1.950354609929078E-4	1.773049645390071E-5	0.0030319148936170217	0.06171985815602837	1.773049645390071E-5	1.950354609929078E-4	0.07342198581560284	0.15675531914893617	1.773049645390071E-5	1.950354609929078E-4	0.014379432624113474	0.05037234042553192	0.0023226950354609927	9.042553191489361E-4	1.773049645390071E-5	0.07040780141843972	0.252854609929078	0.03725177304964539	0.1477127659574468	0.0012588652482269504	0.004273049645390071	1.773049645390071E-5	0.009592198581560284	0.004273049645390071	1.773049645390071E-5	1.773049645390071E-5	1.773049645390071E-5	0.015088652482269503	0.04398936170212766	1.773049645390071E-5	0.004095744680851064	1.773049645390071E-5	1.773049645390071E-5	1.773049645390071E-5	0.0017907801418439715	1.773049645390071E-5	1.773049645390071E-5	1.773049645390071E-5	1.950354609929078E-4	0.002677304964539007	0.013138297872340424	1.773049645390071E-5	0.0017907801418439715	0.003563829787234043	7.269503546099291E-4	1.773049645390071E-5	1.773049645390071E-5
465	file:/data/Documents/UNAM/titulacion/codigo/analisis3/tema3/textos_a_id/2006_0605505.txt	0.0035438641625932595	6.431695394906097E-6	0.004122716748134808	6.431695394906097E-6	6.431695394906097E-6	6.431695394906097E-6	0.0031579624388988936	0.08188191407254952	6.431695394906097E-6	0.1418896321070234	5.209673269873939E-4	0.0018716233599176744	6.431695394906097E-6	6.431695394906097E-6	0.0048945201955235395	6.431695394906097E-6	6.431695394906097E-6	6.431695394906097E-6	0.0016143555441214305	6.431695394906097E-6	0.0015500385901723696	0.07474273218420376	6.431695394906097E-6	6.431695394906097E-6	7.074864934396707E-5	0.033644198610753795	6.431695394906097E-6	1.3506560329302805E-4	6.431695394906097E-6	6.431695394906097E-6	6.431695394906097E-6	6.431695394906097E-6	6.431695394906097E-6	6.431695394906097E-6	6.431695394906097E-6	6.431695394906097E-6	6.431695394906097E-6	6.431695394906097E-6	6.431695394906097E-6	6.431695394906097E-6	6.431695394906097E-6	6.431695394906097E-6	1.3506560329302805E-4	6.431695394906097E-6	1.9938255724208902E-4	7.074864934396707E-5	0.6451697967584256	6.431695394906097E-6	5.209673269873939E-4	7.074864934396707E-5
466	file:/data/Documents/UNAM/titulacion/codigo/analisis3/tema3/textos_a_id/2010_0660550.txt	0.05150370020469218	1.7320107069752796E-4	1.574555188159345E-5	3.306565895134625E-4	1.574555188159345E-5	3.306565895134625E-4	0.09763816721776099	0.0020626672964887418	1.574555188159345E-5	0.07087072901905213	0.20769957487009919	1.574555188159345E-5	1.574555188159345E-5	0.029617383089277277	0.007101243898598646	1.574555188159345E-5	0.029145016532829474	0.00442450007872776	1.574555188159345E-5	1.574555188159345E-5	0.016548575027554715	0.12172886159659896	3.306565895134625E-4	1.574555188159345E-5	0.02898756101401354	0.0037946780034640217	1.574555188159345E-5	1.574555188159345E-5	0.22486222642103604	0.02583845063769485	1.574555188159345E-5	0.05040151157298064	3.306565895134625E-4	1.574555188159345E-5	1.574555188159345E-5	1.574555188159345E-5	1.574555188159345E-5	1.574555188159345E-5	1.574555188159345E-5	0.008833254605573925	1.7320107069752796E-4	0.0037946780034640217	1.574555188159345E-5	1.574555188159345E-5	1.574555188159345E-5	0.011509998425444812	9.604786647772004E-4	6.455676271453314E-4	1.574555188159345E-5	1.574555188159345E-5
467	file:/data/Documents/UNAM/titulacion/codigo/analisis3/tema3/textos_a_id/2017_0755725.txt	0.02144088669950739	9.975369458128079E-4	1.2315270935960592E-5	1.2315270935960592E-5	1.2315270935960592E-5	1.2315270935960592E-5	0.07205665024630542	1.3546798029556652E-4	1.2315270935960592E-5	0.12870689655172413	0.013066502463054186	1.2315270935960592E-5	1.2315270935960592E-5	0.026366995073891626	0.1571551724137931	1.2315270935960592E-5	0.007401477832512315	1.2315270935960592E-5	0.00814039408866995	3.817733990147783E-4	0.004938423645320197	0.1466871921182266	1.2315270935960592E-5	1.2315270935960592E-5	9.975369458128079E-4	6.280788177339901E-4	1.2315270935960592E-5	0.002105911330049261	0.2534605911330049	1.2315270935960592E-5	1.2315270935960592E-5	0.12932266009852217	0.0011206896551724137	1.2315270935960592E-5	1.2315270935960592E-5	1.2315270935960592E-5	1.2315270935960592E-5	1.2315270935960592E-5	1.2315270935960592E-5	1.2315270935960592E-5	1.2315270935960592E-5	0.0041995073891625614	1.2315270935960592E-5	1.2315270935960592E-5	1.2315270935960592E-5	1.2315270935960592E-5	0.00395320197044335	0.016391625615763548	1.2315270935960592E-5	1.2315270935960592E-5
468	file:/data/Documents/UNAM/titulacion/codigo/analisis3/tema3/textos_a_id/2012_0687085.txt	0.0070063694267515925	2.054653790836244E-5	2.054653790836244E-5	2.054653790836244E-5	2.054653790836244E-5	2.054653790836244E-5	0.07563180604068215	2.2601191699198688E-4	2.054653790836244E-5	0.07789192521060202	0.06946784466817342	6.369426751592356E-4	2.054653790836244E-5	0.08179576741319088	0.04378467228272036	2.054653790836244E-5	2.054653790836244E-5	0.001869734949660982	2.054653790836244E-5	0.004951715635915349	0.047893979864392845	0.12782001232792276	2.054653790836244E-5	2.054653790836244E-5	2.054653790836244E-5	0.002897061845079104	2.054653790836244E-5	2.054653790836244E-5	2.054653790836244E-5	2.054653790836244E-5	0.0031025272241627286	0.4033490856790631	2.054653790836244E-5	2.054653790836244E-5	2.054653790836244E-5	2.054653790836244E-5	2.054653790836244E-5	2.054653790836244E-5	2.054653790836244E-5	2.054653790836244E-5	2.054653790836244E-5	0.05035956441339634	2.054653790836244E-5	2.054653790836244E-5	2.054653790836244E-5	2.054653790836244E-5	2.054653790836244E-5	6.369426751592356E-4	2.054653790836244E-5	2.054653790836244E-5
469	file:/data/Documents/UNAM/titulacion/codigo/analisis3/tema3/textos_a_id/2011_0722431.txt	0.0952212918660287	0.0020394736842105263	5.980861244019139E-6	5.980861244019139E-6	6.578947368421054E-5	5.980861244019139E-6	0.05371411483253589	0.002159090909090909	1.8540669856459332E-4	0.059336124401913874	0.07721889952153109	0.027338516746411485	5.980861244019139E-6	0.04869019138755981	5.980861244019139E-6	5.980861244019139E-6	9.031100478468899E-4	1.2559808612440192E-4	5.980861244019139E-6	0.004192583732057416	0.12907296650717703	0.06441985645933014	2.4521531100478466E-4	4.8444976076555024E-4	5.980861244019139E-6	0.04647727272727273	0.01172846889952153	5.980861244019139E-6	6.578947368421054E-5	5.980861244019139E-6	0.03361842105263158	5.980861244019139E-6	3.0502392344497605E-4	5.980861244019139E-6	5.980861244019139E-6	0.00479066985645933	5.980861244019139E-6	5.980861244019139E-6	5.980861244019139E-6	5.980861244019139E-6	5.980861244019139E-6	0.0035944976076555026	0.0016208133971291868	3.6483253588516745E-4	5.980861244019139E-6	0.002577751196172249	6.578947368421054E-5	5.980861244019139E-6	0.3292523923444976	5.980861244019139E-6
470	file:/data/Documents/UNAM/titulacion/codigo/analisis3/tema3/textos_a_id/2014_0723816.txt	0.016165815417508018	1.3065684760660412E-4	0.009514194084808171	1.1877895236964011E-5	1.1877895236964011E-5	1.1877895236964011E-5	0.011889773132200973	0.6168309775507781	1.1877895236964011E-5	0.04324741655778596	0.01949162608385794	2.494357999762442E-4	1.1877895236964011E-5	1.1877895236964011E-5	0.001199667418933365	1.1877895236964011E-5	1.1877895236964011E-5	1.1877895236964011E-5	1.1877895236964011E-5	1.1877895236964011E-5	0.014978025893811616	0.10726927188502197	1.1877895236964011E-5	1.1877895236964011E-5	1.1877895236964011E-5	0.04728590093835373	1.3065684760660412E-4	1.1877895236964011E-5	1.3065684760660412E-4	1.1877895236964011E-5	1.1877895236964011E-5	1.1877895236964011E-5	4.8699370471552434E-4	1.1877895236964011E-5	1.1877895236964011E-5	1.1877895236964011E-5	1.1877895236964011E-5	1.1877895236964011E-5	1.1877895236964011E-5	1.1877895236964011E-5	1.1877895236964011E-5	2.494357999762442E-4	1.1877895236964011E-5	2.494357999762442E-4	1.1877895236964011E-5	1.1877895236964011E-5	0.11011996674189334	1.1877895236964011E-5	1.1877895236964011E-5	1.1877895236964011E-5
471	file:/data/Documents/UNAM/titulacion/codigo/analisis3/tema3/textos_a_id/2009_0641393.txt	0.062150466045272974	1.1096316023080338E-5	1.1096316023080338E-5	1.1096316023080338E-5	1.1096316023080338E-5	1.2205947625388372E-4	0.043175765645805594	1.1096316023080338E-5	1.1096316023080338E-5	0.16967376830892142	0.0731358189081225	0.14548379937860628	1.1096316023080338E-5	2.330226364846871E-4	0.006668885929871283	0.0013426542387927208	1.1096316023080338E-5	1.1096316023080338E-5	1.1096316023080338E-5	0.00788948069241012	0.09055703506435864	0.061595650244118956	1.1096316023080338E-5	1.1096316023080338E-5	1.1096316023080338E-5	1.1096316023080338E-5	1.2205947625388372E-4	0.003450954283177985	1.2205947625388372E-4	0.0012316910785619174	1.1096316023080338E-5	0.10753439857967155	1.1096316023080338E-5	2.330226364846871E-4	1.1096316023080338E-5	2.330226364846871E-4	1.1096316023080338E-5	0.0010097647581003106	1.1096316023080338E-5	0.00955392809587217	7.878384376387039E-4	0.006668885929871283	1.1096316023080338E-5	1.1096316023080338E-5	1.1096316023080338E-5	1.1096316023080338E-5	1.1096316023080338E-5	1.1096316023080338E-5	1.1096316023080338E-5	0.20673546382600974
472	file:/data/Documents/UNAM/titulacion/codigo/analisis3/tema3/textos_a_id/2007_0622595.txt	0.17088594908799357	1.0022048506714773E-5	0.01123471637602726	1.0022048506714773E-5	1.1024253357386251E-4	1.0022048506714773E-5	0.10504109039887752	0.05573261174584085	1.0022048506714773E-5	0.15404890759671275	0.0048206053317298055	1.0022048506714773E-5	1.1024253357386251E-4	1.0022048506714773E-5	0.002214872719983965	1.0022048506714773E-5	0.019853678091801965	1.0022048506714773E-5	1.1024253357386251E-4	9.120064141110442E-4	8.117859290438966E-4	0.0404990980156344	1.0022048506714773E-5	1.0022048506714773E-5	1.0022048506714773E-5	0.00331729805572259	0.001813990779715374	1.0022048506714773E-5	1.0022048506714773E-5	1.0022048506714773E-5	1.0022048506714773E-5	0.0013128883543796351	1.0022048506714773E-5	1.0022048506714773E-5	1.0022048506714773E-5	1.1024253357386251E-4	0.0024153136901182604	2.1046301864101024E-4	1.0022048506714773E-5	1.0022048506714773E-5	1.0022048506714773E-5	1.0022048506714773E-5	1.1024253357386251E-4	4.109039887753056E-4	1.0022048506714773E-5	0.001012226899178192	0.2921527360192423	1.0022048506714773E-5	0.13049709360593303	1.0022048506714773E-5
473	file:/data/Documents/UNAM/titulacion/codigo/analisis3/tema3/textos_a_id/2009_0645807.txt	0.24609885931558934	1.5209125475285172E-5	1.5209125475285172E-5	1.5209125475285172E-5	0.002448669201520913	3.193916349809886E-4	0.034692015209125474	1.5209125475285172E-5	1.5209125475285172E-5	0.06997718631178708	0.07408365019011408	0.052182509505703426	1.5209125475285172E-5	0.011117870722433459	1.5209125475285172E-5	7.756653992395437E-4	0.0010798479087452471	1.5209125475285172E-5	0.011574144486692015	1.5209125475285172E-5	0.26191634980988593	0.028304182509505702	1.5209125475285172E-5	1.673003802281369E-4	0.001688212927756654	0.005794676806083651	1.5209125475285172E-5	1.5209125475285172E-5	1.5209125475285172E-5	1.5209125475285172E-5	1.5209125475285172E-5	1.5209125475285172E-5	1.5209125475285172E-5	1.5209125475285172E-5	4.714828897338403E-4	1.5209125475285172E-5	0.18708745247148287	1.5209125475285172E-5	1.5209125475285172E-5	1.5209125475285172E-5	1.5209125475285172E-5	0.0026007604562737646	1.5209125475285172E-5	6.235741444866919E-4	7.756653992395437E-4	0.005794676806083651	1.5209125475285172E-5	1.5209125475285172E-5	1.5209125475285172E-5	1.5209125475285172E-5
474	file:/data/Documents/UNAM/titulacion/codigo/analisis3/tema3/textos_a_id/2012_0678191.txt	0.22925761995775074	1.0562317674278243E-4	0.005185595010562318	5.029675082989639E-6	5.029675082989639E-6	5.029675082989639E-6	0.049547329242530934	4.577004325520571E-4	5.532642591288603E-5	0.05226335378734533	0.04663011769439694	0.06629614726888643	5.029675082989639E-6	0.0031234282265365657	0.01298159138919626	0.021984709787747712	0.009662005834423096	2.0621667840257517E-4	0.006342420279649934	0.004280253495624183	0.23619857157227644	0.035615129262649634	5.029675082989639E-6	0.002268383462428327	5.029675082989639E-6	0.005336485263052007	0.007147168292928277	5.532642591288603E-5	0.0020168997082788452	5.532642591288603E-5	5.029675082989639E-6	5.029675082989639E-6	5.029675082989639E-6	0.15748415652348857	1.0562317674278243E-4	0.002469570465747913	0.003827582738155115	5.029675082989639E-6	5.029675082989639E-6	7.091841867015391E-4	9.103711900211247E-4	0.012176843375917916	5.029675082989639E-6	0.010969721356000403	0.0030731314757066696	0.0034252087315159436	5.029675082989639E-6	5.029675082989639E-6	0.007700432552057137	5.029675082989639E-6
475	file:/data/Documents/UNAM/titulacion/codigo/analisis3/tema3/textos_a_id/2016_0750760.txt	0.02357691289383108	0.0033227429176595183	0.004911305268731798	0.003719883505427588	1.3238019592268997E-5	1.3238019592268997E-5	0.05323007678051364	0.007823669579030978	1.3238019592268997E-5	0.08076515753243316	0.0852660841938046	0.005440826052422558	9.398993910510987E-4	0.06236431029917924	0.07573471008737093	1.3238019592268997E-5	0.011133174477098225	1.3238019592268997E-5	0.0021313211543553087	0.011397934868943605	0.04939105109875563	0.12114111728885359	1.3238019592268997E-5	1.4561821551495896E-4	0.0018665607625099284	0.016296002118083134	0.0035875033095048984	1.3238019592268997E-5	0.0034551231135822084	1.3238019592268997E-5	1.3238019592268997E-5	0.03535875033095049	1.3238019592268997E-5	1.3238019592268997E-5	1.3238019592268997E-5	1.3238019592268997E-5	1.3238019592268997E-5	1.3238019592268997E-5	0.008750330950489806	1.3238019592268997E-5	1.3238019592268997E-5	0.3146809637278263	1.3238019592268997E-5	1.3238019592268997E-5	1.3238019592268997E-5	0.007558909187185597	1.3238019592268997E-5	1.3238019592268997E-5	1.3238019592268997E-5	0.005705586444267938
476	file:/data/Documents/UNAM/titulacion/codigo/analisis3/tema3/textos_a_id/2020_0801014.txt	0.03377760853008378	1.2693577050012695E-5	0.003059152069053059	1.2693577050012695E-5	1.2693577050012695E-5	0.0055978674790555984	0.060561056105610564	5.204366590505204E-4	1.2693577050012695E-5	0.10701954810865702	0.14586189388169585	1.2693577050012695E-5	1.2693577050012695E-5	0.019306930693069307	0.017656765676567657	1.2693577050012695E-5	0.055610561056105616	1.2693577050012695E-5	1.2693577050012695E-5	0.012198527545062197	0.025907590759075907	0.2086951002792587	1.2693577050012695E-5	0.005470931708555471	0.04558263518659558	0.009405940594059406	1.2693577050012695E-5	1.2693577050012695E-5	1.2693577050012695E-5	1.2693577050012695E-5	1.2693577050012695E-5	1.2693577050012695E-5	1.2693577050012695E-5	1.3962934755013963E-4	1.2693577050012695E-5	1.2693577050012695E-5	1.2693577050012695E-5	0.23268596090378268	0.0011551155115511551	0.0025514089870525515	1.2693577050012695E-5	0.006232546331556232	1.2693577050012695E-5	1.2693577050012695E-5	1.2693577050012695E-5	1.2693577050012695E-5	1.2693577050012695E-5	6.473724295506473E-4	1.2693577050012695E-5	1.2693577050012695E-5
477	file:/data/Documents/UNAM/titulacion/codigo/analisis3/tema3/textos_a_id/2021_0811635.txt	0.006958616780045352	1.5589569160997735E-4	1.417233560090703E-5	1.417233560090703E-5	0.003698979591836735	1.417233560090703E-5	0.044798752834467125	0.017446145124716553	1.417233560090703E-5	0.13663548752834467	0.10715702947845805	0.0035572562358276646	0.012627551020408162	0.0114937641723356	0.025099206349206347	1.417233560090703E-5	0.015745464852607707	1.417233560090703E-5	0.014753401360544217	1.417233560090703E-5	0.02042233560090703	0.17348356009070293	0.35177154195011334	1.5589569160997735E-4	0.007667233560090703	0.03275226757369615	1.417233560090703E-5	1.5589569160997735E-4	1.417233560090703E-5	1.417233560090703E-5	1.417233560090703E-5	1.417233560090703E-5	4.393424036281179E-4	1.417233560090703E-5	1.417233560090703E-5	0.0015731292517006802	0.004124149659863946	1.417233560090703E-5	0.004974489795918367	4.393424036281179E-4	1.417233560090703E-5	1.417233560090703E-5	1.417233560090703E-5	1.417233560090703E-5	1.417233560090703E-5	1.5589569160997735E-4	0.00143140589569161	1.417233560090703E-5	1.417233560090703E-5	1.417233560090703E-5
478	file:/data/Documents/UNAM/titulacion/codigo/analisis3/tema3/textos_a_id/2015_0737594.txt	0.040958764388751276	1.4570887367040654E-5	0.012108407402010782	0.0046772548448200495	1.4570887367040654E-5	1.4570887367040654E-5	0.11352178347661374	0.018373888969838263	1.4570887367040654E-5	0.026096459274369807	0.19715867696342707	1.4570887367040654E-5	1.602797610374472E-4	0.08452571761620283	1.4570887367040654E-5	1.4570887367040654E-5	1.4570887367040654E-5	1.4570887367040654E-5	0.10448783330904853	1.602797610374472E-4	0.06033804458691534	0.0727232988488999	1.4570887367040654E-5	1.4570887367040654E-5	0.0038030016027976107	0.019976686580212732	1.4570887367040654E-5	1.4570887367040654E-5	1.4570887367040654E-5	0.040813055515080875	0.18375346058574965	1.4570887367040654E-5	7.431152557190732E-4	7.431152557190732E-4	0.0019087862450823255	1.4570887367040654E-5	1.4570887367040654E-5	1.4570887367040654E-5	1.602797610374472E-4	1.4570887367040654E-5	1.602797610374472E-4	0.005260090339501676	1.4570887367040654E-5	1.4570887367040654E-5	1.4570887367040654E-5	0.005988634707853708	1.4570887367040654E-5	0.0010345330030598864	1.4570887367040654E-5	1.4570887367040654E-5
479	file:/data/Documents/UNAM/titulacion/codigo/analisis3/tema3/textos_a_id/2016_0752780.txt	0.017332624867162593	1.0626992561105207E-5	1.0626992561105207E-5	1.0626992561105207E-5	1.0626992561105207E-5	1.0626992561105207E-5	0.08460148777895855	0.008087141339001062	1.0626992561105207E-5	0.07726886291179597	0.12179596174282677	1.0626992561105207E-5	1.0626992561105207E-5	0.3037300743889479	0.001179596174282678	2.2316684378320936E-4	0.006599362380446334	1.1689691817215728E-4	0.18396386822529223	1.0626992561105207E-5	0.03869287991498406	0.10436769394261425	1.0626992561105207E-5	1.1689691817215728E-4	1.0626992561105207E-5	0.01828905419766206	1.0626992561105207E-5	1.1689691817215728E-4	1.0626992561105207E-5	1.0626992561105207E-5	1.0626992561105207E-5	0.006068012752391073	1.0626992561105207E-5	1.0626992561105207E-5	0.0035175345377258236	2.2316684378320936E-4	1.0626992561105207E-5	1.0626992561105207E-5	3.294367693942614E-4	1.0626992561105207E-5	1.0626992561105207E-5	0.01467587672688629	1.0626992561105207E-5	1.0626992561105207E-5	1.0626992561105207E-5	2.2316684378320936E-4	1.1689691817215728E-4	0.008087141339001062	1.0626992561105207E-5	1.0626992561105207E-5
480	file:/data/Documents/UNAM/titulacion/codigo/analisis3/tema3/textos_a_id/2014_0716938.txt	0.022728395061728395	1.234567901234568E-5	1.234567901234568E-5	1.234567901234568E-5	1.234567901234568E-5	0.03260493827160494	0.09569135802469136	1.234567901234568E-5	1.3580246913580247E-4	0.12914814814814812	0.0255679012345679	1.234567901234568E-5	1.234567901234568E-5	1.234567901234568E-5	0.0655679012345679	1.234567901234568E-5	0.1295185185185185	0.3164320987654321	0.001	5.061728395061728E-4	0.0011234567901234568	0.15914814814814815	1.234567901234568E-5	1.234567901234568E-5	1.234567901234568E-5	0.01519753086419753	1.234567901234568E-5	1.234567901234568E-5	1.234567901234568E-5	1.234567901234568E-5	1.234567901234568E-5	1.234567901234568E-5	1.234567901234568E-5	8.765432098765431E-4	1.234567901234568E-5	1.234567901234568E-5	1.234567901234568E-5	1.3580246913580247E-4	3.827160493827161E-4	1.234567901234568E-5	1.234567901234568E-5	1.234567901234568E-5	0.003592592592592593	1.234567901234568E-5	1.234567901234568E-5	1.234567901234568E-5	1.234567901234568E-5	1.234567901234568E-5	2.5925925925925926E-4	1.234567901234568E-5
481	file:/data/Documents/UNAM/titulacion/codigo/analisis3/tema3/textos_a_id/2019_0799805.txt	0.01639708214398985	0.0033935934031081513	1.057194206575748E-5	1.057194206575748E-5	0.00889100327730204	1.1629136272333229E-4	0.04187546252246538	5.391690453536314E-4	1.057194206575748E-5	0.0946294534305952	0.15235225710963102	0.0011734855692990803	0.017982873453853472	0.03891531874405328	0.0014906438312718047	0.01681995982662015	0.02866053494026853	1.057194206575748E-5	0.017348556929908023	0.003076435141135427	0.02231736970081404	0.13681150227296754	0.00804524791204144	0.326895020615287	0.013225499524262607	0.01861718997779892	1.057194206575748E-5	9.620467279839307E-4	1.057194206575748E-5	4.3344962469605663E-4	1.057194206575748E-5	0.0031821545617930014	1.057194206575748E-5	1.057194206575748E-5	1.057194206575748E-5	1.057194206575748E-5	0.004873665292314198	1.1629136272333229E-4	1.057194206575748E-5	3.277302040384819E-4	1.057194206575748E-5	0.012696902420974732	1.057194206575748E-5	1.057194206575748E-5	1.057194206575748E-5	0.0013849244106142297	1.057194206575748E-5	0.004556507030341474	1.057194206575748E-5	0.0017020826725869544
482	file:/data/Documents/UNAM/titulacion/codigo/analisis3/tema3/textos_a_id/2017_0767560.txt	0.08296729721064443	4.889387624238537E-4	0.021569413273485095	8.816928502725233E-5	8.01538954793203E-6	0.015237255530618788	0.06004328310355884	0.008664636101314523	8.01538954793203E-6	0.11350593138826547	0.08609329913433793	0.005618788073100353	0.00209201667201026	8.01538954793203E-6	0.15205995511381853	8.01538954793203E-6	0.036237576146200705	0.0012103238217377364	0.039283424174414876	8.01538954793203E-6	0.01868387303622956	0.07952067970503367	4.889387624238537E-4	8.01538954793203E-6	8.01538954793203E-6	0.01042802180185957	8.816928502725233E-5	8.01538954793203E-6	0.2221946136582238	8.01538954793203E-6	0.001851554985572299	0.0024927861494068613	8.01538954793203E-6	8.01538954793203E-6	8.01538954793203E-6	8.01538954793203E-6	0.01323340814363578	8.01538954793203E-6	0.0014507855081756975	8.01538954793203E-6	0.00481724911830715	0.003935556268034626	0.001290477717217057	0.0045767874318691885	8.01538954793203E-6	1.6832318050657261E-4	0.009386021160628406	8.01538954793203E-6	8.01538954793203E-6	8.816928502725233E-5
483	file:/data/Documents/UNAM/titulacion/codigo/analisis3/tema3/textos_a_id/2013_0705006.txt	0.0626497330062058	0.0010246788858421128	1.5875306682060905E-4	1.4432096983691731E-5	1.4432096983691731E-5	0.05961899263963054	0.052547265117621596	1.4432096983691731E-5	1.4432096983691731E-5	0.08473084139125416	0.17392120075046902	1.5875306682060905E-4	0.005642949920623467	0.005787270890460384	0.03291961321980084	1.4432096983691731E-5	0.00333381440323279	1.4432096983691731E-5	0.023827392120075046	1.4432096983691731E-5	0.004055419252417376	0.12398614518689566	0.002900851493722038	1.4432096983691731E-5	4.4739500649444366E-4	0.012858998412469331	1.4432096983691731E-5	1.4432096983691731E-5	1.4432096983691731E-5	1.4432096983691731E-5	5.917159763313608E-4	1.5875306682060905E-4	1.4432096983691731E-5	1.4432096983691731E-5	0.007230480588829557	1.4432096983691731E-5	1.4432096983691731E-5	1.4432096983691731E-5	0.005209987011112715	3.0307403665752637E-4	1.4432096983691731E-5	0.0013133208255159475	0.32444797229037375	1.4432096983691731E-5	1.4432096983691731E-5	0.0041997402222542935	0.005065666041275798	5.917159763313608E-4	1.4432096983691731E-5	1.4432096983691731E-5
484	file:/data/Documents/UNAM/titulacion/codigo/analisis3/tema3/textos_a_id/2009_0644116.txt	0.03498677248677249	7.348618459729571E-6	7.348618459729571E-6	2.278071722516167E-4	7.348618459729571E-6	7.348618459729571E-6	0.08591269841269841	8.083480305702529E-5	7.348618459729571E-6	0.07070105820105821	0.12052469135802468	7.348618459729571E-6	7.348618459729571E-6	0.03689741328630218	0.005518812463256907	0.002726337448559671	7.348618459729571E-6	3.7477954144620807E-4	0.006547619047619047	7.348618459729571E-6	0.02550705467372134	0.07871105232216342	3.012933568489124E-4	7.348618459729571E-6	0.002358906525573192	0.00478395061728395	7.348618459729571E-6	3.012933568489124E-4	7.348618459729571E-6	1.5432098765432098E-4	3.012933568489124E-4	0.4717886537330982	7.348618459729571E-6	7.348618459729571E-6	7.348618459729571E-6	7.348618459729571E-6	7.348618459729571E-6	7.348618459729571E-6	7.348618459729571E-6	7.348618459729571E-6	7.348618459729571E-6	0.04049823633156967	7.348618459729571E-6	3.012933568489124E-4	7.348618459729571E-6	0.010295414462081128	7.348618459729571E-6	7.348618459729571E-6	7.348618459729571E-6	7.348618459729571E-6
485	file:/data/Documents/UNAM/titulacion/codigo/analisis3/tema3/textos_a_id/2023_0840472.txt	0.06642962565409902	0.0024285522608345636	1.4759157386287403E-4	1.341741580571582E-5	0.008600563531463839	1.341741580571582E-5	0.0398631423587817	0.006453777002549309	1.341741580571582E-5	0.06871058634107072	0.11902589561250504	1.341741580571582E-5	9.526365222058232E-4	1.341741580571582E-5	1.341741580571582E-5	1.341741580571582E-5	0.008063866899235208	0.0012209848383201395	0.4535220716490004	1.341741580571582E-5	0.024567288340265662	0.13043069904736349	9.526365222058232E-4	1.4759157386287403E-4	0.002294378102777405	0.009808130953978263	1.341741580571582E-5	5.501140480343485E-4	1.341741580571582E-5	0.015040923118207433	8.184623641486649E-4	1.341741580571582E-5	1.341741580571582E-5	0.0010868106802629813	2.817657319200322E-4	0.0016235073124916141	1.341741580571582E-5	1.341741580571582E-5	1.341741580571582E-5	1.341741580571582E-5	0.02805581644975178	1.341741580571582E-5	1.341741580571582E-5	1.341741580571582E-5	1.4759157386287403E-4	1.341741580571582E-5	1.341741580571582E-5	0.008466389373406682	1.341741580571582E-5	1.341741580571582E-5
486	file:/data/Documents/UNAM/titulacion/codigo/analisis3/tema3/textos_a_id/2014_0723182.txt	0.06469438521677329	1.9545131485429994E-4	3.7313432835820896E-4	0.002505330490405117	0.2756041222459133	1.7768301350390903E-5	0.05474413646055438	0.002149964463397299	1.7768301350390903E-5	0.1201314854299929	0.10414001421464109	1.7768301350390903E-5	0.02595948827292111	0.002683013503909026	0.04710376687988629	1.7768301350390903E-5	0.046037668798862834	1.7768301350390903E-5	1.7768301350390903E-5	1.7768301350390903E-5	0.0513681592039801	0.1476723525230988	0.001083866382373845	0.002505330490405117	0.002683013503909026	0.020806680881307747	1.7768301350390903E-5	1.7768301350390903E-5	0.002327647476901208	0.001794598436389481	1.9545131485429994E-4	1.7768301350390903E-5	1.7768301350390903E-5	1.7768301350390903E-5	1.7768301350390903E-5	1.9545131485429994E-4	1.7768301350390903E-5	1.7768301350390903E-5	0.006414356787491116	1.7768301350390903E-5	0.010145700071073205	1.7768301350390903E-5	1.7768301350390903E-5	1.7768301350390903E-5	0.002327647476901208	1.7768301350390903E-5	0.0032160625444207537	5.50817341862118E-4	1.7768301350390903E-5	1.7768301350390903E-5
487	file:/data/Documents/UNAM/titulacion/codigo/analisis3/tema3/textos_a_id/2016_0753223.txt	0.07970666912646435	0.1963010792362328	0.003791163176828706	9.224241306152569E-6	0.0024997693939673464	0.0024075269809058207	0.05535467207822157	9.224241306152569E-6	9.224241306152569E-6	0.09584909141223133	0.04078037081450051	0.004898072133567014	9.224241306152569E-6	0.033677705008763034	0.026575039203025553	0.003514435937644129	0.12960981459274973	9.224241306152569E-6	9.224241306152569E-6	0.0015773452633520894	0.04225624942348492	0.10701042339267594	0.0012083756111059866	9.224241306152569E-6	1.9370906742920396E-4	0.0687298219721428	9.224241306152569E-6	0.0027764966331519235	9.316483719214094E-4	9.224241306152569E-6	0.016428373766257724	0.0015773452633520894	9.224241306152569E-6	9.224241306152569E-6	9.224241306152569E-6	9.224241306152569E-6	9.224241306152569E-6	9.224241306152569E-6	0.06522461027580481	8.394059588598837E-4	9.224241306152569E-6	0.007296374873166682	9.224241306152569E-6	0.007388617286228207	0.001300618024167512	9.224241306152569E-6	9.224241306152569E-6	9.224241306152569E-6	9.224241306152569E-6	1.0146665436767827E-4
488	file:/data/Documents/UNAM/titulacion/codigo/analisis3/tema3/textos_a_id/2013_0703934.txt	0.11523532593995131	2.0962942926697323E-4	6.76223965377333E-6	7.438463619150663E-5	6.76223965377333E-6	1.4200703272923993E-4	0.020699215580200162	0.0037259940492291046	6.76223965377333E-6	0.18840275899377873	0.062354611847443876	0.2433797673789559	0.002576413308087639	0.009744387341087369	0.0116378144441439	0.0019001893427103057	0.010150121720313767	6.76223965377333E-6	0.0126521503922099	6.76223965377333E-6	0.1641263186367325	0.10570056802813091	0.006633757100351636	4.8011901541790636E-4	6.76223965377333E-6	0.018061942115228564	6.76223965377333E-6	6.76223965377333E-6	6.76223965377333E-6	6.76223965377333E-6	0.0059575331349743035	2.0962942926697323E-4	6.76223965377333E-6	1.4200703272923993E-4	6.76223965377333E-6	0.007918582634568568	6.829862050311063E-4	6.76223965377333E-6	5.477414119556397E-4	6.76223965377333E-6	6.76223965377333E-6	6.76223965377333E-6	0.002170678928861239	6.76223965377333E-6	6.76223965377333E-6	0.0014268325669461726	0.0014268325669461726	0.001494454963483906	6.76223965377333E-6	6.76223965377333E-6
489	file:/data/Documents/UNAM/titulacion/codigo/analisis3/tema3/textos_a_id/2006_0612272.txt	0.10213030187237293	0.0043083683607183796	9.552923194497517E-6	9.552923194497517E-6	1.0508215513947269E-4	0.06974589224302637	0.10442300343905234	9.552923194497517E-6	9.552923194497517E-6	0.08206916316392816	0.07671952617500956	9.552923194497517E-6	9.552923194497517E-6	9.552923194497517E-6	0.03344478410393581	0.0015380206343141003	0.0438574703859381	0.005263660680168132	0.3454432556362247	9.552923194497517E-6	0.006983186855177684	0.09057126480703095	9.552923194497517E-6	4.871990829193733E-4	2.96140619029423E-4	0.008320596102407336	9.552923194497517E-6	3.9166985097439813E-4	9.552923194497517E-6	9.552923194497517E-6	1.0508215513947269E-4	0.009753534581581964	9.552923194497517E-6	0.002397783721818877	9.552923194497517E-6	9.552923194497517E-6	9.552923194497517E-6	9.552923194497517E-6	0.003639663737103554	9.552923194497517E-6	2.96140619029423E-4	0.0011559037065341994	4.871990829193733E-4	7.737867787542988E-4	9.552923194497517E-6	9.552923194497517E-6	9.552923194497517E-6	0.004881543752388231	1.0508215513947269E-4	1.0508215513947269E-4
490	file:/data/Documents/UNAM/titulacion/codigo/analisis3/tema3/textos_a_id/2012_0702670.txt	0.03712034711121261	0.042258506508335236	0.012685544644896095	1.1418131993605847E-5	1.2559945192966432E-4	0.02261931947933318	0.00640557204841288	0.005263758849052295	1.1418131993605847E-5	0.11727563370632564	0.06395295729618634	0.3400433889015757	1.1418131993605847E-5	1.1418131993605847E-5	1.1418131993605847E-5	1.1418131993605847E-5	0.005263758849052295	0.0011532313313541904	0.014740808403745146	1.2559945192966432E-4	0.2441310801552866	0.04865266042475451	1.1418131993605847E-5	1.1418131993605847E-5	0.0018383192509705414	0.011429550125599451	1.1418131993605847E-5	6.965060516099566E-4	0.0017241379310344827	0.0030943137702671842	1.1418131993605847E-5	1.1418131993605847E-5	1.1418131993605847E-5	0.008232473167389814	1.1418131993605847E-5	0.009716830326558575	1.1418131993605847E-5	1.1418131993605847E-5	1.1418131993605847E-5	1.1418131993605847E-5	3.539620918017812E-4	1.1418131993605847E-5	3.539620918017812E-4	1.1418131993605847E-5	4.6814341173783964E-4	1.1418131993605847E-5	1.1418131993605847E-5	1.1418131993605847E-5	1.1418131993605847E-5	1.1418131993605847E-5
491	file:/data/Documents/UNAM/titulacion/codigo/analisis3/tema3/textos_a_id/2007_0626526.txt	0.022536753206130748	1.7203628401626526E-4	1.7203628401626526E-4	1.563966218329684E-5	1.563966218329684E-5	0.004238348451673444	0.02441351266812637	1.563966218329684E-5	1.563966218329684E-5	0.09870190803878637	0.08509540193931811	0.08353143572098844	1.563966218329684E-5	0.011588989677822958	0.010963403190491085	0.019878010634970283	0.004238348451673444	1.7203628401626526E-4	1.7203628401626526E-4	0.12560212699405693	0.37255239286831404	0.07962152017516422	1.563966218329684E-5	0.006271504535502033	1.563966218329684E-5	0.03739443228026275	1.563966218329684E-5	1.563966218329684E-5	1.563966218329684E-5	1.563966218329684E-5	1.7203628401626526E-4	1.563966218329684E-5	1.563966218329684E-5	1.563966218329684E-5	1.563966218329684E-5	1.563966218329684E-5	1.563966218329684E-5	1.563966218329684E-5	1.563966218329684E-5	1.563966218329684E-5	1.563966218329684E-5	1.563966218329684E-5	1.563966218329684E-5	1.563966218329684E-5	0.0015796058805129809	0.007366280888332812	0.0031435720988426652	1.563966218329684E-5	1.563966218329684E-5	1.563966218329684E-5
